{"type":"FeatureCollection","metadata":{"title":"Wer lebt in der Hitze? — LOR-Basisdatensatz","sources":{"lor":"Geoportal Berlin / Lebensweltlich orientierte Räume (LOR) 01.01.2021, WFS lor_2021","mss":"SenStadt / Monitoring Soziale Stadtentwicklung 2025, WFS mss_2025 (Datenstand 2024-12)","heat":"SenStadt / Klimamodell Berlin: Klimaanalysekarten 2022, WFS ua_klimaanalyse_2022 (PET 14 Uhr, Lufttemperatur 4 Uhr; flächengewichtetes Mittel je LOR)","canopy":"SenStadt / Vegetationshöhen 2020 (Umweltatlas), 1×1m-Raster; Baumkronen = Vegetation ≥ 4 m, Anteil an der LOR-Gesamtfläche"},"license":"Datenlizenz Deutschland – Namensnennung – Version 2.0","generated":"2026-06-15"},"features":[{"type":"Feature","geometry":{"type":"Polygon","coordinates":[[[13.3476783,52.50726623],[13.34369617,52.50836696],[13.34336936,52.50790741],[13.34394946,52.50643034],[13.33888795,52.50542592],[13.33906755,52.50507426],[13.34150054,52.50494121],[13.34923239,52.5030727],[13.35033716,52.50387113],[13.35159579,52.50576137],[13.35256869,52.50562286],[13.3525203,52.50660633],[13.35158938,52.50976374],[13.34978108,52.50935604],[13.34885957,52.50948325],[13.34890813,52.50969076],[13.34642678,52.50993108],[13.34599262,52.5081464],[13.34807639,52.5074359],[13.3476783,52.50726623]]]},"properties":{"plr_id":"01100101","plr_name":"Stülerstraße","bzr_name":"Tiergarten Süd","pgr_name":"Zentrum","bez_id":"01","bez_name":"Mitte","ew":3580,"mss_status_index":2,"mss_status_class":"mittel","mss_valid":true,"pet14h":35.29,"t2m04h":18.73,"canopy_pct":17.5,"veg_pct":28.7}},{"type":"Feature","geometry":{"type":"Polygon","coordinates":[[[13.3622798,52.50559303],[13.36648849,52.50597304],[13.36892786,52.50581797],[13.37212014,52.5046829],[13.37324218,52.50376615],[13.37360621,52.50416341],[13.37439851,52.50338947],[13.37497719,52.50337775],[13.37764912,52.50796754],[13.37658635,52.50888361],[13.3763307,52.5099965],[13.37737215,52.51562965],[13.37661689,52.51587085],[13.37644208,52.51637776],[13.37708434,52.51683173],[13.3767539,52.51762708],[13.37686212,52.51963694],[13.37622811,52.52015039],[13.37592853,52.52121739],[13.37540509,52.52181062],[13.37320171,52.52270755],[13.37063258,52.52263114],[13.36962258,52.52222051],[13.36724404,52.52035984],[13.36514942,52.51958915],[13.36240879,52.5189511],[13.35982629,52.51757161],[13.35717256,52.51707894],[13.35491518,52.5172809],[13.35030218,52.51965321],[13.34829122,52.51971151],[13.34734078,52.51909908],[13.34745076,52.51822657],[13.34722273,52.51780753],[13.3453658,52.51763413],[13.34456592,52.51664643],[13.34562479,52.51619632],[13.34524534,52.51596492],[13.34403931,52.51599143],[13.34407943,52.51575545],[13.34321743,52.5155653],[13.3392514,52.51531399],[13.33883295,52.51549338],[13.33805707,52.51476807],[13.33809148,52.51392679],[13.336014,52.51378565],[13.33585376,52.51329343],[13.33055856,52.51283069],[13.33119442,52.51230693],[13.33402728,52.51171591],[13.33275553,52.51097002],[13.3300433,52.51007547],[13.3346296,52.50878165],[13.33484277,52.50815942],[13.33374986,52.5067214],[13.33573532,52.50579937],[13.33863773,52.50592003],[13.33888795,52.50542592],[13.34394946,52.50643034],[13.34336936,52.50790741],[13.34369617,52.50836696],[13.34732362,52.50733664],[13.34807639,52.5074359],[13.34599262,52.5081464],[13.34642678,52.50993108],[13.34890813,52.50969076],[13.34885957,52.50948325],[13.34978108,52.50935604],[13.35158938,52.50976374],[13.3525203,52.50660633],[13.35257093,52.50561382],[13.35750816,52.50658153],[13.3622798,52.50559303]]]},"properties":{"plr_id":"01100102","plr_name":"Großer Tiergarten","bzr_name":"Tiergarten Süd","pgr_name":"Zentrum","bez_id":"01","bez_name":"Mitte","ew":2034,"mss_status_index":1,"mss_status_class":"hoch","mss_valid":true,"pet14h":30.46,"t2m04h":17.7,"canopy_pct":45.6,"veg_pct":65.7}},{"type":"Feature","geometry":{"type":"Polygon","coordinates":[[[13.3622798,52.50559303],[13.35755257,52.5065811],[13.35305689,52.50563756],[13.35159579,52.50576137],[13.35033716,52.50387113],[13.34923239,52.5030727],[13.35751904,52.50110489],[13.36253754,52.49966273],[13.36795875,52.50592664],[13.3622798,52.50559303]]]},"properties":{"plr_id":"01100103","plr_name":"Lützowstraße","bzr_name":"Tiergarten Süd","pgr_name":"Zentrum","bez_id":"01","bez_name":"Mitte","ew":5790,"mss_status_index":2,"mss_status_class":"mittel","mss_valid":true,"pet14h":35.89,"t2m04h":18.51,"canopy_pct":18.9,"veg_pct":32.8}},{"type":"Feature","geometry":{"type":"Polygon","coordinates":[[[13.36795875,52.50592664],[13.36280923,52.50014493],[13.36253754,52.49966273],[13.36935601,52.49873659],[13.37083537,52.49988498],[13.37138249,52.50157342],[13.37331281,52.50375351],[13.37236589,52.50455215],[13.37098715,52.50519163],[13.36947261,52.50571869],[13.36795875,52.50592664]]]},"properties":{"plr_id":"01100104","plr_name":"Körnerstraße","bzr_name":"Tiergarten Süd","pgr_name":"Zentrum","bez_id":"01","bez_name":"Mitte","ew":4889,"mss_status_index":2,"mss_status_class":"mittel","mss_valid":true,"pet14h":36.7,"t2m04h":18.9,"canopy_pct":15.9,"veg_pct":26.7}},{"type":"Feature","geometry":{"type":"Polygon","coordinates":[[[13.3887453,52.5090402],[13.38691079,52.51094837],[13.38679349,52.51183596],[13.38594698,52.51176059],[13.38480621,52.5138401],[13.3843442,52.5152384],[13.38170124,52.51506333],[13.38109237,52.51622089],[13.37650011,52.51601625],[13.37737215,52.51562965],[13.3763307,52.5099965],[13.37651599,52.50904016],[13.37893813,52.50693048],[13.39020648,52.50758676],[13.39006631,52.50819145],[13.3887453,52.5090402]]]},"properties":{"plr_id":"01100205","plr_name":"Wilhelmstraße","bzr_name":"Regierungsviertel","pgr_name":"Zentrum","bez_id":"01","bez_name":"Mitte","ew":2917,"mss_status_index":2,"mss_status_class":"mittel","mss_valid":true,"pet14h":37.58,"t2m04h":18.76,"canopy_pct":7.1,"veg_pct":17.0}},{"type":"Feature","geometry":{"type":"Polygon","coordinates":[[[13.38010772,52.51896439],[13.37839994,52.51910553],[13.37686212,52.51963694],[13.3767539,52.51762708],[13.37708434,52.51683173],[13.37648787,52.51649292],[13.37650011,52.51601625],[13.38109237,52.51622089],[13.38170124,52.51506333],[13.3843442,52.5152384],[13.38480621,52.5138401],[13.38594698,52.51176059],[13.39670179,52.51245957],[13.39733932,52.51310236],[13.3968208,52.51533837],[13.39939893,52.51584983],[13.4008261,52.51641921],[13.40134213,52.51609475],[13.40377473,52.51708438],[13.40127653,52.51955597],[13.39866839,52.5212948],[13.39385576,52.5221861],[13.39342792,52.52187813],[13.39176057,52.5221719],[13.38847581,52.52202119],[13.38511663,52.52016293],[13.38214146,52.51926734],[13.38010772,52.51896439]]]},"properties":{"plr_id":"01100206","plr_name":"Unter den Linden","bzr_name":"Regierungsviertel","pgr_name":"Zentrum","bez_id":"01","bez_name":"Mitte","ew":1876,"mss_status_index":2,"mss_status_class":"mittel","mss_valid":true,"pet14h":37.26,"t2m04h":19.26,"canopy_pct":5.2,"veg_pct":9.2}},{"type":"Feature","geometry":{"type":"Polygon","coordinates":[[[13.38691079,52.51094837],[13.3887453,52.5090402],[13.39006631,52.50819145],[13.39020648,52.50758676],[13.39923152,52.50807714],[13.40022883,52.50938111],[13.40382017,52.50809297],[13.40595312,52.51011037],[13.40597662,52.51149205],[13.40234636,52.51138542],[13.40692881,52.51469396],[13.40555105,52.5152843],[13.40377473,52.51708438],[13.40134213,52.51609475],[13.4008261,52.51641921],[13.39939893,52.51584983],[13.3968208,52.51533837],[13.39733932,52.51310236],[13.39670179,52.51245957],[13.38679349,52.51183596],[13.38691079,52.51094837]]]},"properties":{"plr_id":"01100207","plr_name":"Leipziger Straße","bzr_name":"Regierungsviertel","pgr_name":"Zentrum","bez_id":"01","bez_name":"Mitte","ew":8844,"mss_status_index":2,"mss_status_class":"mittel","mss_valid":true,"pet14h":37.45,"t2m04h":19.18,"canopy_pct":8.5,"veg_pct":13.8}},{"type":"Feature","geometry":{"type":"Polygon","coordinates":[[[13.37357458,52.52788425],[13.37384075,52.5270382],[13.37341497,52.5265234],[13.37104388,52.52648745],[13.37103367,52.52524401],[13.37175942,52.52480296],[13.37169253,52.5227865],[13.37361438,52.52261985],[13.37531663,52.52187094],[13.37591671,52.52123957],[13.37627025,52.52009319],[13.37730394,52.51943236],[13.3794989,52.51896878],[13.38183705,52.51919607],[13.38512412,52.520166],[13.38826033,52.52194853],[13.38737933,52.52733084],[13.37492585,52.5373259],[13.37454615,52.53703316],[13.37298219,52.53803727],[13.36860667,52.53599031],[13.36788326,52.53662127],[13.36578748,52.53576662],[13.3693704,52.53244426],[13.37105629,52.53027434],[13.37357458,52.52788425]]]},"properties":{"plr_id":"01100308","plr_name":"Charitéviertel","bzr_name":"Alexanderplatz","pgr_name":"Zentrum","bez_id":"01","bez_name":"Mitte","ew":7297,"mss_status_index":1,"mss_status_class":"hoch","mss_valid":true,"pet14h":36.98,"t2m04h":18.52,"canopy_pct":9.5,"veg_pct":22.1}},{"type":"Feature","geometry":{"type":"Polygon","coordinates":[[[13.40071583,52.52248348],[13.40539143,52.52339595],[13.4072158,52.52333129],[13.40799231,52.52440268],[13.40646072,52.52486437],[13.40971433,52.52888681],[13.40362802,52.52999851],[13.40121161,52.5300167],[13.40075404,52.5297354],[13.39735801,52.52952571],[13.38737933,52.52733084],[13.38729303,52.52703971],[13.38826033,52.52194853],[13.39148316,52.52217794],[13.39342792,52.52187813],[13.39385576,52.5221861],[13.39631114,52.52184012],[13.39792819,52.52231398],[13.40071583,52.52248348]]]},"properties":{"plr_id":"01100309","plr_name":"Oranienburger Straße","bzr_name":"Alexanderplatz","pgr_name":"Zentrum","bez_id":"01","bez_name":"Mitte","ew":12651,"mss_status_index":2,"mss_status_class":"mittel","mss_valid":true,"pet14h":36.91,"t2m04h":18.91,"canopy_pct":12.0,"veg_pct":20.7}},{"type":"Feature","geometry":{"type":"Polygon","coordinates":[[[13.40539143,52.52339595],[13.40071583,52.52248348],[13.39792819,52.52231398],[13.39631114,52.52184012],[13.39866839,52.5212948],[13.40078816,52.51992625],[13.40392329,52.51675743],[13.40630836,52.51486971],[13.41036764,52.51414423],[13.41083249,52.51393638],[13.41048594,52.5136484],[13.41104052,52.51336954],[13.41458019,52.51442558],[13.41658358,52.51432313],[13.41798074,52.51395083],[13.41819474,52.51482944],[13.41743626,52.51540161],[13.41575149,52.5174554],[13.41493713,52.51900563],[13.41398154,52.51978082],[13.41533442,52.52043779],[13.41782162,52.52249453],[13.42007352,52.52451669],[13.42050114,52.52525002],[13.41543166,52.5274631],[13.40971433,52.52888681],[13.40646072,52.52486437],[13.40799231,52.52440268],[13.4072158,52.52333129],[13.40539143,52.52339595]]]},"properties":{"plr_id":"01100310","plr_name":"Alexanderplatzviertel","bzr_name":"Alexanderplatz","pgr_name":"Zentrum","bez_id":"01","bez_name":"Mitte","ew":10181,"mss_status_index":2,"mss_status_class":"mittel","mss_valid":true,"pet14h":37.19,"t2m04h":19.1,"canopy_pct":8.8,"veg_pct":14.5}},{"type":"Feature","geometry":{"type":"Polygon","coordinates":[[[13.42592688,52.51839176],[13.42691657,52.51974411],[13.42840138,52.51958592],[13.42918145,52.52122407],[13.42554788,52.52279098],[13.42652132,52.52293911],[13.42650191,52.52329127],[13.42424607,52.523796],[13.42050114,52.52525002],[13.42007352,52.52451669],[13.41782162,52.52249453],[13.41533442,52.52043779],[13.41398154,52.51978082],[13.41493713,52.51900563],[13.41575149,52.5174554],[13.41743626,52.51540161],[13.41819474,52.51482944],[13.41798074,52.51395083],[13.42278176,52.51223986],[13.42509613,52.51506996],[13.42675409,52.5179592],[13.42615123,52.51806863],[13.42630537,52.51828906],[13.42592688,52.51839176]]]},"properties":{"plr_id":"01100311","plr_name":"Karl-Marx-Allee","bzr_name":"Alexanderplatz","pgr_name":"Zentrum","bez_id":"01","bez_name":"Mitte","ew":9787,"mss_status_index":2,"mss_status_class":"mittel","mss_valid":true,"pet14h":35.57,"t2m04h":18.32,"canopy_pct":22.9,"veg_pct":36.4}},{"type":"Feature","geometry":{"type":"Polygon","coordinates":[[[13.40234424,52.51135131],[13.40597662,52.51149205],[13.40595312,52.51011037],[13.40382017,52.50809297],[13.40443424,52.50777475],[13.4052848,52.50821066],[13.40802944,52.50618022],[13.40997081,52.50692573],[13.41152095,52.5048913],[13.4118101,52.50479208],[13.41653546,52.51083234],[13.41798074,52.51395083],[13.41658358,52.51432313],[13.41458019,52.51442558],[13.41104052,52.51336954],[13.41048594,52.5136484],[13.41083249,52.51393638],[13.41036764,52.51414423],[13.40692881,52.51469396],[13.40234424,52.51135131]]]},"properties":{"plr_id":"01100312","plr_name":"Heine-Viertel West","bzr_name":"Alexanderplatz","pgr_name":"Zentrum","bez_id":"01","bez_name":"Mitte","ew":10727,"mss_status_index":2,"mss_status_class":"mittel","mss_valid":true,"pet14h":35.71,"t2m04h":18.36,"canopy_pct":21.4,"veg_pct":37.2}},{"type":"Feature","geometry":{"type":"Polygon","coordinates":[[[13.4118101,52.50479208],[13.41407283,52.50403797],[13.41490921,52.50491637],[13.41760145,52.50417016],[13.41821331,52.50501795],[13.41894283,52.50506012],[13.41943091,52.50564915],[13.42181098,52.50504264],[13.42495059,52.50517979],[13.42670885,52.50579863],[13.4272003,52.5056661],[13.42940228,52.50857225],[13.42912626,52.5089019],[13.42837272,52.50907091],[13.42318402,52.5120803],[13.41798074,52.51395083],[13.41653546,52.51083234],[13.4118101,52.50479208]]]},"properties":{"plr_id":"01100313","plr_name":"Heine-Viertel Ost","bzr_name":"Alexanderplatz","pgr_name":"Zentrum","bez_id":"01","bez_name":"Mitte","ew":11590,"mss_status_index":2,"mss_status_class":"mittel","mss_valid":true,"pet14h":35.54,"t2m04h":18.4,"canopy_pct":17.8,"veg_pct":32.9}},{"type":"Feature","geometry":{"type":"Polygon","coordinates":[[[13.37951346,52.54010422],[13.37492585,52.5373259],[13.38242299,52.53126237],[13.38755848,52.53326809],[13.37951346,52.54010422]]]},"properties":{"plr_id":"01100414","plr_name":"Nordbahnhof","bzr_name":"Brunnenstraße Süd","pgr_name":"Zentrum","bez_id":"01","bez_name":"Mitte","ew":5513,"mss_status_index":1,"mss_status_class":"hoch","mss_valid":true,"pet14h":35.99,"t2m04h":17.58,"canopy_pct":17.6,"veg_pct":45.8}},{"type":"Feature","geometry":{"type":"Polygon","coordinates":[[[13.39586276,52.5380877],[13.39322577,52.53726283],[13.39014939,52.5353569],[13.3878759,52.53341221],[13.38242299,52.53126237],[13.38737933,52.52733084],[13.39735801,52.52952571],[13.40075404,52.5297354],[13.40121161,52.5300167],[13.39917472,52.53239293],[13.39909393,52.53274708],[13.39862053,52.53264996],[13.39731987,52.53619406],[13.39586276,52.5380877]]]},"properties":{"plr_id":"01100415","plr_name":"Invalidenstraße","bzr_name":"Brunnenstraße Süd","pgr_name":"Zentrum","bez_id":"01","bez_name":"Mitte","ew":13348,"mss_status_index":1,"mss_status_class":"hoch","mss_valid":true,"pet14h":35.94,"t2m04h":18.33,"canopy_pct":17.2,"veg_pct":34.8}},{"type":"Feature","geometry":{"type":"Polygon","coordinates":[[[13.39909393,52.53274708],[13.39917472,52.53239293],[13.40121161,52.5300167],[13.40362802,52.52999851],[13.40558574,52.52966502],[13.40608642,52.53060514],[13.40642591,52.53234705],[13.40834986,52.53434795],[13.40748616,52.53468983],[13.40470455,52.54018775],[13.40419076,52.5404013],[13.39586276,52.5380877],[13.39731987,52.53619406],[13.39862053,52.53264996],[13.39909393,52.53274708]]]},"properties":{"plr_id":"01100416","plr_name":"Arkonaplatz","bzr_name":"Brunnenstraße Süd","pgr_name":"Zentrum","bez_id":"01","bez_name":"Mitte","ew":13523,"mss_status_index":1,"mss_status_class":"hoch","mss_valid":true,"pet14h":35.68,"t2m04h":18.66,"canopy_pct":21.3,"veg_pct":33.8}},{"type":"Feature","geometry":{"type":"Polygon","coordinates":[[[13.3286804,52.52253249],[13.32932671,52.52279182],[13.32915909,52.52293727],[13.32955424,52.52394805],[13.32382671,52.5255688],[13.32472584,52.52796583],[13.32463401,52.53213436],[13.32875668,52.53283848],[13.32874695,52.53307884],[13.33190357,52.53286981],[13.335622,52.53322554],[13.33958819,52.53408175],[13.35654482,52.53598592],[13.35669827,52.53578947],[13.36086088,52.53782312],[13.35447805,52.5394469],[13.35268146,52.53944124],[13.3489824,52.53871491],[13.346939,52.53864637],[13.33942878,52.53966782],[13.3336136,52.54115818],[13.3288344,52.54102786],[13.32731343,52.54131299],[13.32719119,52.53964622],[13.32913448,52.53823053],[13.3114129,52.53561432],[13.31303016,52.53187367],[13.31751462,52.53237658],[13.31705155,52.53205033],[13.31730503,52.53154478],[13.31661396,52.53116239],[13.31674751,52.53090465],[13.31335419,52.53026081],[13.3166488,52.52096321],[13.31779844,52.52036672],[13.31877864,52.52111498],[13.31868782,52.52207245],[13.3191724,52.52341836],[13.32026498,52.52418514],[13.32167853,52.52456667],[13.32381149,52.52467739],[13.32518875,52.52442434],[13.32683752,52.52376263],[13.3286804,52.52253249]]]},"properties":{"plr_id":"01200517","plr_name":"Huttenkiez","bzr_name":"Moabit West","pgr_name":"Moabit","bez_id":"01","bez_name":"Mitte","ew":3924,"mss_status_index":2,"mss_status_class":"mittel","mss_valid":true,"pet14h":37.22,"t2m04h":19.24,"canopy_pct":6.7,"veg_pct":14.7}},{"type":"Feature","geometry":{"type":"Polygon","coordinates":[[[13.32770081,52.52441615],[13.32895946,52.5275239],[13.32875668,52.53283848],[13.32463401,52.53213436],[13.32472584,52.52796583],[13.32382671,52.5255688],[13.32770081,52.52441615]]]},"properties":{"plr_id":"01200518","plr_name":"Beusselkiez","bzr_name":"Moabit West","pgr_name":"Moabit","bez_id":"01","bez_name":"Mitte","ew":7096,"mss_status_index":2,"mss_status_class":"mittel","mss_valid":true,"pet14h":36.3,"t2m04h":18.92,"canopy_pct":17.5,"veg_pct":27.0}},{"type":"Feature","geometry":{"type":"Polygon","coordinates":[[[13.32874695,52.53307884],[13.32895946,52.5275239],[13.32880833,52.52721079],[13.3354584,52.5265899],[13.33703837,52.53353122],[13.33190357,52.53286981],[13.32874695,52.53307884]]]},"properties":{"plr_id":"01200519","plr_name":"Emdener Straße","bzr_name":"Moabit West","pgr_name":"Moabit","bez_id":"01","bez_name":"Mitte","ew":9592,"mss_status_index":2,"mss_status_class":"mittel","mss_valid":true,"pet14h":36.16,"t2m04h":18.7,"canopy_pct":20.1,"veg_pct":31.4}},{"type":"Feature","geometry":{"type":"Polygon","coordinates":[[[13.34348259,52.52614552],[13.34345878,52.5315186],[13.34380519,52.53221156],[13.34363696,52.53234111],[13.3437955,52.53455431],[13.33958819,52.53408175],[13.33703837,52.53353122],[13.3354584,52.5265899],[13.34348259,52.52614552]]]},"properties":{"plr_id":"01200520","plr_name":"Bremer Straße","bzr_name":"Moabit West","pgr_name":"Moabit","bez_id":"01","bez_name":"Mitte","ew":9513,"mss_status_index":2,"mss_status_class":"mittel","mss_valid":true,"pet14h":34.89,"t2m04h":18.74,"canopy_pct":24.0,"veg_pct":35.3}},{"type":"Feature","geometry":{"type":"Polygon","coordinates":[[[13.33880193,52.52627118],[13.32880833,52.52721079],[13.32770081,52.52441615],[13.33010896,52.52397243],[13.33902145,52.5258683],[13.33880193,52.52627118]]]},"properties":{"plr_id":"01200521","plr_name":"Zwinglistraße","bzr_name":"Moabit West","pgr_name":"Moabit","bez_id":"01","bez_name":"Mitte","ew":5259,"mss_status_index":3,"mss_status_class":"niedrig","mss_valid":true,"pet14h":35.26,"t2m04h":18.48,"canopy_pct":19.9,"veg_pct":30.3}},{"type":"Feature","geometry":{"type":"Polygon","coordinates":[[[13.33421539,52.51677203],[13.33561079,52.51731438],[13.33869041,52.51960005],[13.34028021,52.52194208],[13.34171841,52.52244697],[13.342513,52.52529727],[13.34306269,52.52522888],[13.34348259,52.52614552],[13.33880193,52.52627118],[13.33902145,52.5258683],[13.33470262,52.52480199],[13.32955424,52.52394805],[13.32915909,52.52293727],[13.32932671,52.52279182],[13.3286804,52.52253249],[13.32953273,52.52117851],[13.32909774,52.51918582],[13.32937122,52.51828255],[13.33030949,52.51744727],[13.33174348,52.51684444],[13.33421539,52.51677203]]]},"properties":{"plr_id":"01200522","plr_name":"Elberfelder Straße","bzr_name":"Moabit West","pgr_name":"Moabit","bez_id":"01","bez_name":"Mitte","ew":11521,"mss_status_index":2,"mss_status_class":"mittel","mss_valid":true,"pet14h":34.26,"t2m04h":18.64,"canopy_pct":21.2,"veg_pct":32.5}},{"type":"Feature","geometry":{"type":"Polygon","coordinates":[[[13.34355813,52.53155909],[13.35316512,52.52907966],[13.35612429,52.5255576],[13.36428187,52.52809257],[13.35749503,52.53609251],[13.35669827,52.53578947],[13.35654482,52.53598592],[13.3437955,52.53455431],[13.34363696,52.53234111],[13.34380519,52.53221156],[13.34355813,52.53155909]]]},"properties":{"plr_id":"01200623","plr_name":"Stephankiez","bzr_name":"Moabit Ost","pgr_name":"Moabit","bez_id":"01","bez_name":"Mitte","ew":10990,"mss_status_index":2,"mss_status_class":"mittel","mss_valid":true,"pet14h":34.19,"t2m04h":18.26,"canopy_pct":28.8,"veg_pct":46.1}},{"type":"Feature","geometry":{"type":"Polygon","coordinates":[[[13.35749503,52.53609251],[13.36434566,52.52801715],[13.3641621,52.52724381],[13.36558839,52.52553072],[13.37357458,52.52788425],[13.37105629,52.53027434],[13.3693704,52.53244426],[13.36578748,52.53576662],[13.36630669,52.53592905],[13.36591286,52.53627318],[13.36598546,52.53652542],[13.36538201,52.53684069],[13.36272101,52.53779878],[13.36157636,52.5375531],[13.36088376,52.53773867],[13.35749503,52.53609251]]]},"properties":{"plr_id":"01200624","plr_name":"Heidestraße","bzr_name":"Moabit Ost","pgr_name":"Moabit","bez_id":"01","bez_name":"Mitte","ew":6942,"mss_status_index":2,"mss_status_class":"mittel","mss_valid":true,"pet14h":37.58,"t2m04h":18.19,"canopy_pct":5.1,"veg_pct":20.9}},{"type":"Feature","geometry":{"type":"Polygon","coordinates":[[[13.34355813,52.53155909],[13.34348259,52.52614552],[13.34933385,52.52613789],[13.35528725,52.52655169],[13.35316512,52.52907966],[13.34355813,52.53155909]]]},"properties":{"plr_id":"01200625","plr_name":"Lübecker Straße","bzr_name":"Moabit Ost","pgr_name":"Moabit","bez_id":"01","bez_name":"Mitte","ew":6905,"mss_status_index":2,"mss_status_class":"mittel","mss_valid":true,"pet14h":35.45,"t2m04h":18.45,"canopy_pct":22.3,"veg_pct":36.5}},{"type":"Feature","geometry":{"type":"Polygon","coordinates":[[[13.35670968,52.52384151],[13.35681219,52.52471198],[13.35528725,52.52655169],[13.34933385,52.52613789],[13.34348259,52.52614552],[13.34306269,52.52522888],[13.342513,52.52529727],[13.34171841,52.52244697],[13.34353039,52.52266735],[13.34609764,52.52232833],[13.3482562,52.52133035],[13.350069,52.51983311],[13.35526333,52.51959138],[13.35670968,52.52384151]]]},"properties":{"plr_id":"01200626","plr_name":"Thomasiusstraße","bzr_name":"Moabit Ost","pgr_name":"Moabit","bez_id":"01","bez_name":"Mitte","ew":6079,"mss_status_index":2,"mss_status_class":"mittel","mss_valid":true,"pet14h":34.79,"t2m04h":18.31,"canopy_pct":20.2,"veg_pct":34.4}},{"type":"Feature","geometry":{"type":"Polygon","coordinates":[[[13.36563013,52.52552236],[13.3641621,52.52724381],[13.36439006,52.52766102],[13.36428187,52.52809257],[13.35612429,52.5255576],[13.35684984,52.52462298],[13.35670968,52.52384151],[13.35962198,52.52357739],[13.36563013,52.52552236]]]},"properties":{"plr_id":"01200627","plr_name":"Zillesiedlung","bzr_name":"Moabit Ost","pgr_name":"Moabit","bez_id":"01","bez_name":"Mitte","ew":3388,"mss_status_index":4,"mss_status_class":"sehr niedrig","mss_valid":true,"pet14h":34.05,"t2m04h":18.0,"canopy_pct":35.0,"veg_pct":56.5}},{"type":"Feature","geometry":{"type":"Polygon","coordinates":[[[13.37357458,52.52788425],[13.35962198,52.52357739],[13.35670968,52.52384151],[13.35528498,52.51959344],[13.350069,52.51983311],[13.35498733,52.51726302],[13.3570564,52.51707149],[13.35970905,52.51753402],[13.36240879,52.5189511],[13.36514942,52.51958915],[13.36736083,52.52041],[13.36979216,52.52232301],[13.37169253,52.5227865],[13.37175942,52.52480296],[13.37103367,52.52524401],[13.37104388,52.52648745],[13.37338069,52.52650478],[13.37380512,52.52687319],[13.37382235,52.5273942],[13.37357458,52.52788425]]]},"properties":{"plr_id":"01200628","plr_name":"Lüneburger Straße","bzr_name":"Moabit Ost","pgr_name":"Moabit","bez_id":"01","bez_name":"Mitte","ew":3281,"mss_status_index":2,"mss_status_class":"mittel","mss_valid":true,"pet14h":34.73,"t2m04h":18.47,"canopy_pct":15.5,"veg_pct":30.8}},{"type":"Feature","geometry":{"type":"Polygon","coordinates":[[[13.33421539,52.51677203],[13.33479328,52.51550411],[13.3361362,52.51437708],[13.336014,52.51378565],[13.33809148,52.51392679],[13.33805707,52.51476807],[13.33883295,52.51549338],[13.3392514,52.51531399],[13.34321743,52.5155653],[13.34407943,52.51575545],[13.34403931,52.51599143],[13.34524534,52.51596492],[13.34562479,52.51619632],[13.34456592,52.51664643],[13.3453658,52.51763413],[13.34742655,52.51797983],[13.34734078,52.51909908],[13.34829122,52.51971151],[13.35030218,52.51965321],[13.3482562,52.52133035],[13.34625226,52.5222734],[13.3440355,52.52264115],[13.34233782,52.52259086],[13.34028021,52.52194208],[13.33869041,52.51960005],[13.33561079,52.51731438],[13.33421539,52.51677203]]]},"properties":{"plr_id":"01200629","plr_name":"Hansaviertel","bzr_name":"Moabit Ost","pgr_name":"Moabit","bez_id":"01","bez_name":"Mitte","ew":6039,"mss_status_index":2,"mss_status_class":"mittel","mss_valid":true,"pet14h":33.52,"t2m04h":18.09,"canopy_pct":29.8,"veg_pct":51.1}},{"type":"Feature","geometry":{"type":"Polygon","coordinates":[[[13.36827865,52.55738197],[13.38415474,52.55612607],[13.38595274,52.55864439],[13.37866152,52.56068882],[13.371339,52.56055233],[13.37083123,52.56054118],[13.36665727,52.55822765],[13.36683968,52.55729657],[13.36827865,52.55738197]]]},"properties":{"plr_id":"01300730","plr_name":"Drontheimer Straße","bzr_name":"Osloer Straße","pgr_name":"Gesundbrunnen","bez_id":"01","bez_name":"Mitte","ew":8060,"mss_status_index":4,"mss_status_class":"sehr niedrig","mss_valid":true,"pet14h":35.51,"t2m04h":18.19,"canopy_pct":22.2,"veg_pct":38.6}},{"type":"Feature","geometry":{"type":"Polygon","coordinates":[[[13.38902007,52.56741376],[13.38865528,52.5676589],[13.38790214,52.56731013],[13.38429777,52.56771348],[13.38115999,52.5664225],[13.37858503,52.56619301],[13.37714766,52.56066175],[13.37871186,52.5606796],[13.38595274,52.55864439],[13.38943498,52.56240814],[13.39026433,52.5630879],[13.39311733,52.56460347],[13.3907101,52.56579619],[13.38891841,52.56700118],[13.38879311,52.56715471],[13.38902007,52.56741376]]]},"properties":{"plr_id":"01300731","plr_name":"Koloniestraße","bzr_name":"Osloer Straße","pgr_name":"Gesundbrunnen","bez_id":"01","bez_name":"Mitte","ew":8922,"mss_status_index":4,"mss_status_class":"sehr niedrig","mss_valid":true,"pet14h":35.73,"t2m04h":17.76,"canopy_pct":21.6,"veg_pct":46.3}},{"type":"Feature","geometry":{"type":"Polygon","coordinates":[[[13.39311733,52.56460347],[13.39026433,52.5630879],[13.38943498,52.56240814],[13.38692086,52.55986968],[13.38415474,52.55612607],[13.39749693,52.55496857],[13.39717695,52.55634377],[13.39709762,52.55826794],[13.39631924,52.56107744],[13.39490119,52.56295189],[13.39311733,52.56460347]]]},"properties":{"plr_id":"01300732","plr_name":"Soldiner Straße","bzr_name":"Osloer Straße","pgr_name":"Gesundbrunnen","bez_id":"01","bez_name":"Mitte","ew":10078,"mss_status_index":4,"mss_status_class":"sehr niedrig","mss_valid":true,"pet14h":32.95,"t2m04h":17.73,"canopy_pct":35.2,"veg_pct":57.8}},{"type":"Feature","geometry":{"type":"Polygon","coordinates":[[[13.39591414,52.55008152],[13.3976298,52.55141799],[13.39806347,52.55260011],[13.39749693,52.55496857],[13.38415474,52.55612607],[13.38178412,52.55279318],[13.38097399,52.55228387],[13.38303126,52.55138382],[13.38689633,52.5490625],[13.38790066,52.54939012],[13.38816347,52.5492481],[13.39428522,52.54963629],[13.39591414,52.55008152]]]},"properties":{"plr_id":"01300733","plr_name":"Gesundbrunnen","bzr_name":"Osloer Straße","pgr_name":"Gesundbrunnen","bez_id":"01","bez_name":"Mitte","ew":11684,"mss_status_index":3,"mss_status_class":"niedrig","mss_valid":true,"pet14h":36.75,"t2m04h":18.28,"canopy_pct":16.8,"veg_pct":35.4}},{"type":"Feature","geometry":{"type":"Polygon","coordinates":[[[13.39684603,52.55070381],[13.39591414,52.55008152],[13.39428522,52.54963629],[13.38816347,52.5492481],[13.38790066,52.54939012],[13.38696575,52.54906389],[13.38782565,52.54854945],[13.39586276,52.5380877],[13.40352788,52.54021348],[13.40337827,52.5405059],[13.40203094,52.54012458],[13.40024556,52.54337642],[13.39920654,52.54653041],[13.4003037,52.54664556],[13.39923348,52.54906762],[13.39889984,52.55088568],[13.39684603,52.55070381]]]},"properties":{"plr_id":"01300834","plr_name":"Brunnenstraße","bzr_name":"Brunnenstraße Nord","pgr_name":"Gesundbrunnen","bez_id":"01","bez_name":"Mitte","ew":14258,"mss_status_index":3,"mss_status_class":"niedrig","mss_valid":true,"pet14h":35.78,"t2m04h":18.32,"canopy_pct":21.7,"veg_pct":39.4}},{"type":"Feature","geometry":{"type":"Polygon","coordinates":[[[13.39586276,52.5380877],[13.38802673,52.54821505],[13.38591199,52.54823625],[13.38302363,52.54738203],[13.38114893,52.54617703],[13.37938976,52.54411902],[13.37931694,52.54255012],[13.3797882,52.5406276],[13.37939894,52.54059986],[13.37951346,52.54010422],[13.38755848,52.53326809],[13.39014939,52.5353569],[13.39322577,52.53726283],[13.39586276,52.5380877]]]},"properties":{"plr_id":"01300835","plr_name":"Humboldthain Süd","bzr_name":"Brunnenstraße Nord","pgr_name":"Gesundbrunnen","bez_id":"01","bez_name":"Mitte","ew":10821,"mss_status_index":2,"mss_status_class":"mittel","mss_valid":true,"pet14h":33.87,"t2m04h":18.12,"canopy_pct":32.4,"veg_pct":50.2}},{"type":"Feature","geometry":{"type":"Polygon","coordinates":[[[13.36629802,52.54257093],[13.3631629,52.54138053],[13.3577351,52.53868564],[13.36143814,52.53756333],[13.36287953,52.53775626],[13.36598546,52.53652542],[13.36591286,52.53627318],[13.36630669,52.53592905],[13.36788326,52.53662127],[13.36860667,52.53599031],[13.37298219,52.53803727],[13.37454615,52.53703316],[13.37951346,52.54010422],[13.37939894,52.54059986],[13.3797882,52.5406276],[13.37931694,52.54255012],[13.37938976,52.54411902],[13.38114893,52.54617703],[13.38260457,52.54716998],[13.38439817,52.54789027],[13.38591199,52.54823625],[13.38802673,52.54821505],[13.38782565,52.54854945],[13.38303126,52.55138382],[13.38097399,52.55228387],[13.37051798,52.54572071],[13.37021172,52.54513115],[13.36917917,52.54531956],[13.36921562,52.54497262],[13.36897501,52.54493874],[13.36194041,52.54504307],[13.36629802,52.54257093]]]},"properties":{"plr_id":"01300836","plr_name":"Humboldthain Nordwest","bzr_name":"Brunnenstraße Nord","pgr_name":"Gesundbrunnen","bez_id":"01","bez_name":"Mitte","ew":14947,"mss_status_index":4,"mss_status_class":"sehr niedrig","mss_valid":true,"pet14h":35.87,"t2m04h":18.33,"canopy_pct":18.2,"veg_pct":34.3}},{"type":"Feature","geometry":{"type":"Polygon","coordinates":[[[13.34519459,52.55453558],[13.33223902,52.56186766],[13.33179214,52.56165922],[13.33092293,52.56215132],[13.32679478,52.56238212],[13.32615278,52.56141008],[13.32487576,52.56077533],[13.31776432,52.55973952],[13.3096702,52.55772206],[13.30153046,52.54880639],[13.31793577,52.54823771],[13.32584147,52.5421627],[13.32731343,52.54131299],[13.3288344,52.54102786],[13.3336136,52.54115818],[13.33525321,52.54199016],[13.33402255,52.54290171],[13.33286893,52.54502905],[13.33197581,52.54579638],[13.34519459,52.55453558]]]},"properties":{"plr_id":"01400937","plr_name":"Afrikanische Straße","bzr_name":"Parkviertel","pgr_name":"Wedding","bez_id":"01","bez_name":"Mitte","ew":10966,"mss_status_index":2,"mss_status_class":"mittel","mss_valid":true,"pet14h":32.0,"t2m04h":17.11,"canopy_pct":40.5,"veg_pct":70.9}},{"type":"Feature","geometry":{"type":"Polygon","coordinates":[[[13.3518333,52.55077656],[13.34519459,52.55453558],[13.33197581,52.54579638],[13.33286893,52.54502905],[13.33402255,52.54290171],[13.33525321,52.54199016],[13.3336136,52.54115818],[13.33913092,52.53972613],[13.3446572,52.53893045],[13.34826394,52.54169119],[13.34798755,52.5430374],[13.34349629,52.54637865],[13.3518333,52.55077656]]]},"properties":{"plr_id":"01400938","plr_name":"Kameruner Straße","bzr_name":"Parkviertel","pgr_name":"Wedding","bez_id":"01","bez_name":"Mitte","ew":9681,"mss_status_index":2,"mss_status_class":"mittel","mss_valid":true,"pet14h":32.98,"t2m04h":17.8,"canopy_pct":31.2,"veg_pct":53.5}},{"type":"Feature","geometry":{"type":"Polygon","coordinates":[[[13.35286873,52.55354809],[13.34294329,52.55903701],[13.33983271,52.55757603],[13.3518333,52.55077656],[13.3586198,52.55429964],[13.35626082,52.55560712],[13.35286873,52.55354809]]]},"properties":{"plr_id":"01400939","plr_name":"Glasgower Straße","bzr_name":"Parkviertel","pgr_name":"Wedding","bez_id":"01","bez_name":"Mitte","ew":6149,"mss_status_index":2,"mss_status_class":"mittel","mss_valid":true,"pet14h":34.12,"t2m04h":18.24,"canopy_pct":25.8,"veg_pct":42.9}},{"type":"Feature","geometry":{"type":"Polygon","coordinates":[[[13.36683968,52.55729657],[13.36665727,52.55822765],[13.365104,52.55811784],[13.3645243,52.56117599],[13.36009759,52.56047164],[13.35971467,52.56185488],[13.34871277,52.56207068],[13.34369331,52.55872759],[13.35295813,52.55353139],[13.35626082,52.55560712],[13.3586198,52.55429964],[13.36407336,52.55705805],[13.36683968,52.55729657]]]},"properties":{"plr_id":"01400940","plr_name":"Schillerpark","bzr_name":"Parkviertel","pgr_name":"Wedding","bez_id":"01","bez_name":"Mitte","ew":7094,"mss_status_index":2,"mss_status_class":"mittel","mss_valid":true,"pet14h":33.06,"t2m04h":17.32,"canopy_pct":37.7,"veg_pct":67.9}},{"type":"Feature","geometry":{"type":"Polygon","coordinates":[[[13.33223902,52.56186766],[13.33983271,52.55757603],[13.34294329,52.55903701],[13.34369331,52.55872759],[13.34871277,52.56207068],[13.33710188,52.5644564],[13.33223902,52.56186766]]]},"properties":{"plr_id":"01400941","plr_name":"Londoner Straße","bzr_name":"Parkviertel","pgr_name":"Wedding","bez_id":"01","bez_name":"Mitte","ew":3863,"mss_status_index":2,"mss_status_class":"mittel","mss_valid":true,"pet14h":35.99,"t2m04h":17.26,"canopy_pct":23.3,"veg_pct":61.4}},{"type":"Feature","geometry":{"type":"Polygon","coordinates":[[[13.35462817,52.54414246],[13.35916851,52.54661603],[13.3518333,52.55077656],[13.34349629,52.54637865],[13.34798755,52.5430374],[13.34826394,52.54169119],[13.3494755,52.54241137],[13.35462817,52.54414246]]]},"properties":{"plr_id":"01400942","plr_name":"Westliche Müllerstraße","bzr_name":"Parkviertel","pgr_name":"Wedding","bez_id":"01","bez_name":"Mitte","ew":8789,"mss_status_index":2,"mss_status_class":"mittel","mss_valid":true,"pet14h":36.69,"t2m04h":18.47,"canopy_pct":17.4,"veg_pct":31.6}},{"type":"Feature","geometry":{"type":"Polygon","coordinates":[[[13.35916851,52.54661603],[13.36194041,52.54504307],[13.36921562,52.54497262],[13.36881017,52.54850099],[13.36705476,52.55155166],[13.35916851,52.54661603]]]},"properties":{"plr_id":"01401043","plr_name":"Antonstraße","bzr_name":"Wedding Zentrum","pgr_name":"Wedding","bez_id":"01","bez_name":"Mitte","ew":7627,"mss_status_index":3,"mss_status_class":"niedrig","mss_valid":true,"pet14h":35.43,"t2m04h":18.34,"canopy_pct":22.7,"veg_pct":34.3}},{"type":"Feature","geometry":{"type":"Polygon","coordinates":[[[13.38097399,52.55228387],[13.37836356,52.55291403],[13.37678859,52.55385134],[13.37105113,52.55444918],[13.37051175,52.55365046],[13.36705476,52.55155166],[13.36881017,52.54850099],[13.36917917,52.54531956],[13.37021172,52.54513115],[13.37051798,52.54572071],[13.38097399,52.55228387]]]},"properties":{"plr_id":"01401044","plr_name":"Uferstraße","bzr_name":"Wedding Zentrum","pgr_name":"Wedding","bez_id":"01","bez_name":"Mitte","ew":10226,"mss_status_index":4,"mss_status_class":"sehr niedrig","mss_valid":true,"pet14h":35.86,"t2m04h":18.38,"canopy_pct":23.2,"veg_pct":36.4}},{"type":"Feature","geometry":{"type":"Polygon","coordinates":[[[13.38415474,52.55612607],[13.37278808,52.55702637],[13.37273822,52.55632898],[13.37149288,52.55439334],[13.37678859,52.55385134],[13.37836356,52.55291403],[13.38097399,52.55228387],[13.38178412,52.55279318],[13.38415474,52.55612607]]]},"properties":{"plr_id":"01401045","plr_name":"Schwedenstraße","bzr_name":"Wedding Zentrum","pgr_name":"Wedding","bez_id":"01","bez_name":"Mitte","ew":5531,"mss_status_index":3,"mss_status_class":"niedrig","mss_valid":true,"pet14h":35.41,"t2m04h":18.36,"canopy_pct":22.8,"veg_pct":36.5}},{"type":"Feature","geometry":{"type":"Polygon","coordinates":[[[13.35462817,52.54414246],[13.3490234,52.54218961],[13.3446572,52.53893045],[13.34827216,52.53864251],[13.35379368,52.53949043],[13.3577351,52.53868564],[13.3592476,52.53943408],[13.35788212,52.5404123],[13.35614812,52.54309969],[13.35462817,52.54414246]]]},"properties":{"plr_id":"01401046","plr_name":"Nordufer","bzr_name":"Wedding Zentrum","pgr_name":"Wedding","bez_id":"01","bez_name":"Mitte","ew":8869,"mss_status_index":2,"mss_status_class":"mittel","mss_valid":true,"pet14h":34.36,"t2m04h":18.69,"canopy_pct":19.9,"veg_pct":34.5}},{"type":"Feature","geometry":{"type":"Polygon","coordinates":[[[13.3631629,52.54138053],[13.36629802,52.54257093],[13.35916851,52.54661603],[13.35462817,52.54414246],[13.35614812,52.54309969],[13.35788212,52.5404123],[13.3593131,52.53938734],[13.3631629,52.54138053]]]},"properties":{"plr_id":"01401047","plr_name":"Sparrplatz","bzr_name":"Wedding Zentrum","pgr_name":"Wedding","bez_id":"01","bez_name":"Mitte","ew":8206,"mss_status_index":2,"mss_status_class":"mittel","mss_valid":true,"pet14h":35.94,"t2m04h":18.64,"canopy_pct":20.1,"veg_pct":31.9}},{"type":"Feature","geometry":{"type":"Polygon","coordinates":[[[13.3518333,52.55077656],[13.35916851,52.54661603],[13.3642653,52.54981437],[13.36249633,52.55086698],[13.36144232,52.55571087],[13.3518333,52.55077656]]]},"properties":{"plr_id":"01401048","plr_name":"Leopoldplatz","bzr_name":"Wedding Zentrum","pgr_name":"Wedding","bez_id":"01","bez_name":"Mitte","ew":9520,"mss_status_index":2,"mss_status_class":"mittel","mss_valid":true,"pet14h":35.73,"t2m04h":18.58,"canopy_pct":18.7,"veg_pct":31.0}},{"type":"Feature","geometry":{"type":"Polygon","coordinates":[[[13.36827865,52.55738197],[13.36417627,52.55709396],[13.36144232,52.55571087],[13.36249633,52.55086698],[13.3642653,52.54981437],[13.37051175,52.55365046],[13.37105113,52.55444918],[13.37149288,52.55439334],[13.37273822,52.55632898],[13.37278808,52.55702637],[13.36827865,52.55738197]]]},"properties":{"plr_id":"01401049","plr_name":"Schulstraße","bzr_name":"Wedding Zentrum","pgr_name":"Wedding","bez_id":"01","bez_name":"Mitte","ew":6637,"mss_status_index":4,"mss_status_class":"sehr niedrig","mss_valid":true,"pet14h":34.68,"t2m04h":17.86,"canopy_pct":24.5,"veg_pct":45.0}},{"type":"Feature","geometry":{"type":"Polygon","coordinates":[[[13.38576213,52.50732904],[13.37893813,52.50693048],[13.37764912,52.50796754],[13.37471415,52.5029932],[13.37677419,52.5017772],[13.37813831,52.4999673],[13.37932192,52.49931484],[13.38116139,52.49899025],[13.38452782,52.49897181],[13.38932235,52.49788844],[13.38886585,52.50069122],[13.38918935,52.50073847],[13.38576213,52.50732904]]]},"properties":{"plr_id":"02100101","plr_name":"Askanischer Platz","bzr_name":"Südliche  Friedrichstadt","pgr_name":"Kreuzberg Nord","bez_id":"02","bez_name":"Friedrichshain-Kreuzberg","ew":7225,"mss_status_index":3,"mss_status_class":"niedrig","mss_valid":true,"pet14h":34.99,"t2m04h":18.21,"canopy_pct":22.0,"veg_pct":35.7}},{"type":"Feature","geometry":{"type":"Polygon","coordinates":[[[13.3960873,52.49796239],[13.39611511,52.49869962],[13.39473203,52.5010586],[13.39470901,52.50196821],[13.39923152,52.50807714],[13.38576213,52.50732904],[13.38918935,52.50073847],[13.38886585,52.50069122],[13.38932235,52.49788844],[13.39103131,52.49767062],[13.39446022,52.49801923],[13.3960873,52.49796239]]]},"properties":{"plr_id":"02100102","plr_name":"Mehringplatz","bzr_name":"Südliche  Friedrichstadt","pgr_name":"Kreuzberg Nord","bez_id":"02","bez_name":"Friedrichshain-Kreuzberg","ew":8660,"mss_status_index":4,"mss_status_class":"sehr niedrig","mss_valid":true,"pet14h":36.34,"t2m04h":18.47,"canopy_pct":16.9,"veg_pct":29.1}},{"type":"Feature","geometry":{"type":"Polygon","coordinates":[[[13.40443424,52.50777475],[13.40018967,52.50937592],[13.39472193,52.50200786],[13.3947176,52.50110083],[13.39611511,52.49869962],[13.3960873,52.49796239],[13.39929513,52.49821042],[13.40021579,52.49941923],[13.39716881,52.5001593],[13.39775615,52.50126123],[13.39791689,52.50155648],[13.40111818,52.50231056],[13.40258827,52.50229665],[13.40502694,52.50510254],[13.40170636,52.50601369],[13.40443424,52.50777475]]]},"properties":{"plr_id":"02100103","plr_name":"Am Berlin Museum","bzr_name":"Südliche  Friedrichstadt","pgr_name":"Kreuzberg Nord","bez_id":"02","bez_name":"Friedrichshain-Kreuzberg","ew":5470,"mss_status_index":3,"mss_status_class":"niedrig","mss_valid":true,"pet14h":36.21,"t2m04h":18.29,"canopy_pct":19.4,"veg_pct":34.9}},{"type":"Feature","geometry":{"type":"Polygon","coordinates":[[[13.40348635,52.50332992],[13.41382331,52.50028556],[13.41475217,52.50174375],[13.41433279,52.50186468],[13.4152233,52.50311199],[13.41461036,52.50468111],[13.41407283,52.50403797],[13.41152095,52.5048913],[13.40997081,52.50692573],[13.40802944,52.50618022],[13.4052848,52.50821066],[13.40170636,52.50601369],[13.40502694,52.50510254],[13.40348635,52.50332992]]]},"properties":{"plr_id":"02100104","plr_name":"Moritzplatz","bzr_name":"Südliche  Friedrichstadt","pgr_name":"Kreuzberg Nord","bez_id":"02","bez_name":"Friedrichshain-Kreuzberg","ew":5550,"mss_status_index":3,"mss_status_class":"niedrig","mss_valid":true,"pet14h":35.5,"t2m04h":18.42,"canopy_pct":24.3,"veg_pct":38.2}},{"type":"Feature","geometry":{"type":"Polygon","coordinates":[[[13.39950732,52.49848294],[13.41399125,52.49869216],[13.41890797,52.49924307],[13.41794822,52.49966768],[13.41772765,52.49935799],[13.41395714,52.50046939],[13.41382331,52.50028556],[13.40348635,52.50332992],[13.40256905,52.50228516],[13.40125772,52.50233655],[13.39791689,52.50155648],[13.39716881,52.5001593],[13.40021579,52.49941923],[13.39950732,52.49848294]]]},"properties":{"plr_id":"02100105","plr_name":"Prinzenstraße","bzr_name":"Südliche  Friedrichstadt","pgr_name":"Kreuzberg Nord","bez_id":"02","bez_name":"Friedrichshain-Kreuzberg","ew":9263,"mss_status_index":4,"mss_status_class":"sehr niedrig","mss_valid":true,"pet14h":34.36,"t2m04h":18.11,"canopy_pct":32.1,"veg_pct":44.8}},{"type":"Feature","geometry":{"type":"Polygon","coordinates":[[[13.39950732,52.49848294],[13.39929513,52.49821042],[13.39628281,52.49794431],[13.40075087,52.49704825],[13.40750979,52.49639353],[13.41339512,52.49536508],[13.41624248,52.49550345],[13.41818948,52.49607925],[13.42022678,52.4961567],[13.41873239,52.49875739],[13.41890797,52.49924307],[13.41399125,52.49869216],[13.39950732,52.49848294]]]},"properties":{"plr_id":"02100106","plr_name":"Wassertorplatz","bzr_name":"Südliche  Friedrichstadt","pgr_name":"Kreuzberg Nord","bez_id":"02","bez_name":"Friedrichshain-Kreuzberg","ew":4813,"mss_status_index":4,"mss_status_class":"sehr niedrig","mss_valid":true,"pet14h":32.96,"t2m04h":18.19,"canopy_pct":28.6,"veg_pct":43.5}},{"type":"Feature","geometry":{"type":"Polygon","coordinates":[[[13.3682576,52.49332245],[13.37107721,52.49291289],[13.37106883,52.49275695],[13.37643412,52.49167602],[13.37658196,52.49133421],[13.37927851,52.49204472],[13.37971192,52.4974976],[13.38022579,52.49912019],[13.37830715,52.49982018],[13.3769198,52.50165313],[13.37471415,52.5029932],[13.37478672,52.50326122],[13.37360621,52.50416341],[13.37138249,52.50157342],[13.37084644,52.49989873],[13.36952819,52.49886979],[13.36972769,52.49877542],[13.36960066,52.49810933],[13.36867842,52.49738544],[13.36841292,52.49448242],[13.36858145,52.49395561],[13.3682576,52.49332245]]]},"properties":{"plr_id":"02200207","plr_name":"Gleisdreieck","bzr_name":"Tempelhofer Vorstadt","pgr_name":"Kreuzberg Süd","bez_id":"02","bez_name":"Friedrichshain-Kreuzberg","ew":2666,"mss_status_index":1,"mss_status_class":"hoch","mss_valid":true,"pet14h":34.93,"t2m04h":17.57,"canopy_pct":20.4,"veg_pct":46.0}},{"type":"Feature","geometry":{"type":"Polygon","coordinates":[[[13.37927851,52.49204472],[13.383626,52.49339873],[13.38791441,52.49257953],[13.38889792,52.49424134],[13.39033353,52.49573679],[13.38981007,52.49580161],[13.38932235,52.49788844],[13.384416,52.49898772],[13.38022579,52.49912019],[13.37971192,52.4974976],[13.37927851,52.49204472]]]},"properties":{"plr_id":"02200208","plr_name":"Rathaus Yorckstraße","bzr_name":"Tempelhofer Vorstadt","pgr_name":"Kreuzberg Süd","bez_id":"02","bez_name":"Friedrichshain-Kreuzberg","ew":5745,"mss_status_index":2,"mss_status_class":"mittel","mss_valid":true,"pet14h":35.47,"t2m04h":18.74,"canopy_pct":19.6,"veg_pct":27.6}},{"type":"Feature","geometry":{"type":"Polygon","coordinates":[[[13.38791441,52.49257953],[13.383626,52.49339873],[13.37696898,52.49131185],[13.37640414,52.49143269],[13.37547527,52.49045639],[13.37539925,52.48943203],[13.37473117,52.48938038],[13.37353615,52.48798195],[13.37350231,52.48774589],[13.37416364,52.48771108],[13.37402098,52.48516972],[13.37164298,52.48518359],[13.3715694,52.48495058],[13.38626852,52.48486364],[13.38666182,52.48914206],[13.38791441,52.49257953]]]},"properties":{"plr_id":"02200209","plr_name":"Viktoriapark","bzr_name":"Tempelhofer Vorstadt","pgr_name":"Kreuzberg Süd","bez_id":"02","bez_name":"Friedrichshain-Kreuzberg","ew":10957,"mss_status_index":2,"mss_status_class":"mittel","mss_valid":true,"pet14h":34.28,"t2m04h":18.36,"canopy_pct":23.4,"veg_pct":37.4}},{"type":"Feature","geometry":{"type":"Polygon","coordinates":[[[13.40525948,52.48909943],[13.40589555,52.49029867],[13.40707808,52.48971481],[13.40923062,52.4927185],[13.4058614,52.49332289],[13.4069162,52.49484668],[13.40530437,52.49625651],[13.40542788,52.4966127],[13.40095171,52.49701852],[13.39603251,52.49796701],[13.39103131,52.49767062],[13.38932235,52.49788844],[13.38981007,52.49580161],[13.39033353,52.49573679],[13.38889792,52.49424134],[13.38791441,52.49257953],[13.40525948,52.48909943]]]},"properties":{"plr_id":"02200210","plr_name":"Urbanstraße","bzr_name":"Tempelhofer Vorstadt","pgr_name":"Kreuzberg Süd","bez_id":"02","bez_name":"Friedrichshain-Kreuzberg","ew":12350,"mss_status_index":2,"mss_status_class":"mittel","mss_valid":true,"pet14h":34.22,"t2m04h":18.43,"canopy_pct":26.4,"veg_pct":38.5}},{"type":"Feature","geometry":{"type":"Polygon","coordinates":[[[13.40639525,52.4827705],[13.40686469,52.48548038],[13.40852943,52.48714203],[13.40771988,52.48875165],[13.40524464,52.48865957],[13.40525948,52.48909943],[13.38791441,52.49257953],[13.3866936,52.48927863],[13.38629095,52.48582651],[13.39425346,52.48577153],[13.39424001,52.48410476],[13.40022885,52.48390536],[13.40639525,52.4827705]]]},"properties":{"plr_id":"02200211","plr_name":"Chamissokiez","bzr_name":"Tempelhofer Vorstadt","pgr_name":"Kreuzberg Süd","bez_id":"02","bez_name":"Friedrichshain-Kreuzberg","ew":14595,"mss_status_index":2,"mss_status_class":"mittel","mss_valid":true,"pet14h":33.99,"t2m04h":18.14,"canopy_pct":22.9,"veg_pct":40.2}},{"type":"Feature","geometry":{"type":"Polygon","coordinates":[[[13.40771988,52.48875165],[13.42084299,52.48716823],[13.42368154,52.48635832],[13.42493835,52.4877843],[13.41950699,52.4898776],[13.40923062,52.4927185],[13.40707808,52.48971481],[13.40589555,52.49029867],[13.40525948,52.48909943],[13.40524464,52.48865957],[13.40771988,52.48875165]]]},"properties":{"plr_id":"02200212","plr_name":"Graefekiez Süd","bzr_name":"Tempelhofer Vorstadt","pgr_name":"Kreuzberg Süd","bez_id":"02","bez_name":"Friedrichshain-Kreuzberg","ew":8340,"mss_status_index":2,"mss_status_class":"mittel","mss_valid":true,"pet14h":35.46,"t2m04h":18.54,"canopy_pct":19.1,"veg_pct":30.1}},{"type":"Feature","geometry":{"type":"Polygon","coordinates":[[[13.40542788,52.4966127],[13.40530437,52.49625651],[13.4069162,52.49484668],[13.4058614,52.49332289],[13.40962663,52.49263377],[13.41950699,52.4898776],[13.42493835,52.4877843],[13.42541101,52.48808526],[13.42022678,52.4961567],[13.41835898,52.4961039],[13.41640167,52.49552782],[13.41385199,52.49533957],[13.40542788,52.4966127]]]},"properties":{"plr_id":"02200213","plr_name":"Graefekiez Nord","bzr_name":"Tempelhofer Vorstadt","pgr_name":"Kreuzberg Süd","bez_id":"02","bez_name":"Friedrichshain-Kreuzberg","ew":10004,"mss_status_index":2,"mss_status_class":"mittel","mss_valid":true,"pet14h":34.32,"t2m04h":18.68,"canopy_pct":23.7,"veg_pct":32.0}},{"type":"Feature","geometry":{"type":"Polygon","coordinates":[[[13.41395714,52.50046939],[13.41772765,52.49935799],[13.41794822,52.49966768],[13.41822194,52.49958281],[13.41890797,52.49924307],[13.41876456,52.49877443],[13.42251699,52.49894578],[13.42296329,52.49986974],[13.42366239,52.50017019],[13.42342048,52.50054649],[13.42420094,52.50169694],[13.42499431,52.50193168],[13.42728501,52.50551801],[13.42670885,52.50579863],[13.42495059,52.50517979],[13.42285852,52.50498246],[13.42154221,52.50507643],[13.41943091,52.50564915],[13.41894283,52.50506012],[13.41821331,52.50501795],[13.41760145,52.50417016],[13.41490921,52.50491637],[13.41459228,52.50479449],[13.41465949,52.50436861],[13.4152233,52.50311199],[13.41433279,52.50186468],[13.41475217,52.50174375],[13.41395714,52.50046939]]]},"properties":{"plr_id":"02300314","plr_name":"Oranienplatz","bzr_name":"Nördliche Luisenstadt","pgr_name":"Kreuzberg Ost","bez_id":"02","bez_name":"Friedrichshain-Kreuzberg","ew":7085,"mss_status_index":3,"mss_status_class":"niedrig","mss_valid":true,"pet14h":35.03,"t2m04h":18.39,"canopy_pct":22.8,"veg_pct":34.5}},{"type":"Feature","geometry":{"type":"Polygon","coordinates":[[[13.42685435,52.50467788],[13.42498051,52.50191544],[13.42420094,52.50169694],[13.42342048,52.50054649],[13.42366239,52.50017019],[13.42296329,52.49986974],[13.42251699,52.49894578],[13.42534573,52.49898918],[13.42642754,52.49864045],[13.42672709,52.49898838],[13.42984213,52.4992228],[13.43054533,52.49895266],[13.43775126,52.50000218],[13.43717702,52.50044298],[13.42685435,52.50467788]]]},"properties":{"plr_id":"02300315","plr_name":"Lausitzer Platz","bzr_name":"Nördliche Luisenstadt","pgr_name":"Kreuzberg Ost","bez_id":"02","bez_name":"Friedrichshain-Kreuzberg","ew":8209,"mss_status_index":2,"mss_status_class":"mittel","mss_valid":true,"pet14h":35.55,"t2m04h":18.77,"canopy_pct":20.8,"veg_pct":28.8}},{"type":"Feature","geometry":{"type":"Polygon","coordinates":[[[13.42940228,52.50857225],[13.4272003,52.5056661],[13.42728851,52.505335],[13.42685435,52.50467788],[13.43717702,52.50044298],[13.43775126,52.50000218],[13.44092193,52.50046473],[13.4415169,52.50024742],[13.44201807,52.50074198],[13.44275581,52.5009468],[13.44423281,52.50068934],[13.44474905,52.5007601],[13.4451558,52.5011329],[13.44146617,52.50291443],[13.4371297,52.50455991],[13.43547942,52.50564535],[13.42940228,52.50857225]]]},"properties":{"plr_id":"02300316","plr_name":"Köpenicker Straße","bzr_name":"Nördliche Luisenstadt","pgr_name":"Kreuzberg Ost","bez_id":"02","bez_name":"Friedrichshain-Kreuzberg","ew":4160,"mss_status_index":2,"mss_status_class":"mittel","mss_valid":true,"pet14h":34.93,"t2m04h":18.75,"canopy_pct":20.5,"veg_pct":29.2}},{"type":"Feature","geometry":{"type":"Polygon","coordinates":[[[13.43132478,52.49905986],[13.42802592,52.49910311],[13.42672709,52.49898838],[13.42642754,52.49864045],[13.42534573,52.49898918],[13.41873239,52.49875739],[13.42040115,52.49586386],[13.42248682,52.49544735],[13.42845806,52.49351129],[13.43244033,52.49751107],[13.43092338,52.4980273],[13.43151196,52.49865713],[13.43132478,52.49905986]]]},"properties":{"plr_id":"02300417","plr_name":"Reichenberger Straße West","bzr_name":"Südliche Luisenstadt","pgr_name":"Kreuzberg Ost","bez_id":"02","bez_name":"Friedrichshain-Kreuzberg","ew":8301,"mss_status_index":2,"mss_status_class":"mittel","mss_valid":true,"pet14h":35.86,"t2m04h":18.72,"canopy_pct":18.8,"veg_pct":26.9}},{"type":"Feature","geometry":{"type":"Polygon","coordinates":[[[13.43206924,52.49917082],[13.43132478,52.49905986],[13.43151196,52.49865713],[13.43092338,52.4980273],[13.43244033,52.49751107],[13.42845806,52.49351129],[13.43827103,52.49037582],[13.43926403,52.48961049],[13.4396282,52.48965905],[13.4400372,52.49073287],[13.44471767,52.49422472],[13.44394959,52.49449748],[13.44468607,52.49506661],[13.43206924,52.49917082]]]},"properties":{"plr_id":"02300418","plr_name":"Reichenberger Straße Ost","bzr_name":"Südliche Luisenstadt","pgr_name":"Kreuzberg Ost","bez_id":"02","bez_name":"Friedrichshain-Kreuzberg","ew":7629,"mss_status_index":2,"mss_status_class":"mittel","mss_valid":true,"pet14h":33.32,"t2m04h":17.92,"canopy_pct":27.9,"veg_pct":47.3}},{"type":"Feature","geometry":{"type":"Polygon","coordinates":[[[13.45335236,52.497525],[13.4526994,52.49801466],[13.45271243,52.49822263],[13.45164549,52.49884311],[13.45111029,52.49891124],[13.45059305,52.49867548],[13.44963757,52.49948149],[13.4451558,52.5011329],[13.44474905,52.5007601],[13.44423281,52.50068934],[13.44275581,52.5009468],[13.44201807,52.50074198],[13.4415169,52.50024742],[13.44092193,52.50046473],[13.43206924,52.49917082],[13.44468607,52.49506661],[13.44394959,52.49449748],[13.44471767,52.49422472],[13.44576768,52.49470868],[13.44765912,52.49472127],[13.45090794,52.49710806],[13.45224407,52.49750607],[13.45335236,52.497525]]]},"properties":{"plr_id":"02300419","plr_name":"Wrangelkiez","bzr_name":"Südliche Luisenstadt","pgr_name":"Kreuzberg Ost","bez_id":"02","bez_name":"Friedrichshain-Kreuzberg","ew":10396,"mss_status_index":2,"mss_status_class":"mittel","mss_valid":true,"pet14h":34.67,"t2m04h":18.86,"canopy_pct":21.3,"veg_pct":27.8}},{"type":"Feature","geometry":{"type":"Polygon","coordinates":[[[13.41975321,52.52554563],[13.42409895,52.52384445],[13.42650191,52.52329127],[13.42652132,52.52293911],[13.42554788,52.52279098],[13.42919726,52.52121731],[13.42942884,52.52335751],[13.43554714,52.52343601],[13.43825518,52.5237929],[13.4425393,52.52502684],[13.44196385,52.52554608],[13.44211638,52.52567832],[13.4439245,52.52607051],[13.44459183,52.52563876],[13.44693106,52.52662788],[13.44227741,52.53102563],[13.43874823,52.52877787],[13.43831062,52.52880051],[13.4374816,52.52954807],[13.42502691,52.52809522],[13.42485448,52.52787787],[13.42364211,52.527915],[13.41975321,52.52554563]]]},"properties":{"plr_id":"02400520","plr_name":"Barnimkiez","bzr_name":"Karl-Marx-Allee Nord","pgr_name":"Friedrichshain West","bez_id":"02","bez_name":"Friedrichshain-Kreuzberg","ew":5904,"mss_status_index":2,"mss_status_class":"mittel","mss_valid":true,"pet14h":31.02,"t2m04h":17.31,"canopy_pct":41.4,"veg_pct":67.0}},{"type":"Feature","geometry":{"type":"Polygon","coordinates":[[[13.42619055,52.51875203],[13.4268032,52.51866131],[13.42666461,52.5184268],[13.42718844,52.51816137],[13.42843529,52.51784826],[13.42931489,52.51781612],[13.42936858,52.51809551],[13.44083223,52.51690538],[13.44124064,52.51826934],[13.44247746,52.51811962],[13.44571326,52.52112072],[13.44374992,52.52358602],[13.44333702,52.52392354],[13.442895,52.52378901],[13.44201878,52.52453375],[13.44223735,52.52493668],[13.43825518,52.5237929],[13.43640985,52.52351963],[13.42942884,52.52335751],[13.42932507,52.52142702],[13.42840138,52.51958592],[13.42691657,52.51974411],[13.42619055,52.51875203]]]},"properties":{"plr_id":"02400521","plr_name":"Friedenstraße","bzr_name":"Karl-Marx-Allee Nord","pgr_name":"Friedrichshain West","bez_id":"02","bez_name":"Friedrichshain-Kreuzberg","ew":8712,"mss_status_index":2,"mss_status_class":"mittel","mss_valid":true,"pet14h":34.22,"t2m04h":17.9,"canopy_pct":28.4,"veg_pct":49.1}},{"type":"Feature","geometry":{"type":"Polygon","coordinates":[[[13.44083223,52.51690538],[13.45239157,52.51572031],[13.45355858,52.51563032],[13.45277863,52.51804533],[13.45233728,52.5182697],[13.45246969,52.51869341],[13.44693106,52.52662788],[13.44459183,52.52563876],[13.44388176,52.52607038],[13.44198029,52.52558427],[13.4425393,52.52502684],[13.44201878,52.52453375],[13.442895,52.52378901],[13.44333702,52.52392354],[13.44374992,52.52358602],[13.44571326,52.52112072],[13.44247746,52.51811962],[13.44124064,52.51826934],[13.44083223,52.51690538]]]},"properties":{"plr_id":"02400522","plr_name":"Richard-Sorge-Viertel","bzr_name":"Karl-Marx-Allee Nord","pgr_name":"Friedrichshain West","bez_id":"02","bez_name":"Friedrichshain-Kreuzberg","ew":11394,"mss_status_index":2,"mss_status_class":"mittel","mss_valid":true,"pet14h":35.67,"t2m04h":18.36,"canopy_pct":19.2,"veg_pct":32.9}},{"type":"Feature","geometry":{"type":"Polygon","coordinates":[[[13.43989495,52.51397574],[13.44083223,52.51690538],[13.42936858,52.51809551],[13.42931489,52.51781612],[13.42843529,52.51784826],[13.4270989,52.51819936],[13.42666461,52.5184268],[13.4268032,52.51866131],[13.42636751,52.51877497],[13.42592688,52.51839176],[13.42630537,52.51828906],[13.42615123,52.51806863],[13.42675409,52.5179592],[13.42509613,52.51506996],[13.42277856,52.51223543],[13.42837272,52.50907091],[13.42915341,52.5088535],[13.42967672,52.50944513],[13.4339639,52.5075865],[13.43463663,52.50827282],[13.4344708,52.50843736],[13.43714334,52.51024155],[13.43989495,52.51397574]]]},"properties":{"plr_id":"02400623","plr_name":"Andreasviertel","bzr_name":"Karl-Marx-Allee Süd","pgr_name":"Friedrichshain West","bez_id":"02","bez_name":"Friedrichshain-Kreuzberg","ew":14037,"mss_status_index":2,"mss_status_class":"mittel","mss_valid":true,"pet14h":34.78,"t2m04h":18.31,"canopy_pct":23.2,"veg_pct":37.7}},{"type":"Feature","geometry":{"type":"Polygon","coordinates":[[[13.45355858,52.51563032],[13.44083223,52.51690538],[13.43987203,52.5140324],[13.44272171,52.51233096],[13.44456466,52.51151706],[13.44349868,52.51056532],[13.44460001,52.50990768],[13.44512193,52.51017323],[13.44818801,52.50806281],[13.44988973,52.50742571],[13.45355858,52.51563032]]]},"properties":{"plr_id":"02400624","plr_name":"Weberwiese","bzr_name":"Karl-Marx-Allee Süd","pgr_name":"Friedrichshain West","bez_id":"02","bez_name":"Friedrichshain-Kreuzberg","ew":11887,"mss_status_index":2,"mss_status_class":"mittel","mss_valid":true,"pet14h":35.09,"t2m04h":18.4,"canopy_pct":24.3,"veg_pct":39.4}},{"type":"Feature","geometry":{"type":"Polygon","coordinates":[[[13.45017805,52.50725602],[13.44818801,52.50806281],[13.44512193,52.51017323],[13.44460001,52.50990768],[13.44349868,52.51056532],[13.44456466,52.51151706],[13.43989495,52.51397574],[13.43714334,52.51024155],[13.4344708,52.50843736],[13.43463663,52.50827282],[13.4339639,52.5075865],[13.42967672,52.50944513],[13.42915341,52.5088535],[13.43547942,52.50564535],[13.4371297,52.50455991],[13.44146617,52.50291443],[13.4451558,52.5011329],[13.4472635,52.502834],[13.44925374,52.5054963],[13.44908365,52.50554518],[13.45017805,52.50725602]]]},"properties":{"plr_id":"02400625","plr_name":"Wriezener Bahnhof","bzr_name":"Karl-Marx-Allee Süd","pgr_name":"Friedrichshain West","bez_id":"02","bez_name":"Friedrichshain-Kreuzberg","ew":1328,"mss_status_index":2,"mss_status_class":"mittel","mss_valid":true,"pet14h":38.4,"t2m04h":19.1,"canopy_pct":4.2,"veg_pct":12.4}},{"type":"Feature","geometry":{"type":"Polygon","coordinates":[[[13.44716828,52.52640843],[13.45246969,52.51869341],[13.45302709,52.51918296],[13.45380696,52.51924362],[13.45615579,52.5224558],[13.45579976,52.52255234],[13.45218282,52.5277958],[13.44716828,52.52640843]]]},"properties":{"plr_id":"02500726","plr_name":"Hausburgviertel","bzr_name":"Frankfurter Allee Nord","pgr_name":"Friedrichshain Ost","bez_id":"02","bez_name":"Friedrichshain-Kreuzberg","ew":9175,"mss_status_index":2,"mss_status_class":"mittel","mss_valid":true,"pet14h":36.22,"t2m04h":18.89,"canopy_pct":13.8,"veg_pct":22.3}},{"type":"Feature","geometry":{"type":"Polygon","coordinates":[[[13.46024956,52.51498071],[13.46279338,52.51993557],[13.45529013,52.52127228],[13.45380696,52.51924362],[13.45302709,52.51918296],[13.4523092,52.51847689],[13.45237422,52.51820371],[13.45277863,52.51804533],[13.45355858,52.51563032],[13.46024956,52.51498071]]]},"properties":{"plr_id":"02500727","plr_name":"Forckenbeckplatz","bzr_name":"Frankfurter Allee Nord","pgr_name":"Friedrichshain Ost","bez_id":"02","bez_name":"Friedrichshain-Kreuzberg","ew":6519,"mss_status_index":2,"mss_status_class":"mittel","mss_valid":true,"pet14h":35.91,"t2m04h":18.49,"canopy_pct":20.4,"veg_pct":36.6}},{"type":"Feature","geometry":{"type":"Polygon","coordinates":[[[13.46024956,52.51498071],[13.46756684,52.51424013],[13.46900136,52.51737763],[13.46983349,52.52030349],[13.46969838,52.52049589],[13.46279338,52.51993557],[13.46024956,52.51498071]]]},"properties":{"plr_id":"02500728","plr_name":"Samariterviertel","bzr_name":"Frankfurter Allee Nord","pgr_name":"Friedrichshain Ost","bez_id":"02","bez_name":"Friedrichshain-Kreuzberg","ew":10073,"mss_status_index":2,"mss_status_class":"mittel","mss_valid":true,"pet14h":37.25,"t2m04h":19.18,"canopy_pct":10.1,"veg_pct":17.2}},{"type":"Feature","geometry":{"type":"Polygon","coordinates":[[[13.47543773,52.51343325],[13.47588688,52.51486301],[13.47748451,52.51438875],[13.47774771,52.51472919],[13.47654706,52.51517293],[13.47419662,52.51911655],[13.47375999,52.51908828],[13.47255432,52.52052712],[13.47210727,52.52069436],[13.46969838,52.52049589],[13.46983349,52.52030349],[13.46900136,52.51737763],[13.46756684,52.51424013],[13.47543773,52.51343325]]]},"properties":{"plr_id":"02500729","plr_name":"Pettenkofer Straße","bzr_name":"Frankfurter Allee Nord","pgr_name":"Friedrichshain Ost","bez_id":"02","bez_name":"Friedrichshain-Kreuzberg","ew":5407,"mss_status_index":2,"mss_status_class":"mittel","mss_valid":true,"pet14h":35.65,"t2m04h":18.14,"canopy_pct":13.9,"veg_pct":31.0}},{"type":"Feature","geometry":{"type":"Polygon","coordinates":[[[13.45355858,52.51563032],[13.45289063,52.51421877],[13.45787578,52.51264937],[13.4615873,52.51197372],[13.4633913,52.51466766],[13.45355858,52.51563032]]]},"properties":{"plr_id":"02500830","plr_name":"Niederbarnimstraße","bzr_name":"Frankfurter Allee Süd FK","pgr_name":"Friedrichshain Ost","bez_id":"02","bez_name":"Friedrichshain-Kreuzberg","ew":4071,"mss_status_index":2,"mss_status_class":"mittel","mss_valid":true,"pet14h":35.76,"t2m04h":18.52,"canopy_pct":20.7,"veg_pct":32.3}},{"type":"Feature","geometry":{"type":"Polygon","coordinates":[[[13.47082651,52.51390892],[13.4633913,52.51466766],[13.4615873,52.51197372],[13.46282392,52.51145039],[13.46435439,52.50987133],[13.46630626,52.5084344],[13.47013601,52.51229015],[13.47082651,52.51390892]]]},"properties":{"plr_id":"02500831","plr_name":"Wismarplatz","bzr_name":"Frankfurter Allee Süd FK","pgr_name":"Friedrichshain Ost","bez_id":"02","bez_name":"Friedrichshain-Kreuzberg","ew":7857,"mss_status_index":2,"mss_status_class":"mittel","mss_valid":true,"pet14h":35.32,"t2m04h":18.89,"canopy_pct":23.6,"veg_pct":34.0}},{"type":"Feature","geometry":{"type":"Polygon","coordinates":[[[13.47543773,52.51343325],[13.47082651,52.51390892],[13.47013601,52.51229015],[13.46630626,52.5084344],[13.46845892,52.50685788],[13.47006138,52.5061834],[13.47116294,52.50513418],[13.47271189,52.50635922],[13.47282655,52.50670683],[13.47340852,52.5069238],[13.47306644,52.5071262],[13.47582823,52.51025711],[13.47626648,52.51044084],[13.47543773,52.51343325]]]},"properties":{"plr_id":"02500832","plr_name":"Traveplatz","bzr_name":"Frankfurter Allee Süd FK","pgr_name":"Friedrichshain Ost","bez_id":"02","bez_name":"Friedrichshain-Kreuzberg","ew":9541,"mss_status_index":2,"mss_status_class":"mittel","mss_valid":true,"pet14h":37.43,"t2m04h":18.87,"canopy_pct":14.4,"veg_pct":29.5}},{"type":"Feature","geometry":{"type":"Polygon","coordinates":[[[13.45141453,52.51071139],[13.45595898,52.50987677],[13.46845892,52.50685788],[13.46435439,52.50987133],[13.46282392,52.51145039],[13.46152934,52.51199972],[13.45787578,52.51264937],[13.45289063,52.51421877],[13.45141453,52.51071139]]]},"properties":{"plr_id":"02500833","plr_name":"Boxhagener Platz","bzr_name":"Frankfurter Allee Süd FK","pgr_name":"Friedrichshain Ost","bez_id":"02","bez_name":"Friedrichshain-Kreuzberg","ew":10045,"mss_status_index":2,"mss_status_class":"mittel","mss_valid":true,"pet14h":35.48,"t2m04h":19.0,"canopy_pct":19.4,"veg_pct":32.9}},{"type":"Feature","geometry":{"type":"Polygon","coordinates":[[[13.44984013,52.50734745],[13.45755173,52.50584566],[13.45797464,52.50590082],[13.45821024,52.50633134],[13.45847688,52.50627699],[13.45807151,52.50533102],[13.46320191,52.50491227],[13.4668436,52.50421791],[13.46921854,52.504597],[13.47078631,52.50552415],[13.47006138,52.5061834],[13.46845892,52.50685788],[13.45595898,52.50987677],[13.45141453,52.51071139],[13.44984013,52.50734745]]]},"properties":{"plr_id":"02500834","plr_name":"Revaler Straße","bzr_name":"Frankfurter Allee Süd FK","pgr_name":"Friedrichshain Ost","bez_id":"02","bez_name":"Friedrichshain-Kreuzberg","ew":11299,"mss_status_index":2,"mss_status_class":"mittel","mss_valid":true,"pet14h":36.09,"t2m04h":18.82,"canopy_pct":18.5,"veg_pct":41.5}},{"type":"Feature","geometry":{"type":"Polygon","coordinates":[[[13.46367227,52.49524623],[13.46593218,52.49670419],[13.46773941,52.49842368],[13.46832011,52.49968886],[13.46857269,52.49965174],[13.46887731,52.50015782],[13.47020694,52.50374279],[13.47129079,52.50500216],[13.47078631,52.50552415],[13.46921854,52.504597],[13.4668436,52.50421791],[13.46320191,52.50491227],[13.45807151,52.50533102],[13.45847688,52.50627699],[13.45821024,52.50633134],[13.45797464,52.50590082],[13.45755173,52.50584566],[13.45017805,52.50725602],[13.44908365,52.50554518],[13.44925374,52.5054963],[13.44719037,52.50273847],[13.4451558,52.5011329],[13.44963757,52.49948149],[13.45059305,52.49867548],[13.45111029,52.49891124],[13.45164549,52.49884311],[13.45271243,52.49822263],[13.4526994,52.49801466],[13.45335236,52.497525],[13.45507061,52.49742115],[13.45944897,52.49655186],[13.46192578,52.49558902],[13.46367227,52.49524623]]]},"properties":{"plr_id":"02500835","plr_name":"Stralauer Kiez","bzr_name":"Frankfurter Allee Süd FK","pgr_name":"Friedrichshain Ost","bez_id":"02","bez_name":"Friedrichshain-Kreuzberg","ew":8820,"mss_status_index":2,"mss_status_class":"mittel","mss_valid":true,"pet14h":37.6,"t2m04h":18.67,"canopy_pct":7.9,"veg_pct":20.6}},{"type":"Feature","geometry":{"type":"Polygon","coordinates":[[[13.48295598,52.48604636],[13.48673891,52.48764925],[13.48850383,52.48783605],[13.49070908,52.48744373],[13.49145351,52.48826568],[13.48881286,52.48924859],[13.48846208,52.48988828],[13.48608748,52.49079878],[13.48493595,52.49160383],[13.48414544,52.49165809],[13.47308045,52.4989907],[13.46832011,52.49968886],[13.46738994,52.49799915],[13.46593218,52.49670419],[13.46367227,52.49524623],[13.46398345,52.49502525],[13.46317426,52.49434881],[13.46705933,52.49268636],[13.47101888,52.49148727],[13.47378727,52.4910337],[13.47613005,52.48995587],[13.47768559,52.48878312],[13.47798551,52.48786529],[13.47863131,52.48703326],[13.47942273,52.48792346],[13.48168397,52.48763515],[13.48205573,52.48744351],[13.48295598,52.48604636]]]},"properties":{"plr_id":"02500836","plr_name":"Stralauer Halbinsel","bzr_name":"Frankfurter Allee Süd FK","pgr_name":"Friedrichshain Ost","bez_id":"02","bez_name":"Friedrichshain-Kreuzberg","ew":5137,"mss_status_index":1,"mss_status_class":"hoch","mss_valid":true,"pet14h":34.2,"t2m04h":18.24,"canopy_pct":9.8,"veg_pct":22.3}},{"type":"Feature","geometry":{"type":"Polygon","coordinates":[[[13.49255499,52.63666404],[13.49532852,52.63879911],[13.50995477,52.64688035],[13.50472284,52.64956374],[13.50314303,52.64997087],[13.49075955,52.65479675],[13.48535932,52.65942562],[13.4884242,52.67078672],[13.4852187,52.66964033],[13.47797456,52.66767813],[13.47583275,52.6665476],[13.47569724,52.66665215],[13.47568136,52.66753545],[13.47453191,52.66822199],[13.47646639,52.67135814],[13.48008439,52.67485843],[13.47948781,52.6755077],[13.47727325,52.67390082],[13.47549269,52.67500774],[13.46592802,52.66711845],[13.45955373,52.66897518],[13.45550609,52.66574877],[13.4507857,52.66266742],[13.45394511,52.66184989],[13.4623831,52.65754027],[13.47351292,52.65653128],[13.47426262,52.65575228],[13.47390654,52.65411858],[13.47217647,52.65341117],[13.46996671,52.65186296],[13.46707493,52.65165348],[13.46572367,52.65116861],[13.46305697,52.64992414],[13.46220867,52.64889308],[13.46041376,52.64847671],[13.45973261,52.64808147],[13.45208451,52.64869945],[13.4520978,52.64967171],[13.44873738,52.65000136],[13.44749039,52.65002509],[13.44491327,52.64950183],[13.4433096,52.64953757],[13.44277277,52.6491243],[13.44160985,52.64902305],[13.44154617,52.64938365],[13.44082132,52.64926311],[13.43979046,52.64526695],[13.43400913,52.64428283],[13.43338985,52.64147449],[13.43426109,52.63795389],[13.43272251,52.63737787],[13.42763052,52.63751177],[13.42661479,52.63690671],[13.42723143,52.62881259],[13.4281312,52.62607612],[13.42843296,52.62606557],[13.4295535,52.62442447],[13.43097856,52.62312425],[13.44391662,52.61501444],[13.44621546,52.61329042],[13.44726878,52.61218971],[13.44840963,52.61047825],[13.4490867,52.60788179],[13.45023699,52.60839744],[13.4514643,52.61094348],[13.45259925,52.61209182],[13.45830091,52.61552747],[13.46500096,52.61873524],[13.47043192,52.6228062],[13.47357553,52.62405151],[13.47813223,52.62531284],[13.47963832,52.62556589],[13.48215589,52.62553192],[13.48340788,52.62582676],[13.48158075,52.62649065],[13.49043611,52.63517304],[13.49226134,52.63673223],[13.49255499,52.63666404]]]},"properties":{"plr_id":"03100101","plr_name":"Bucher Forst","bzr_name":"Buch","pgr_name":"Buch","bez_id":"03","bez_name":"Pankow","ew":4720,"mss_status_index":2,"mss_status_class":"mittel","mss_valid":true,"pet14h":33.37,"t2m04h":15.87,"canopy_pct":34.2,"veg_pct":89.1}},{"type":"Feature","geometry":{"type":"Polygon","coordinates":[[[13.49271466,52.6367917],[13.50045438,52.63285447],[13.50658724,52.62895677],[13.50795574,52.62661591],[13.51781647,52.62956534],[13.51847103,52.63169676],[13.52171885,52.6386603],[13.52243981,52.64076147],[13.52302198,52.64503471],[13.52039117,52.64487701],[13.51926608,52.64694605],[13.51282787,52.6453995],[13.50995477,52.64688035],[13.49532852,52.63879911],[13.49271466,52.6367917]]]},"properties":{"plr_id":"03100102","plr_name":"Klinikum Buch","bzr_name":"Buch","pgr_name":"Buch","bez_id":"03","bez_name":"Pankow","ew":3505,"mss_status_index":2,"mss_status_class":"mittel","mss_valid":true,"pet14h":32.57,"t2m04h":16.6,"canopy_pct":39.5,"veg_pct":74.3}},{"type":"Feature","geometry":{"type":"MultiPolygon","coordinates":[[[[13.49271986,52.63678819],[13.49226134,52.63673223],[13.49043611,52.63517304],[13.48158075,52.62649065],[13.48768917,52.62396058],[13.49149447,52.62280707],[13.50472475,52.61964469],[13.50545827,52.6199748],[13.5058547,52.62575196],[13.50795574,52.62661591],[13.50682439,52.62877374],[13.50008892,52.63306032],[13.49516009,52.63563445],[13.49386331,52.63604234],[13.49271986,52.63678819]]],[[[13.50484472,52.61961421],[13.50543909,52.61968546],[13.50545315,52.61988787],[13.50537103,52.61985336],[13.50484472,52.61961421]]]]},"properties":{"plr_id":"03100103","plr_name":"Karower Chaussee","bzr_name":"Buch","pgr_name":"Buch","bez_id":"03","bez_name":"Pankow","ew":9449,"mss_status_index":3,"mss_status_class":"niedrig","mss_valid":true,"pet14h":33.97,"t2m04h":16.87,"canopy_pct":30.6,"veg_pct":60.7}},{"type":"Feature","geometry":{"type":"Polygon","coordinates":[[[13.41367326,52.60932897],[13.41004724,52.61146247],[13.40739177,52.61366808],[13.41273351,52.61523231],[13.41793152,52.61859028],[13.42396147,52.62382911],[13.42538778,52.62310674],[13.42875798,52.62349282],[13.42957018,52.62309405],[13.43016282,52.62383844],[13.42843296,52.62606557],[13.4281312,52.62607612],[13.42734067,52.62832264],[13.42661479,52.63690671],[13.42435456,52.63546491],[13.41655001,52.63943385],[13.41425835,52.64124022],[13.41475133,52.6417799],[13.4147364,52.64238501],[13.41362949,52.64246575],[13.41229229,52.64348199],[13.40788456,52.64268566],[13.40659041,52.64384606],[13.40324089,52.645187],[13.39790586,52.64811462],[13.3979376,52.64828898],[13.39727012,52.64814961],[13.39638868,52.64742389],[13.39455405,52.6475552],[13.39386738,52.64631739],[13.39314819,52.64596358],[13.39329759,52.64579844],[13.39293156,52.64556214],[13.39317809,52.64541079],[13.3928478,52.64546724],[13.39271803,52.64530746],[13.39294882,52.64523481],[13.39237945,52.64497809],[13.39240659,52.6447827],[13.39191223,52.64474949],[13.39233098,52.64440399],[13.39196119,52.6444602],[13.3918301,52.64419892],[13.39217188,52.64404203],[13.39174469,52.64384149],[13.39228552,52.64370484],[13.39150215,52.64363319],[13.39228686,52.64365182],[13.39224774,52.6432757],[13.39130007,52.64354704],[13.391304,52.64317621],[13.39066862,52.64262218],[13.39089876,52.64247218],[13.39014488,52.6424356],[13.39059069,52.64219415],[13.39020484,52.64215426],[13.39046417,52.64182527],[13.39004532,52.6415702],[13.3903966,52.64150475],[13.39018073,52.64134615],[13.38965879,52.6415194],[13.38968696,52.64122523],[13.39040201,52.64085254],[13.38991056,52.64053824],[13.39060962,52.63991514],[13.38961341,52.63937308],[13.38993628,52.63912232],[13.38943814,52.63883731],[13.38981804,52.63878061],[13.38906108,52.63813067],[13.38932883,52.637955],[13.38894427,52.63785797],[13.38920509,52.63762423],[13.38862129,52.6375937],[13.38822836,52.63717453],[13.38635831,52.63692637],[13.38637444,52.63674267],[13.38515021,52.63651868],[13.38507954,52.63626302],[13.38476067,52.63644793],[13.38402624,52.6361836],[13.38393452,52.63646225],[13.38332637,52.63663619],[13.38295802,52.6363495],[13.38181397,52.63639665],[13.38193475,52.63595203],[13.38269258,52.6357466],[13.3828591,52.63521734],[13.37996696,52.63440824],[13.38010478,52.63427825],[13.37940117,52.6338721],[13.37870913,52.63435259],[13.37768453,52.63338985],[13.37761758,52.63307068],[13.37727405,52.63318777],[13.37679342,52.63291604],[13.37719258,52.63267359],[13.37656358,52.63241407],[13.37686921,52.63217486],[13.37647293,52.63214065],[13.37635802,52.63178341],[13.37582203,52.63160715],[13.37634363,52.63136873],[13.37615765,52.6311428],[13.37628166,52.63080625],[13.37702237,52.6298193],[13.37685006,52.62915628],[13.37636564,52.62921501],[13.37667895,52.62889482],[13.37582712,52.62903796],[13.37626694,52.62875089],[13.37637798,52.6283783],[13.37545222,52.62867858],[13.37457248,52.62776688],[13.37354665,52.62779955],[13.37232208,52.62727069],[13.37160483,52.62740055],[13.3714835,52.62716036],[13.37080296,52.62737532],[13.37017491,52.62706897],[13.37023189,52.62682279],[13.36987227,52.62668856],[13.36951029,52.62601357],[13.36913454,52.62603294],[13.36916205,52.6258294],[13.36852986,52.62557902],[13.3676841,52.62571518],[13.36765728,52.62600585],[13.36691585,52.62579299],[13.36692815,52.62534645],[13.36719357,52.62531362],[13.36790766,52.62407218],[13.37155426,52.61969527],[13.37571696,52.613239],[13.37632288,52.6106965],[13.37621177,52.60773849],[13.37577745,52.60707294],[13.37611353,52.60673506],[13.37909728,52.60623491],[13.38607794,52.60421193],[13.39169697,52.6033821],[13.40818333,52.60181811],[13.41416767,52.60093665],[13.41678512,52.6000584],[13.41367326,52.60932897]]]},"properties":{"plr_id":"03200204","plr_name":"Blankenfelde","bzr_name":"Blankenfelde/Niederschönhausen","pgr_name":"Nördliches Pankow","bez_id":"03","bez_name":"Pankow","ew":2423,"mss_status_index":1,"mss_status_class":"hoch","mss_valid":true,"pet14h":34.5,"t2m04h":15.66,"canopy_pct":26.9,"veg_pct":90.3}},{"type":"Feature","geometry":{"type":"Polygon","coordinates":[[[13.40259177,52.60231021],[13.39099594,52.60346855],[13.38569774,52.60427469],[13.38378709,52.60481764],[13.38348997,52.60442273],[13.38294315,52.6042279],[13.38260771,52.60371659],[13.38417111,52.6030367],[13.38417567,52.60232393],[13.38310433,52.60066986],[13.38315933,52.6000381],[13.38611246,52.59852863],[13.38458014,52.59785377],[13.38677945,52.59693304],[13.39039419,52.59588096],[13.38858171,52.59181264],[13.38776546,52.59061017],[13.38388633,52.58801138],[13.38348637,52.58749989],[13.38385099,52.58703655],[13.38409093,52.58459395],[13.38434327,52.58403056],[13.38508124,52.58367856],[13.38553155,52.58303779],[13.40273205,52.58546811],[13.402544,52.5862878],[13.40192006,52.58700129],[13.4018072,52.58997813],[13.40203479,52.59001851],[13.40228113,52.59070434],[13.40325755,52.59466199],[13.40291192,52.60143834],[13.40259177,52.60231021]]]},"properties":{"plr_id":"03200205","plr_name":"Uhlandstraße","bzr_name":"Blankenfelde/Niederschönhausen","pgr_name":"Nördliches Pankow","bez_id":"03","bez_name":"Pankow","ew":9167,"mss_status_index":2,"mss_status_class":"mittel","mss_valid":true,"pet14h":37.13,"t2m04h":16.66,"canopy_pct":18.0,"veg_pct":60.0}},{"type":"Feature","geometry":{"type":"Polygon","coordinates":[[[13.40702005,52.58184398],[13.40438981,52.58162209],[13.40345572,52.58323648],[13.40273205,52.58546811],[13.40239021,52.58550348],[13.38553155,52.58303779],[13.387677,52.57971758],[13.3869949,52.57965508],[13.38670163,52.57912447],[13.38691092,52.57844924],[13.38769541,52.57757256],[13.39089742,52.57668335],[13.39292795,52.57564464],[13.39532757,52.57515359],[13.39656422,52.57517994],[13.39856572,52.57458823],[13.39947561,52.57408434],[13.39952038,52.5742991],[13.39988996,52.57433963],[13.400119,52.5748723],[13.40101333,52.57514087],[13.40044888,52.57610923],[13.40170101,52.57640997],[13.40113228,52.57734653],[13.40323323,52.57790148],[13.40277166,52.57884414],[13.40579384,52.5797157],[13.40785417,52.57996964],[13.40702005,52.58184398]]]},"properties":{"plr_id":"03200206","plr_name":"Pastor-Niemöller-Platz","bzr_name":"Blankenfelde/Niederschönhausen","pgr_name":"Nördliches Pankow","bez_id":"03","bez_name":"Pankow","ew":6842,"mss_status_index":2,"mss_status_class":"mittel","mss_valid":true,"pet14h":35.82,"t2m04h":17.45,"canopy_pct":23.4,"veg_pct":51.5}},{"type":"Feature","geometry":{"type":"Polygon","coordinates":[[[13.40259177,52.60231021],[13.40291192,52.60143834],[13.40325574,52.59438695],[13.40228113,52.59070434],[13.40203479,52.59001851],[13.4018072,52.58997813],[13.40189277,52.58727918],[13.40256663,52.58623257],[13.40345572,52.58323648],[13.4044158,52.5816043],[13.4115534,52.58235081],[13.42513453,52.5864477],[13.43014559,52.58906893],[13.4305582,52.58901843],[13.43193532,52.59298861],[13.43102193,52.59349987],[13.42099467,52.59696323],[13.41961769,52.59773276],[13.41722359,52.59981466],[13.41520928,52.60067988],[13.40818333,52.60181811],[13.40259177,52.60231021]]]},"properties":{"plr_id":"03200207","plr_name":"Herthaplatz","bzr_name":"Blankenfelde/Niederschönhausen","pgr_name":"Nördliches Pankow","bez_id":"03","bez_name":"Pankow","ew":11799,"mss_status_index":2,"mss_status_class":"mittel","mss_valid":true,"pet14h":37.14,"t2m04h":17.28,"canopy_pct":20.9,"veg_pct":52.2}},{"type":"Feature","geometry":{"type":"Polygon","coordinates":[[[13.42675422,52.6031624],[13.41367326,52.60932897],[13.41678512,52.6000584],[13.41806504,52.59921441],[13.41961769,52.59773276],[13.42099467,52.59696323],[13.42999392,52.59390169],[13.43193532,52.59298861],[13.43380489,52.598436],[13.43165889,52.60193283],[13.43156473,52.60242799],[13.42675422,52.6031624]]]},"properties":{"plr_id":"03200308","plr_name":"Nisbléstraße","bzr_name":"Buchholz","pgr_name":"Nördliches Pankow","bez_id":"03","bez_name":"Pankow","ew":5261,"mss_status_index":1,"mss_status_class":"hoch","mss_valid":true,"pet14h":39.13,"t2m04h":17.21,"canopy_pct":14.4,"veg_pct":49.4}},{"type":"Feature","geometry":{"type":"Polygon","coordinates":[[[13.43097856,52.62312425],[13.43048942,52.6216876],[13.43043289,52.62058342],[13.43218704,52.61431202],[13.43190413,52.61424248],[13.43007361,52.60851704],[13.43099311,52.60809311],[13.43339581,52.60778469],[13.43326193,52.6068511],[13.43092553,52.60243912],[13.43156473,52.60242799],[13.43165889,52.60193283],[13.43380489,52.598436],[13.43193532,52.59298861],[13.43462755,52.59149914],[13.43569805,52.59114918],[13.43538975,52.59061587],[13.43468413,52.59012585],[13.43529495,52.58928301],[13.43590357,52.58777962],[13.43577673,52.58754466],[13.43616026,52.58740044],[13.44285381,52.5934251],[13.44489649,52.59582203],[13.44908763,52.60469851],[13.44970317,52.60650559],[13.44973185,52.60808113],[13.4490867,52.60788179],[13.44887391,52.60921266],[13.44802041,52.61114212],[13.44672408,52.6127981],[13.44560295,52.61380946],[13.43097856,52.62312425]]]},"properties":{"plr_id":"03200309","plr_name":"Eddastraße","bzr_name":"Buchholz","pgr_name":"Nördliches Pankow","bez_id":"03","bez_name":"Pankow","ew":5484,"mss_status_index":1,"mss_status_class":"hoch","mss_valid":true,"pet14h":37.81,"t2m04h":16.54,"canopy_pct":15.9,"veg_pct":61.9}},{"type":"Feature","geometry":{"type":"Polygon","coordinates":[[[13.41262181,52.60984079],[13.42675422,52.6031624],[13.43081161,52.60240925],[13.43125587,52.60293753],[13.43326193,52.6068511],[13.43339581,52.60778469],[13.43099311,52.60809311],[13.43007361,52.60851704],[13.43190413,52.61424248],[13.43218704,52.61431202],[13.43043289,52.62058342],[13.43048942,52.6216876],[13.43097856,52.62312425],[13.43016282,52.62383844],[13.42957018,52.62309405],[13.42875798,52.62349282],[13.42538778,52.62310674],[13.42396147,52.62382911],[13.41793152,52.61859028],[13.41273351,52.61523231],[13.40739177,52.61366808],[13.41004724,52.61146247],[13.41262181,52.60984079]]]},"properties":{"plr_id":"03200310","plr_name":"Krugpfuhl","bzr_name":"Buchholz","pgr_name":"Nördliches Pankow","bez_id":"03","bez_name":"Pankow","ew":8088,"mss_status_index":2,"mss_status_class":"mittel","mss_valid":true,"pet14h":39.1,"t2m04h":16.45,"canopy_pct":10.4,"veg_pct":63.2}},{"type":"Feature","geometry":{"type":"MultiPolygon","coordinates":[[[[13.48120115,52.62552091],[13.47667339,52.62133523],[13.48077812,52.61821786],[13.48569058,52.61606467],[13.48562602,52.61592685],[13.48760151,52.61525742],[13.48773951,52.61513297],[13.48700897,52.61382849],[13.49797056,52.60924884],[13.49866346,52.61102855],[13.5033081,52.61899288],[13.50370271,52.61926144],[13.50472475,52.61964469],[13.48875277,52.62358375],[13.48341919,52.62582413],[13.48120115,52.62552091]]],[[[13.50506116,52.61956177],[13.50376658,52.61920544],[13.50344103,52.618994],[13.50506116,52.61956177]]]]},"properties":{"plr_id":"03300411","plr_name":"Karow Nord","bzr_name":"Karow","pgr_name":"Nördliches Weißensee","bez_id":"03","bez_name":"Pankow","ew":11764,"mss_status_index":2,"mss_status_class":"mittel","mss_valid":true,"pet14h":38.36,"t2m04h":17.12,"canopy_pct":13.3,"veg_pct":51.6}},{"type":"Feature","geometry":{"type":"Polygon","coordinates":[[[13.46500096,52.61873524],[13.45809054,52.61541062],[13.45294755,52.61230675],[13.45694281,52.6095811],[13.4569723,52.60917484],[13.460228,52.60666272],[13.46341831,52.60460505],[13.46894342,52.60014797],[13.48135939,52.60955822],[13.4835359,52.61343079],[13.4849157,52.61538286],[13.48533565,52.61545409],[13.48569058,52.61606467],[13.48077812,52.61821786],[13.47667339,52.62133523],[13.48120115,52.62552091],[13.48060601,52.62555807],[13.47813223,52.62531284],[13.47357553,52.62405151],[13.47043192,52.6228062],[13.46500096,52.61873524]]]},"properties":{"plr_id":"03300412","plr_name":"Karow Bahnhof","bzr_name":"Karow","pgr_name":"Nördliches Weißensee","bez_id":"03","bez_name":"Pankow","ew":5226,"mss_status_index":1,"mss_status_class":"hoch","mss_valid":true,"pet14h":37.51,"t2m04h":16.11,"canopy_pct":16.7,"veg_pct":67.8}},{"type":"Feature","geometry":{"type":"Polygon","coordinates":[[[13.49797056,52.60924884],[13.48700897,52.61382849],[13.48773951,52.61513297],[13.48562602,52.61592685],[13.48533565,52.61545409],[13.4849157,52.61538286],[13.4835359,52.61343079],[13.48135939,52.60955822],[13.46894342,52.60014797],[13.47023456,52.5990819],[13.47090954,52.598916],[13.47337326,52.59854069],[13.47607251,52.59853728],[13.47868755,52.59890467],[13.48151638,52.59966127],[13.4816393,52.59951816],[13.49375609,52.60223196],[13.49666162,52.60502728],[13.49797056,52.60924884]]]},"properties":{"plr_id":"03300413","plr_name":"Karow Ost","bzr_name":"Karow","pgr_name":"Nördliches Weißensee","bez_id":"03","bez_name":"Pankow","ew":3195,"mss_status_index":1,"mss_status_class":"hoch","mss_valid":true,"pet14h":38.32,"t2m04h":16.02,"canopy_pct":13.4,"veg_pct":70.3}},{"type":"Feature","geometry":{"type":"Polygon","coordinates":[[[13.45294755,52.61230675],[13.45163058,52.61118789],[13.45037202,52.60859336],[13.44973185,52.60808113],[13.44970317,52.60650559],[13.44908763,52.60469851],[13.44489649,52.59582203],[13.44174848,52.59236744],[13.43152847,52.58307974],[13.43125112,52.58272434],[13.43154457,52.58247531],[13.43362397,52.58231516],[13.43356872,52.58213443],[13.43388341,52.58202989],[13.4354031,52.58328773],[13.43508839,52.58206859],[13.43552271,52.58213207],[13.43555041,52.58257892],[13.43829051,52.58309828],[13.43996637,52.5829343],[13.44506792,52.58158389],[13.44679661,52.58347375],[13.45043834,52.58605159],[13.45174217,52.58737358],[13.45283902,52.58924395],[13.45326607,52.59096727],[13.45397577,52.59066388],[13.45858379,52.58993617],[13.45871644,52.58924512],[13.45909601,52.58891586],[13.46238963,52.58841445],[13.46572107,52.58669469],[13.47125073,52.58970606],[13.47851977,52.59127158],[13.48353761,52.60005961],[13.47868755,52.59890467],[13.47607251,52.59853728],[13.47337326,52.59854069],[13.47023456,52.5990819],[13.46341831,52.60460505],[13.460228,52.60666272],[13.4569723,52.60917484],[13.45694281,52.6095811],[13.45294755,52.61230675]]]},"properties":{"plr_id":"03300514","plr_name":"Blankenburg","bzr_name":"Blankenburg/Heinersdorf/Märchenland","pgr_name":"Nördliches Weißensee","bez_id":"03","bez_name":"Pankow","ew":6869,"mss_status_index":1,"mss_status_class":"hoch","mss_valid":true,"pet14h":37.79,"t2m04h":16.38,"canopy_pct":17.8,"veg_pct":65.5}},{"type":"Feature","geometry":{"type":"Polygon","coordinates":[[[13.44508991,52.58161271],[13.44742853,52.58087231],[13.4510714,52.57808805],[13.45749878,52.57558471],[13.45788723,52.57811611],[13.45936749,52.58036519],[13.46211434,52.58309188],[13.46196958,52.58441537],[13.46572107,52.58669469],[13.46238963,52.58841445],[13.45909601,52.58891586],[13.45871644,52.58924512],[13.45858379,52.58993617],[13.45397577,52.59066388],[13.45326607,52.59096727],[13.45283902,52.58924395],[13.45174217,52.58737358],[13.45043834,52.58605159],[13.44679661,52.58347375],[13.44508991,52.58161271]]]},"properties":{"plr_id":"03300515","plr_name":"Blankenburger Süden","bzr_name":"Blankenburg/Heinersdorf/Märchenland","pgr_name":"Nördliches Weißensee","bez_id":"03","bez_name":"Pankow","ew":49,"mss_status_index":null,"mss_status_class":"Planungsraum ohne Zuordnung","mss_valid":false,"pet14h":38.31,"t2m04h":15.31,"canopy_pct":11.2,"veg_pct":89.4}},{"type":"Feature","geometry":{"type":"Polygon","coordinates":[[[13.43522119,52.58329527],[13.43289526,52.58112964],[13.43340867,52.58089198],[13.4330178,52.58020721],[13.43346075,52.5800176],[13.43354858,52.57947001],[13.43390473,52.57925626],[13.43385142,52.57881034],[13.42984599,52.57621704],[13.42903429,52.57152089],[13.42873603,52.57110663],[13.42720889,52.56494824],[13.42936508,52.5567059],[13.43560762,52.55879967],[13.44250019,52.56203856],[13.44796995,52.56407587],[13.44734296,52.56468053],[13.44741631,52.56490994],[13.44912816,52.56462678],[13.4548988,52.56717806],[13.45761799,52.56741093],[13.45829203,52.57009108],[13.45807628,52.57254184],[13.45735339,52.57377185],[13.45749878,52.57558471],[13.4510714,52.57808805],[13.44742853,52.58087231],[13.44534552,52.58156894],[13.43996637,52.5829343],[13.43829051,52.58309828],[13.43555041,52.58257892],[13.43552271,52.58213207],[13.43502412,52.5820712],[13.4354031,52.58328773],[13.43522119,52.58329527]]]},"properties":{"plr_id":"03300516","plr_name":"Heinersdorf","bzr_name":"Blankenburg/Heinersdorf/Märchenland","pgr_name":"Nördliches Weißensee","bez_id":"03","bez_name":"Pankow","ew":9560,"mss_status_index":1,"mss_status_class":"hoch","mss_valid":true,"pet14h":38.13,"t2m04h":16.73,"canopy_pct":15.1,"veg_pct":59.7}},{"type":"Feature","geometry":{"type":"Polygon","coordinates":[[[13.48353761,52.60005961],[13.47851977,52.59127158],[13.47125073,52.58970606],[13.46707194,52.58751248],[13.46196958,52.58441537],[13.46211434,52.58309188],[13.45936749,52.58036519],[13.45772041,52.57769569],[13.4573474,52.57383484],[13.45807628,52.57254184],[13.45829203,52.57009108],[13.45761799,52.56741093],[13.48367327,52.5644267],[13.48415428,52.56602669],[13.48359018,52.56611937],[13.4875885,52.5692187],[13.48260103,52.57163504],[13.48279536,52.57263188],[13.48202704,52.5724944],[13.47945941,52.5726941],[13.47957539,52.57334131],[13.47985561,52.57332471],[13.47962512,52.57377809],[13.48007662,52.57502194],[13.47974518,52.57514982],[13.4799904,52.57769491],[13.48051602,52.57770265],[13.48020455,52.57791394],[13.47968989,52.58009335],[13.47982252,52.58158725],[13.48047702,52.58353341],[13.48161251,52.58331514],[13.48197464,52.58400211],[13.48356582,52.58407673],[13.4843304,52.58563813],[13.48464628,52.58561835],[13.48530829,52.58713089],[13.48600398,52.58801376],[13.48840491,52.58978408],[13.5051761,52.59646289],[13.49897351,52.60516214],[13.49666162,52.60502728],[13.49375609,52.60223196],[13.48353761,52.60005961]]]},"properties":{"plr_id":"03300517","plr_name":"Märchenland","bzr_name":"Blankenburg/Heinersdorf/Märchenland","pgr_name":"Nördliches Weißensee","bez_id":"03","bez_name":"Pankow","ew":1088,"mss_status_index":1,"mss_status_class":"hoch","mss_valid":true,"pet14h":37.73,"t2m04h":15.44,"canopy_pct":14.0,"veg_pct":87.8}},{"type":"Feature","geometry":{"type":"Polygon","coordinates":[[[13.37578868,52.60702003],[13.37057193,52.59947924],[13.36112847,52.59166865],[13.36612775,52.59274923],[13.37315491,52.59376097],[13.37240952,52.5922946],[13.37142942,52.59106685],[13.3715895,52.59092174],[13.3883437,52.59143673],[13.39039419,52.59588096],[13.38677945,52.59693304],[13.38458014,52.59785377],[13.38611246,52.59852863],[13.38312143,52.60012815],[13.38314885,52.60077118],[13.38417567,52.60232393],[13.38417111,52.6030367],[13.3825938,52.60375316],[13.38378709,52.60481764],[13.37909728,52.60623491],[13.37611353,52.60673506],[13.37578868,52.60702003]]]},"properties":{"plr_id":"03400618","plr_name":"Rosenthal","bzr_name":"Schönholz/Wilhelmsruh/Rosenthal","pgr_name":"Südliches Pankow","bez_id":"03","bez_name":"Pankow","ew":4783,"mss_status_index":1,"mss_status_class":"hoch","mss_valid":true,"pet14h":37.36,"t2m04h":16.66,"canopy_pct":19.3,"veg_pct":64.3}},{"type":"Feature","geometry":{"type":"Polygon","coordinates":[[[13.37811281,52.58054986],[13.38553155,52.58303779],[13.38508124,52.58367856],[13.38418246,52.584282],[13.38385099,52.58703655],[13.38346391,52.58744738],[13.38388633,52.58801138],[13.38776546,52.59061017],[13.3883437,52.59143673],[13.3715895,52.59092174],[13.37142942,52.59106685],[13.37240952,52.5922946],[13.37315491,52.59376097],[13.36612775,52.59274923],[13.36149138,52.59177973],[13.3600705,52.5911766],[13.35175633,52.59079391],[13.34755712,52.59008323],[13.34913344,52.58920032],[13.34991952,52.58923932],[13.34979132,52.58890973],[13.35210399,52.58753452],[13.35781811,52.58438675],[13.35881352,52.58417172],[13.3638679,52.58125233],[13.36564481,52.58382868],[13.36751438,52.58320068],[13.3678102,52.58357283],[13.36881268,52.58319633],[13.37144047,52.58376962],[13.37180433,52.58331251],[13.37431091,52.58409022],[13.37460542,52.58241267],[13.37551665,52.5809878],[13.37811281,52.58054986]]]},"properties":{"plr_id":"03400619","plr_name":"Wilhelmsruh","bzr_name":"Schönholz/Wilhelmsruh/Rosenthal","pgr_name":"Südliches Pankow","bez_id":"03","bez_name":"Pankow","ew":10596,"mss_status_index":2,"mss_status_class":"mittel","mss_valid":true,"pet14h":37.38,"t2m04h":17.41,"canopy_pct":18.1,"veg_pct":49.7}},{"type":"Feature","geometry":{"type":"Polygon","coordinates":[[[13.39096636,52.57665794],[13.38769541,52.57757256],[13.38691092,52.57844924],[13.38671219,52.578865],[13.38683393,52.57948316],[13.387677,52.57971758],[13.38553155,52.58303779],[13.37806233,52.58053551],[13.37551665,52.5809878],[13.37460542,52.58241267],[13.37431091,52.58409022],[13.37180433,52.58331251],[13.37144047,52.58376962],[13.36881268,52.58319633],[13.3678102,52.58357283],[13.36751438,52.58320068],[13.36564481,52.58382868],[13.36407447,52.58143014],[13.37118136,52.57728941],[13.3751442,52.57563157],[13.37815697,52.57361448],[13.3784831,52.57371631],[13.37858928,52.57341349],[13.37891684,52.57345462],[13.3790359,52.57306615],[13.37927082,52.57309476],[13.3796847,52.57252429],[13.38223895,52.57202123],[13.38308223,52.57233292],[13.38826389,52.56947889],[13.38777478,52.56914698],[13.38928166,52.56824255],[13.38838079,52.56767945],[13.38902007,52.56741376],[13.39219266,52.56830869],[13.39675857,52.56883042],[13.39705825,52.56940603],[13.39861788,52.56937138],[13.39867482,52.57037248],[13.39908105,52.57062011],[13.39845531,52.57108039],[13.40109474,52.57232951],[13.40031501,52.57357453],[13.39856572,52.57458823],[13.39656422,52.57517994],[13.39532757,52.57515359],[13.39292795,52.57564464],[13.39096636,52.57665794]]]},"properties":{"plr_id":"03400620","plr_name":"Schönholz","bzr_name":"Schönholz/Wilhelmsruh/Rosenthal","pgr_name":"Südliches Pankow","bez_id":"03","bez_name":"Pankow","ew":3506,"mss_status_index":1,"mss_status_class":"hoch","mss_valid":true,"pet14h":32.17,"t2m04h":17.05,"canopy_pct":43.1,"veg_pct":73.4}},{"type":"Feature","geometry":{"type":"Polygon","coordinates":[[[13.40703094,52.5644957],[13.40301081,52.56952622],[13.40146578,52.56936059],[13.39908105,52.57062011],[13.39867482,52.57037248],[13.39861788,52.56937138],[13.39705825,52.56940603],[13.39675857,52.56883042],[13.39219266,52.56830869],[13.38902007,52.56741376],[13.38879311,52.56715471],[13.3907101,52.56579619],[13.39318954,52.56455731],[13.39462815,52.56324534],[13.39621628,52.56128984],[13.39709762,52.55826794],[13.39792153,52.55858565],[13.39955772,52.56009756],[13.40703094,52.5644957]]]},"properties":{"plr_id":"03400721","plr_name":"Florakiez","bzr_name":"Pankow Zentrum","pgr_name":"Südliches Pankow","bez_id":"03","bez_name":"Pankow","ew":11895,"mss_status_index":2,"mss_status_class":"mittel","mss_valid":true,"pet14h":35.44,"t2m04h":17.98,"canopy_pct":22.5,"veg_pct":46.6}},{"type":"Feature","geometry":{"type":"Polygon","coordinates":[[[13.40301081,52.56952622],[13.4091263,52.57115618],[13.40640044,52.57633029],[13.40718382,52.57648604],[13.40695243,52.57706758],[13.40881921,52.57784021],[13.40779231,52.5799571],[13.40579384,52.5797157],[13.40277166,52.57884414],[13.40323323,52.57790148],[13.40113228,52.57734653],[13.40170101,52.57640997],[13.40044888,52.57610923],[13.40101333,52.57514087],[13.40016951,52.57490324],[13.39988996,52.57433963],[13.39952038,52.5742991],[13.39947561,52.57408434],[13.4008232,52.57295523],[13.40076685,52.57261842],[13.40109474,52.57232951],[13.39847987,52.57098379],[13.40146578,52.56936059],[13.40301081,52.56952622]]]},"properties":{"plr_id":"03400722","plr_name":"Parkstraße","bzr_name":"Pankow Zentrum","pgr_name":"Südliches Pankow","bez_id":"03","bez_name":"Pankow","ew":3807,"mss_status_index":1,"mss_status_class":"hoch","mss_valid":true,"pet14h":33.02,"t2m04h":17.62,"canopy_pct":36.1,"veg_pct":58.0}},{"type":"Feature","geometry":{"type":"Polygon","coordinates":[[[13.40703094,52.5644957],[13.41100284,52.56680289],[13.41086181,52.56705487],[13.41200901,52.56727407],[13.42574629,52.57534331],[13.42738347,52.57662841],[13.41870039,52.57515986],[13.41471017,52.57232964],[13.40866643,52.57107505],[13.40301081,52.56952622],[13.40703094,52.5644957]]]},"properties":{"plr_id":"03400723","plr_name":"Garbátyplatz","bzr_name":"Pankow Zentrum","pgr_name":"Südliches Pankow","bez_id":"03","bez_name":"Pankow","ew":7507,"mss_status_index":2,"mss_status_class":"mittel","mss_valid":true,"pet14h":35.89,"t2m04h":18.22,"canopy_pct":21.9,"veg_pct":37.8}},{"type":"Feature","geometry":{"type":"Polygon","coordinates":[[[13.4188284,52.57877446],[13.41526405,52.57850746],[13.41234895,52.57750271],[13.40765073,52.573948],[13.4091263,52.57115618],[13.41471017,52.57232964],[13.41870039,52.57515986],[13.42586023,52.57631759],[13.42798098,52.57691063],[13.42955451,52.57839562],[13.42937569,52.5799561],[13.42991382,52.58154352],[13.43229647,52.58380658],[13.4318616,52.58397707],[13.43030564,52.58318511],[13.42826305,52.58308318],[13.4285599,52.58166391],[13.42542477,52.58090186],[13.4188284,52.57877446]]]},"properties":{"plr_id":"03400724","plr_name":"Wolfshagener Straße","bzr_name":"Pankow Zentrum","pgr_name":"Südliches Pankow","bez_id":"03","bez_name":"Pankow","ew":8494,"mss_status_index":2,"mss_status_class":"mittel","mss_valid":true,"pet14h":34.61,"t2m04h":17.53,"canopy_pct":23.3,"veg_pct":48.9}},{"type":"Feature","geometry":{"type":"Polygon","coordinates":[[[13.41526405,52.57850746],[13.4188284,52.57877446],[13.42542477,52.58090186],[13.4285599,52.58166391],[13.42826305,52.58308318],[13.43030564,52.58318511],[13.4318616,52.58397707],[13.43229647,52.58380658],[13.43619626,52.58730306],[13.43577673,52.58754466],[13.43590357,52.58777962],[13.43529495,52.58928301],[13.43468413,52.59012585],[13.43538975,52.59061587],[13.43569805,52.59114918],[13.43462755,52.59149914],[13.43193532,52.59298861],[13.4305582,52.58901843],[13.43014559,52.58906893],[13.42513453,52.5864477],[13.4115534,52.58235081],[13.40702005,52.58184398],[13.40883485,52.57791329],[13.40852038,52.57755688],[13.40695243,52.57706758],[13.40718382,52.57648604],[13.40640044,52.57633029],[13.40765073,52.573948],[13.41234895,52.57750271],[13.41526405,52.57850746]]]},"properties":{"plr_id":"03400725","plr_name":"Schlosspark","bzr_name":"Pankow Zentrum","pgr_name":"Südliches Pankow","bez_id":"03","bez_name":"Pankow","ew":7645,"mss_status_index":2,"mss_status_class":"mittel","mss_valid":true,"pet14h":34.02,"t2m04h":17.38,"canopy_pct":31.1,"veg_pct":56.6}},{"type":"Feature","geometry":{"type":"Polygon","coordinates":[[[13.41100284,52.56680289],[13.39955772,52.56009756],[13.39792153,52.55858565],[13.40298414,52.55798791],[13.41449321,52.55743955],[13.41365124,52.55876568],[13.41337551,52.56188894],[13.41243939,52.56752115],[13.41086181,52.56705487],[13.41100284,52.56680289]]]},"properties":{"plr_id":"03400826","plr_name":"Tiroler Viertel","bzr_name":"Pankow Süd","pgr_name":"Südliches Pankow","bez_id":"03","bez_name":"Pankow","ew":7222,"mss_status_index":2,"mss_status_class":"mittel","mss_valid":true,"pet14h":35.58,"t2m04h":18.06,"canopy_pct":26.2,"veg_pct":49.1}},{"type":"Feature","geometry":{"type":"Polygon","coordinates":[[[13.41355547,52.56003904],[13.41365124,52.55876568],[13.41462364,52.55723765],[13.415028,52.55463241],[13.41493386,52.55395127],[13.4238926,52.55296269],[13.42260734,52.55857729],[13.42199503,52.55988737],[13.41355547,52.56003904]]]},"properties":{"plr_id":"03400827","plr_name":"Trelleborger Viertel","bzr_name":"Pankow Süd","pgr_name":"Südliches Pankow","bez_id":"03","bez_name":"Pankow","ew":9703,"mss_status_index":2,"mss_status_class":"mittel","mss_valid":true,"pet14h":35.64,"t2m04h":18.31,"canopy_pct":24.2,"veg_pct":42.9}},{"type":"Feature","geometry":{"type":"Polygon","coordinates":[[[13.43011329,52.55184805],[13.42890516,52.55638693],[13.42936508,52.5567059],[13.42828555,52.56076219],[13.42199503,52.55988737],[13.42260734,52.55857729],[13.4238926,52.55296269],[13.42727664,52.5525876],[13.42997642,52.55154483],[13.43011329,52.55184805]]]},"properties":{"plr_id":"03400828","plr_name":"Spiekermann Straße","bzr_name":"Pankow Süd","pgr_name":"Südliches Pankow","bez_id":"03","bez_name":"Pankow","ew":4934,"mss_status_index":2,"mss_status_class":"mittel","mss_valid":true,"pet14h":36.51,"t2m04h":18.07,"canopy_pct":21.7,"veg_pct":45.2}},{"type":"Feature","geometry":{"type":"Polygon","coordinates":[[[13.42199503,52.55988737],[13.42828555,52.56076219],[13.42732268,52.56444464],[13.41317212,52.56313609],[13.41360215,52.55999498],[13.42199503,52.55988737]]]},"properties":{"plr_id":"03400829","plr_name":"Arnold-Zweig-Straße","bzr_name":"Pankow Süd","pgr_name":"Südliches Pankow","bez_id":"03","bez_name":"Pankow","ew":5968,"mss_status_index":2,"mss_status_class":"mittel","mss_valid":true,"pet14h":36.93,"t2m04h":18.12,"canopy_pct":18.7,"veg_pct":43.1}},{"type":"Feature","geometry":{"type":"Polygon","coordinates":[[[13.42720889,52.56494824],[13.42905653,52.57175372],[13.42818909,52.57194431],[13.42384146,52.57118894],[13.41596805,52.56782172],[13.41382883,52.56657291],[13.4140323,52.56617783],[13.41301106,52.56606695],[13.41278771,52.56589152],[13.41317212,52.56313609],[13.42732268,52.56444464],[13.42720889,52.56494824]]]},"properties":{"plr_id":"03400830","plr_name":"Kissingenviertel","bzr_name":"Pankow Süd","pgr_name":"Südliches Pankow","bez_id":"03","bez_name":"Pankow","ew":9293,"mss_status_index":2,"mss_status_class":"mittel","mss_valid":true,"pet14h":35.37,"t2m04h":18.01,"canopy_pct":24.9,"veg_pct":51.3}},{"type":"Feature","geometry":{"type":"Polygon","coordinates":[[[13.43388341,52.58202989],[13.43356872,52.58213443],[13.43362397,52.58231516],[13.43154457,52.58247531],[13.43124782,52.58272714],[13.43095507,52.58241678],[13.43082127,52.5825857],[13.42991382,52.58154352],[13.42949912,52.58049766],[13.42936569,52.57967819],[13.42955451,52.57839562],[13.42829702,52.57735338],[13.42827104,52.57709516],[13.42574629,52.57534331],[13.41241415,52.56763274],[13.41272719,52.56591252],[13.4140323,52.56617783],[13.41382883,52.56657291],[13.41596805,52.56782172],[13.42374289,52.57115433],[13.42818909,52.57194431],[13.42905653,52.57175372],[13.42984599,52.57621704],[13.43385142,52.57881034],[13.43390473,52.57925626],[13.43354858,52.57947001],[13.43346075,52.5800176],[13.4330178,52.58020721],[13.43340867,52.58089198],[13.43289526,52.58112964],[13.43388341,52.58202989]]]},"properties":{"plr_id":"03400831","plr_name":"Pankower Tor","bzr_name":"Pankow Süd","pgr_name":"Südliches Pankow","bez_id":"03","bez_name":"Pankow","ew":0,"mss_status_index":null,"mss_status_class":"Planungsraum ohne Zuordnung","mss_valid":false,"pet14h":37.38,"t2m04h":16.49,"canopy_pct":11.8,"veg_pct":66.8}},{"type":"Feature","geometry":{"type":"Polygon","coordinates":[[[13.44912816,52.56462678],[13.44741631,52.56490994],[13.44734296,52.56468053],[13.44796995,52.56407587],[13.44250019,52.56203856],[13.43560762,52.55879967],[13.43341992,52.55807405],[13.43363967,52.5575215],[13.43339659,52.55718943],[13.43867546,52.55575676],[13.43935475,52.55587589],[13.43973208,52.555472],[13.44548936,52.55391359],[13.45503545,52.55919214],[13.45737084,52.56106208],[13.44912816,52.56462678]]]},"properties":{"plr_id":"03500932","plr_name":"Bühringstraße","bzr_name":"Weißensee","pgr_name":"Südliches Weißensee","bez_id":"03","bez_name":"Pankow","ew":6659,"mss_status_index":2,"mss_status_class":"mittel","mss_valid":true,"pet14h":35.07,"t2m04h":17.49,"canopy_pct":27.8,"veg_pct":60.7}},{"type":"Feature","geometry":{"type":"Polygon","coordinates":[[[13.46786676,52.55501053],[13.46699061,52.55733643],[13.46610978,52.55733566],[13.45732346,52.56102109],[13.45503545,52.55919214],[13.44548936,52.55391359],[13.44848785,52.55309783],[13.4483765,52.55294618],[13.44869734,52.55241629],[13.44956656,52.55262345],[13.45089965,52.552321],[13.45848081,52.55009811],[13.46323019,52.55117151],[13.46566096,52.55220966],[13.46614476,52.55195687],[13.46731012,52.55296509],[13.46782656,52.55394419],[13.46786676,52.55501053]]]},"properties":{"plr_id":"03500933","plr_name":"Weißer See","bzr_name":"Weißensee","pgr_name":"Südliches Weißensee","bez_id":"03","bez_name":"Pankow","ew":7686,"mss_status_index":2,"mss_status_class":"mittel","mss_valid":true,"pet14h":33.05,"t2m04h":17.6,"canopy_pct":29.5,"veg_pct":54.3}},{"type":"Feature","geometry":{"type":"Polygon","coordinates":[[[13.42890516,52.55638693],[13.43007135,52.55175563],[13.44097316,52.54911142],[13.44548936,52.55391359],[13.43973208,52.555472],[13.43935475,52.55587589],[13.43867546,52.55575676],[13.43339659,52.55718943],[13.43363967,52.5575215],[13.43339759,52.5580564],[13.42890516,52.55638693]]]},"properties":{"plr_id":"03500934","plr_name":"Weißenseer Spitze","bzr_name":"Weißensee","pgr_name":"Südliches Weißensee","bez_id":"03","bez_name":"Pankow","ew":10363,"mss_status_index":2,"mss_status_class":"mittel","mss_valid":true,"pet14h":37.52,"t2m04h":18.57,"canopy_pct":17.8,"veg_pct":31.3}},{"type":"Feature","geometry":{"type":"Polygon","coordinates":[[[13.45851716,52.55020054],[13.44956656,52.55262345],[13.44869734,52.55241629],[13.4483765,52.55294618],[13.44848785,52.55309783],[13.44548936,52.55391359],[13.44097316,52.54911142],[13.44765857,52.54712928],[13.45093264,52.54845587],[13.45851716,52.55020054]]]},"properties":{"plr_id":"03500935","plr_name":"Behaimstraße","bzr_name":"Weißensee","pgr_name":"Südliches Weißensee","bez_id":"03","bez_name":"Pankow","ew":6799,"mss_status_index":2,"mss_status_class":"mittel","mss_valid":true,"pet14h":37.74,"t2m04h":18.74,"canopy_pct":17.3,"veg_pct":28.3}},{"type":"Feature","geometry":{"type":"Polygon","coordinates":[[[13.46323019,52.55117151],[13.45093264,52.54845587],[13.44765857,52.54712928],[13.45359712,52.54452963],[13.45448126,52.54483196],[13.45476234,52.54453715],[13.45507222,52.54464053],[13.45562057,52.54404444],[13.45506247,52.54367358],[13.46731016,52.5384952],[13.46984057,52.54045837],[13.46701748,52.54807104],[13.46736305,52.54832077],[13.46614476,52.55195687],[13.46566096,52.55220966],[13.46323019,52.55117151]]]},"properties":{"plr_id":"03500936","plr_name":"Komponistenviertel Weißensee","bzr_name":"Weißensee","pgr_name":"Südliches Weißensee","bez_id":"03","bez_name":"Pankow","ew":10052,"mss_status_index":2,"mss_status_class":"mittel","mss_valid":true,"pet14h":32.44,"t2m04h":17.94,"canopy_pct":43.2,"veg_pct":61.5}},{"type":"Feature","geometry":{"type":"Polygon","coordinates":[[[13.47809259,52.55569033],[13.47851964,52.55572478],[13.47639775,52.56522504],[13.45860881,52.56731201],[13.45641926,52.56738608],[13.4548988,52.56717806],[13.44912816,52.56462678],[13.46610978,52.55733566],[13.46699061,52.55733643],[13.46790529,52.5549466],[13.46782656,52.55394419],[13.47885914,52.55337486],[13.47888222,52.55365787],[13.47919837,52.55357064],[13.4785096,52.55534396],[13.47823863,52.55534406],[13.47809259,52.55569033]]]},"properties":{"plr_id":"03501037","plr_name":"Rathaus Weißensee","bzr_name":"Weißensee Ost","pgr_name":"Südliches Weißensee","bez_id":"03","bez_name":"Pankow","ew":8487,"mss_status_index":2,"mss_status_class":"mittel","mss_valid":true,"pet14h":37.6,"t2m04h":17.83,"canopy_pct":17.5,"veg_pct":40.8}},{"type":"Feature","geometry":{"type":"Polygon","coordinates":[[[13.48606884,52.5641532],[13.47639775,52.56522504],[13.47851964,52.55572478],[13.47810966,52.55560958],[13.4785096,52.55534396],[13.47919837,52.55357064],[13.47888222,52.55365787],[13.47885914,52.55337486],[13.46782656,52.55394419],[13.46709876,52.55270323],[13.46614476,52.55195687],[13.46736305,52.54832077],[13.46852596,52.5482305],[13.46992893,52.54774191],[13.47964544,52.54754711],[13.48045953,52.54812052],[13.47976516,52.54910152],[13.47934197,52.54930299],[13.47974739,52.54962142],[13.4803719,52.54945192],[13.48222238,52.54964756],[13.48611684,52.55239844],[13.49442976,52.55078469],[13.49563784,52.55360833],[13.49561208,52.55470625],[13.4952781,52.55555597],[13.49085394,52.56008353],[13.48728924,52.56128809],[13.48539782,52.56155058],[13.48518779,52.56179871],[13.48532109,52.56227432],[13.48559562,52.56241831],[13.48606884,52.5641532]]]},"properties":{"plr_id":"03501038","plr_name":"Hansastraße","bzr_name":"Weißensee Ost","pgr_name":"Südliches Weißensee","bez_id":"03","bez_name":"Pankow","ew":7506,"mss_status_index":2,"mss_status_class":"mittel","mss_valid":true,"pet14h":32.95,"t2m04h":17.29,"canopy_pct":38.1,"veg_pct":70.4}},{"type":"Feature","geometry":{"type":"Polygon","coordinates":[[[13.39792153,52.55858565],[13.39709762,52.55826794],[13.39717695,52.55634377],[13.3975295,52.55486167],[13.41493386,52.55395127],[13.415028,52.55463241],[13.41449321,52.55743955],[13.40298414,52.55798791],[13.39792153,52.55858565]]]},"properties":{"plr_id":"03601139","plr_name":"Norweger Viertel","bzr_name":"Prenzlauer Berg Nordwest","pgr_name":"Nördlicher Prenzlauer Berg","bez_id":"03","bez_name":"Pankow","ew":4040,"mss_status_index":2,"mss_status_class":"mittel","mss_valid":true,"pet14h":36.0,"t2m04h":17.13,"canopy_pct":19.5,"veg_pct":59.9}},{"type":"Feature","geometry":{"type":"Polygon","coordinates":[[[13.40550637,52.54972519],[13.40650908,52.5544437],[13.3975295,52.55486167],[13.39806347,52.55260011],[13.3976298,52.55141799],[13.39684603,52.55070381],[13.40015958,52.55099642],[13.40119517,52.55021403],[13.40231512,52.5497924],[13.40550637,52.54972519]]]},"properties":{"plr_id":"03601140","plr_name":"Malmöer Straße","bzr_name":"Prenzlauer Berg Nordwest","pgr_name":"Nördlicher Prenzlauer Berg","bez_id":"03","bez_name":"Pankow","ew":6016,"mss_status_index":2,"mss_status_class":"mittel","mss_valid":true,"pet14h":36.45,"t2m04h":18.94,"canopy_pct":10.2,"veg_pct":23.8}},{"type":"Feature","geometry":{"type":"Polygon","coordinates":[[[13.41404859,52.54929242],[13.41493386,52.55395127],[13.40650908,52.5544437],[13.40550637,52.54972519],[13.40992241,52.54990255],[13.41337449,52.54958946],[13.41332873,52.54932801],[13.41404859,52.54929242]]]},"properties":{"plr_id":"03601141","plr_name":"Arnimplatz","bzr_name":"Prenzlauer Berg Nordwest","pgr_name":"Nördlicher Prenzlauer Berg","bez_id":"03","bez_name":"Pankow","ew":7057,"mss_status_index":2,"mss_status_class":"mittel","mss_valid":true,"pet14h":35.25,"t2m04h":18.75,"canopy_pct":19.4,"veg_pct":29.2}},{"type":"Feature","geometry":{"type":"Polygon","coordinates":[[[13.40992241,52.54990255],[13.40245556,52.54976313],[13.40119517,52.55021403],[13.40039151,52.55095431],[13.39889984,52.55088568],[13.39923348,52.54906762],[13.4003037,52.54664556],[13.39920654,52.54653041],[13.40024556,52.54337642],[13.40203094,52.54012458],[13.40337827,52.5405059],[13.40352788,52.54021348],[13.4083475,52.54121907],[13.41256423,52.54088537],[13.41294466,52.54140009],[13.4125288,52.54148976],[13.41268737,52.54348486],[13.41404472,52.5492697],[13.41332873,52.54932801],[13.41337449,52.54958946],[13.40992241,52.54990255]]]},"properties":{"plr_id":"03601142","plr_name":"Falkplatz","bzr_name":"Prenzlauer Berg Nordwest","pgr_name":"Nördlicher Prenzlauer Berg","bez_id":"03","bez_name":"Pankow","ew":10860,"mss_status_index":2,"mss_status_class":"mittel","mss_valid":true,"pet14h":36.46,"t2m04h":17.95,"canopy_pct":14.3,"veg_pct":39.5}},{"type":"Feature","geometry":{"type":"Polygon","coordinates":[[[13.41493386,52.55395127],[13.41404859,52.54929242],[13.41932331,52.54764866],[13.41969709,52.5476185],[13.42480014,52.55238317],[13.42493824,52.55284755],[13.41493386,52.55395127]]]},"properties":{"plr_id":"03601243","plr_name":"Rodenbergstraße","bzr_name":"Prenzlauer Berg Nord","pgr_name":"Nördlicher Prenzlauer Berg","bez_id":"03","bez_name":"Pankow","ew":6990,"mss_status_index":2,"mss_status_class":"mittel","mss_valid":true,"pet14h":36.01,"t2m04h":18.87,"canopy_pct":17.4,"veg_pct":27.2}},{"type":"Feature","geometry":{"type":"Polygon","coordinates":[[[13.41969709,52.5476185],[13.42691107,52.54413708],[13.42786939,52.54691006],[13.42997642,52.55154483],[13.42727664,52.5525876],[13.42493824,52.55284755],[13.42480014,52.55238317],[13.41969709,52.5476185]]]},"properties":{"plr_id":"03601244","plr_name":"Humannplatz","bzr_name":"Prenzlauer Berg Nord","pgr_name":"Nördlicher Prenzlauer Berg","bez_id":"03","bez_name":"Pankow","ew":7614,"mss_status_index":2,"mss_status_class":"mittel","mss_valid":true,"pet14h":35.75,"t2m04h":18.53,"canopy_pct":22.1,"veg_pct":35.5}},{"type":"Feature","geometry":{"type":"Polygon","coordinates":[[[13.44085316,52.54913789],[13.43007135,52.55175563],[13.42786939,52.54691006],[13.42691107,52.54413708],[13.43723854,52.54020171],[13.44257346,52.54471276],[13.44765857,52.54712928],[13.44085316,52.54913789]]]},"properties":{"plr_id":"03601245","plr_name":"Ostseestraße","bzr_name":"Prenzlauer Berg Nord","pgr_name":"Nördlicher Prenzlauer Berg","bez_id":"03","bez_name":"Pankow","ew":13511,"mss_status_index":2,"mss_status_class":"mittel","mss_valid":true,"pet14h":36.77,"t2m04h":18.28,"canopy_pct":19.8,"veg_pct":38.4}},{"type":"Feature","geometry":{"type":"Polygon","coordinates":[[[13.41966665,52.54762928],[13.41404859,52.54929242],[13.41268737,52.54348486],[13.4125288,52.54148976],[13.41294466,52.54140009],[13.41966665,52.54762928]]]},"properties":{"plr_id":"03601346","plr_name":"Gethsemanekirche","bzr_name":"Helmholtzplatz","pgr_name":"Nördlicher Prenzlauer Berg","bez_id":"03","bez_name":"Pankow","ew":5888,"mss_status_index":2,"mss_status_class":"mittel","mss_valid":true,"pet14h":36.3,"t2m04h":18.98,"canopy_pct":12.6,"veg_pct":18.7}},{"type":"Feature","geometry":{"type":"Polygon","coordinates":[[[13.4234491,52.54573186],[13.41966665,52.54762928],[13.41256423,52.54088537],[13.41836921,52.53986869],[13.4234491,52.54573186]]]},"properties":{"plr_id":"03601347","plr_name":"Helmholtzplatz","bzr_name":"Helmholtzplatz","pgr_name":"Nördlicher Prenzlauer Berg","bez_id":"03","bez_name":"Pankow","ew":9495,"mss_status_index":2,"mss_status_class":"mittel","mss_valid":true,"pet14h":35.83,"t2m04h":18.75,"canopy_pct":16.9,"veg_pct":26.2}},{"type":"Feature","geometry":{"type":"Polygon","coordinates":[[[13.42677111,52.54418752],[13.4234491,52.54573186],[13.41836921,52.53986869],[13.42375335,52.53903336],[13.42677111,52.54418752]]]},"properties":{"plr_id":"03601348","plr_name":"Senefelderstraße","bzr_name":"Helmholtzplatz","pgr_name":"Nördlicher Prenzlauer Berg","bez_id":"03","bez_name":"Pankow","ew":7470,"mss_status_index":2,"mss_status_class":"mittel","mss_valid":true,"pet14h":36.25,"t2m04h":19.26,"canopy_pct":14.5,"veg_pct":19.0}},{"type":"Feature","geometry":{"type":"Polygon","coordinates":[[[13.4482817,52.53614213],[13.4579245,52.5424776],[13.45506247,52.54367358],[13.45562057,52.54404444],[13.45507222,52.54464053],[13.45476234,52.54453715],[13.45448126,52.54483196],[13.45359712,52.54452963],[13.44765857,52.54712928],[13.44262107,52.54474437],[13.43792551,52.54078675],[13.44612305,52.53751665],[13.4482817,52.53614213]]]},"properties":{"plr_id":"03601449","plr_name":"Michelangelostraße","bzr_name":"Prenzlauer Berg Ost","pgr_name":"Nördlicher Prenzlauer Berg","bez_id":"03","bez_name":"Pankow","ew":9928,"mss_status_index":3,"mss_status_class":"niedrig","mss_valid":true,"pet14h":34.38,"t2m04h":17.63,"canopy_pct":29.7,"veg_pct":56.8}},{"type":"Feature","geometry":{"type":"Polygon","coordinates":[[[13.4579245,52.5424776],[13.4482817,52.53614213],[13.45408774,52.53029612],[13.45438952,52.53031411],[13.456332,52.52839488],[13.4606745,52.52935794],[13.46338944,52.53263378],[13.46874267,52.5347123],[13.46778523,52.53614182],[13.46638416,52.53665691],[13.46764766,52.53844978],[13.4579245,52.5424776]]]},"properties":{"plr_id":"03601450","plr_name":"Volkspark Prenzlauer Berg","bzr_name":"Prenzlauer Berg Ost","pgr_name":"Nördlicher Prenzlauer Berg","bez_id":"03","bez_name":"Pankow","ew":5449,"mss_status_index":4,"mss_status_class":"sehr niedrig","mss_valid":true,"pet14h":34.53,"t2m04h":17.41,"canopy_pct":30.3,"veg_pct":61.5}},{"type":"Feature","geometry":{"type":"Polygon","coordinates":[[[13.43247904,52.53607506],[13.44134469,52.53179324],[13.4482817,52.53614213],[13.44612305,52.53751665],[13.43792684,52.54078612],[13.43247904,52.53607506]]]},"properties":{"plr_id":"03601451","plr_name":"Anton-Saefkow-Park","bzr_name":"Prenzlauer Berg Ost","pgr_name":"Nördlicher Prenzlauer Berg","bez_id":"03","bez_name":"Pankow","ew":6527,"mss_status_index":2,"mss_status_class":"mittel","mss_valid":true,"pet14h":34.98,"t2m04h":18.21,"canopy_pct":26.1,"veg_pct":42.9}},{"type":"Feature","geometry":{"type":"Polygon","coordinates":[[[13.4482817,52.53614213],[13.44134469,52.53179324],[13.44716828,52.52640843],[13.45191261,52.52773811],[13.45218282,52.5277958],[13.45241658,52.5275263],[13.456332,52.52839488],[13.45438952,52.53031411],[13.45408774,52.53029612],[13.4482817,52.53614213]]]},"properties":{"plr_id":"03601452","plr_name":"Velodrom","bzr_name":"Prenzlauer Berg Ost","pgr_name":"Nördlicher Prenzlauer Berg","bez_id":"03","bez_name":"Pankow","ew":4746,"mss_status_index":2,"mss_status_class":"mittel","mss_valid":true,"pet14h":37.34,"t2m04h":17.7,"canopy_pct":13.8,"veg_pct":38.6}},{"type":"Feature","geometry":{"type":"Polygon","coordinates":[[[13.45241658,52.5275263],[13.45579976,52.52255234],[13.45615579,52.5224558],[13.45529013,52.52127228],[13.46269507,52.51992761],[13.47210727,52.52069436],[13.47029864,52.52237926],[13.46858522,52.5232994],[13.46602252,52.5240617],[13.46275611,52.52450408],[13.45911774,52.52576813],[13.45612004,52.52834691],[13.45241658,52.5275263]]]},"properties":{"plr_id":"03601453","plr_name":"Alter Schlachthof","bzr_name":"Prenzlauer Berg Ost","pgr_name":"Nördlicher Prenzlauer Berg","bez_id":"03","bez_name":"Pankow","ew":3391,"mss_status_index":1,"mss_status_class":"hoch","mss_valid":true,"pet14h":40.01,"t2m04h":18.39,"canopy_pct":5.3,"veg_pct":33.6}},{"type":"Feature","geometry":{"type":"Polygon","coordinates":[[[13.40419076,52.5404013],[13.40470455,52.54018775],[13.40748616,52.53468983],[13.40834986,52.53434795],[13.40642591,52.53234705],[13.40608642,52.53060514],[13.40558574,52.52966502],[13.40971433,52.52888681],[13.41043106,52.52976531],[13.41249915,52.53122322],[13.41314727,52.53338235],[13.41269226,52.53555998],[13.41256423,52.54088537],[13.4083475,52.54121907],[13.40419076,52.5404013]]]},"properties":{"plr_id":"03701554","plr_name":"Teutoburger Platz","bzr_name":"Prenzlauer Berg Südwest","pgr_name":"Südlicher Prenzlauer Berg","bez_id":"03","bez_name":"Pankow","ew":11453,"mss_status_index":2,"mss_status_class":"mittel","mss_valid":true,"pet14h":36.65,"t2m04h":18.76,"canopy_pct":16.3,"veg_pct":26.6}},{"type":"Feature","geometry":{"type":"Polygon","coordinates":[[[13.4244169,52.53885259],[13.41256423,52.54088537],[13.4126925,52.53597638],[13.41725831,52.53665114],[13.42235407,52.53536813],[13.4244169,52.53885259]]]},"properties":{"plr_id":"03701555","plr_name":"Sredzkistraße","bzr_name":"Prenzlauer Berg Südwest","pgr_name":"Südlicher Prenzlauer Berg","bez_id":"03","bez_name":"Pankow","ew":7258,"mss_status_index":2,"mss_status_class":"mittel","mss_valid":true,"pet14h":36.03,"t2m04h":18.89,"canopy_pct":19.4,"veg_pct":29.2}},{"type":"Feature","geometry":{"type":"Polygon","coordinates":[[[13.4161457,52.52708367],[13.41976718,52.53101792],[13.42235407,52.53536813],[13.41725831,52.53665114],[13.4126925,52.53597638],[13.41314727,52.53338235],[13.41249915,52.53122322],[13.41043106,52.52976531],[13.40971433,52.52888681],[13.41142544,52.52859137],[13.4161457,52.52708367]]]},"properties":{"plr_id":"03701556","plr_name":"Kollwitzplatz","bzr_name":"Prenzlauer Berg Südwest","pgr_name":"Südlicher Prenzlauer Berg","bez_id":"03","bez_name":"Pankow","ew":8598,"mss_status_index":1,"mss_status_class":"hoch","mss_valid":true,"pet14h":35.73,"t2m04h":18.67,"canopy_pct":21.5,"veg_pct":34.1}},{"type":"Feature","geometry":{"type":"Polygon","coordinates":[[[13.42691107,52.54413708],[13.42375335,52.53903336],[13.43247904,52.53607506],[13.43723854,52.54020171],[13.42691107,52.54413708]]]},"properties":{"plr_id":"03701657","plr_name":"Thälmannpark","bzr_name":"Prenzlauer Berg Süd","pgr_name":"Südlicher Prenzlauer Berg","bez_id":"03","bez_name":"Pankow","ew":3215,"mss_status_index":2,"mss_status_class":"mittel","mss_valid":true,"pet14h":34.18,"t2m04h":17.67,"canopy_pct":29.5,"veg_pct":55.2}},{"type":"Feature","geometry":{"type":"Polygon","coordinates":[[[13.43247904,52.53607506],[13.4244169,52.53885259],[13.42235407,52.53536813],[13.42900173,52.53307984],[13.43247904,52.53607506]]]},"properties":{"plr_id":"03701658","plr_name":"Christburger Straße","bzr_name":"Prenzlauer Berg Süd","pgr_name":"Südlicher Prenzlauer Berg","bez_id":"03","bez_name":"Pankow","ew":8285,"mss_status_index":2,"mss_status_class":"mittel","mss_valid":true,"pet14h":35.96,"t2m04h":19.04,"canopy_pct":14.5,"veg_pct":23.2}},{"type":"Feature","geometry":{"type":"Polygon","coordinates":[[[13.42317145,52.52807763],[13.42900173,52.53307984],[13.42235407,52.53536813],[13.41976718,52.53101792],[13.4161457,52.52708367],[13.41975321,52.52554563],[13.42364211,52.527915],[13.42317145,52.52807763]]]},"properties":{"plr_id":"03701659","plr_name":"Immanuelkirchstraße","bzr_name":"Prenzlauer Berg Süd","pgr_name":"Südlicher Prenzlauer Berg","bez_id":"03","bez_name":"Pankow","ew":9477,"mss_status_index":2,"mss_status_class":"mittel","mss_valid":true,"pet14h":33.42,"t2m04h":18.29,"canopy_pct":27.8,"veg_pct":42.9}},{"type":"Feature","geometry":{"type":"Polygon","coordinates":[[[13.42317145,52.52807763],[13.42485448,52.52787787],[13.42502691,52.52809522],[13.4374816,52.52954807],[13.43831062,52.52880051],[13.43874823,52.52877787],[13.44227741,52.53102563],[13.44103515,52.53203679],[13.43247904,52.53607506],[13.42317145,52.52807763]]]},"properties":{"plr_id":"03701660","plr_name":"Bötzowstraße","bzr_name":"Prenzlauer Berg Süd","pgr_name":"Südlicher Prenzlauer Berg","bez_id":"03","bez_name":"Pankow","ew":12614,"mss_status_index":2,"mss_status_class":"mittel","mss_valid":true,"pet14h":35.98,"t2m04h":18.67,"canopy_pct":16.1,"veg_pct":30.5}},{"type":"Feature","geometry":{"type":"Polygon","coordinates":[[[13.32731343,52.54131299],[13.32584147,52.5421627],[13.31793577,52.54823771],[13.30441296,52.54873753],[13.27059373,52.54942865],[13.27033732,52.54934494],[13.27030462,52.54865027],[13.2699748,52.54865584],[13.27066064,52.54788601],[13.27336952,52.54294317],[13.27314059,52.54290922],[13.27348382,52.54207002],[13.27230707,52.53886673],[13.27392913,52.53842981],[13.27522808,52.5376904],[13.27627587,52.5356387],[13.28218242,52.53405054],[13.28124248,52.5305735],[13.28083901,52.53006683],[13.28394963,52.52913038],[13.28503444,52.52904226],[13.29000481,52.53024033],[13.29194307,52.53044185],[13.29372432,52.53032055],[13.29443655,52.52970513],[13.29568644,52.52987978],[13.29518611,52.53083388],[13.29396752,52.53167228],[13.29400159,52.53206748],[13.29450669,52.53232056],[13.29371612,52.53352295],[13.29306044,52.53337247],[13.2926557,52.53443925],[13.29338972,52.53485568],[13.29331344,52.53540836],[13.29411462,52.53541062],[13.29414365,52.53681691],[13.29729023,52.54294841],[13.29808117,52.54278939],[13.29809518,52.5406182],[13.30405342,52.54067646],[13.3040375,52.53645626],[13.30447872,52.535069],[13.30502249,52.53514798],[13.30520941,52.53466485],[13.32913448,52.53823053],[13.32719119,52.53964622],[13.32731343,52.54131299]]]},"properties":{"plr_id":"04100101","plr_name":"Jungfernheide/Plötzensee","bzr_name":"Charlottenburg Nord","pgr_name":"Charlottenburg Nord","bez_id":"04","bez_name":"Charlottenburg-Wilmersdorf","ew":11768,"mss_status_index":3,"mss_status_class":"niedrig","mss_valid":true,"pet14h":32.86,"t2m04h":17.44,"canopy_pct":36.0,"veg_pct":66.5}},{"type":"Feature","geometry":{"type":"Polygon","coordinates":[[[13.29729023,52.54294841],[13.29414365,52.53681691],[13.29411462,52.53541062],[13.29331344,52.53540836],[13.29338972,52.53485568],[13.2926557,52.53443925],[13.29306044,52.53337247],[13.29371612,52.53352295],[13.29424455,52.5327213],[13.29922916,52.53383577],[13.30520941,52.53466485],[13.30502249,52.53514798],[13.30447872,52.535069],[13.3040375,52.53645626],[13.30405342,52.54067646],[13.29809518,52.5406182],[13.29808117,52.54278939],[13.29729023,52.54294841]]]},"properties":{"plr_id":"04100102","plr_name":"Paul-Hertz-Siedlung","bzr_name":"Charlottenburg Nord","pgr_name":"Charlottenburg Nord","bez_id":"04","bez_name":"Charlottenburg-Wilmersdorf","ew":7878,"mss_status_index":4,"mss_status_class":"sehr niedrig","mss_valid":true,"pet14h":33.86,"t2m04h":17.9,"canopy_pct":31.8,"veg_pct":58.3}},{"type":"Feature","geometry":{"type":"Polygon","coordinates":[[[13.23134162,52.50977975],[13.24095261,52.51119551],[13.24077439,52.51196586],[13.24655151,52.51373655],[13.24996577,52.51545686],[13.24989969,52.51572754],[13.25400097,52.51609448],[13.25256826,52.52018675],[13.25197434,52.52102521],[13.24671394,52.52446657],[13.23996974,52.52609005],[13.23983485,52.52588113],[13.23644922,52.52613224],[13.23127503,52.52577043],[13.22818068,52.5260203],[13.22803878,52.52571204],[13.22730474,52.52561487],[13.22201987,52.52617372],[13.21969555,52.52241381],[13.21938835,52.52142056],[13.219335,52.51958036],[13.2200973,52.51459876],[13.221125,52.51343976],[13.22718711,52.50998033],[13.22871028,52.50948571],[13.2289862,52.51000094],[13.23134162,52.50977975]]]},"properties":{"plr_id":"04200203","plr_name":"Olympiagelände","bzr_name":"Heerstraße","pgr_name":"Charlottenburg West","bez_id":"04","bez_name":"Charlottenburg-Wilmersdorf","ew":1456,"mss_status_index":1,"mss_status_class":"hoch","mss_valid":true,"pet14h":31.29,"t2m04h":17.19,"canopy_pct":45.5,"veg_pct":76.6}},{"type":"Feature","geometry":{"type":"Polygon","coordinates":[[[13.2149805,52.50950918],[13.22794575,52.50710161],[13.2282569,52.50864062],[13.22871028,52.50948571],[13.22643651,52.51030715],[13.22094779,52.51362161],[13.21975179,52.51357711],[13.21967909,52.51400875],[13.21883308,52.51336713],[13.21847177,52.51340249],[13.21647169,52.51169561],[13.2149805,52.50950918]]]},"properties":{"plr_id":"04200204","plr_name":"Angerburger Allee","bzr_name":"Heerstraße","pgr_name":"Charlottenburg West","bez_id":"04","bez_name":"Charlottenburg-Wilmersdorf","ew":3325,"mss_status_index":2,"mss_status_class":"mittel","mss_valid":true,"pet14h":29.78,"t2m04h":17.78,"canopy_pct":55.2,"veg_pct":76.8}},{"type":"Feature","geometry":{"type":"Polygon","coordinates":[[[13.22966056,52.50700088],[13.25424727,52.5085579],[13.25855371,52.50877641],[13.25700947,52.50973801],[13.25595675,52.51087082],[13.25400097,52.51609448],[13.25293432,52.51605922],[13.24989969,52.51572754],[13.24996577,52.51545686],[13.24655151,52.51373655],[13.24077439,52.51196586],[13.24095261,52.51119551],[13.23157376,52.50980266],[13.2289862,52.51000094],[13.22799425,52.50770288],[13.22806284,52.50710551],[13.22932049,52.50718172],[13.22966056,52.50700088]]]},"properties":{"plr_id":"04200205","plr_name":"Flatowallee","bzr_name":"Heerstraße","pgr_name":"Charlottenburg West","bez_id":"04","bez_name":"Charlottenburg-Wilmersdorf","ew":2522,"mss_status_index":2,"mss_status_class":"mittel","mss_valid":true,"pet14h":31.57,"t2m04h":17.36,"canopy_pct":44.0,"veg_pct":74.5}},{"type":"Feature","geometry":{"type":"Polygon","coordinates":[[[13.25855371,52.50877641],[13.22966056,52.50700088],[13.22932049,52.50718172],[13.2275214,52.50713748],[13.21649891,52.50936024],[13.21570138,52.50937188],[13.21558275,52.50916013],[13.21454629,52.50936864],[13.21383584,52.50909003],[13.21186187,52.50934697],[13.21101377,52.50852271],[13.21049611,52.50719986],[13.208764,52.50504591],[13.20934664,52.50430118],[13.20972687,52.50291048],[13.2120219,52.50261073],[13.21186328,52.50222025],[13.22338267,52.50331878],[13.25421246,52.50521375],[13.25825728,52.50829425],[13.25950579,52.50838333],[13.25855371,52.50877641]]]},"properties":{"plr_id":"04200206","plr_name":"Kranzallee","bzr_name":"Heerstraße","pgr_name":"Charlottenburg West","bez_id":"04","bez_name":"Charlottenburg-Wilmersdorf","ew":2848,"mss_status_index":2,"mss_status_class":"mittel","mss_valid":true,"pet14h":30.37,"t2m04h":17.41,"canopy_pct":49.1,"veg_pct":76.6}},{"type":"Feature","geometry":{"type":"Polygon","coordinates":[[[13.20972687,52.50291048],[13.20513245,52.50134842],[13.19907963,52.49987983],[13.19520821,52.49973996],[13.19169933,52.49867568],[13.18984046,52.4975455],[13.18945485,52.49498235],[13.18953425,52.49293367],[13.18754926,52.49120981],[13.18659686,52.48929203],[13.18714865,52.48712837],[13.18981155,52.4843345],[13.19016718,52.48261939],[13.18724801,52.47865441],[13.18829487,52.47408401],[13.18817003,52.47183692],[13.1945596,52.47097791],[13.19523189,52.47124876],[13.19662227,52.47134069],[13.1975762,52.47063979],[13.19761942,52.4697319],[13.19792814,52.46913489],[13.19915229,52.4687457],[13.20063895,52.46904469],[13.20221153,52.47015811],[13.2045737,52.47052733],[13.21147502,52.46943906],[13.21323021,52.46953084],[13.2161592,52.47009808],[13.22377646,52.46998596],[13.23146965,52.47075629],[13.2351015,52.46966109],[13.23833493,52.46916987],[13.23858863,52.46941147],[13.2388064,52.46930712],[13.23911496,52.46955888],[13.23879581,52.46970208],[13.24453814,52.47426417],[13.25032753,52.47763036],[13.25346153,52.48010462],[13.2575341,52.4856192],[13.25640896,52.48615589],[13.2565297,52.48626322],[13.26056145,52.4894351],[13.26164521,52.48891906],[13.26394564,52.49004281],[13.26753531,52.49385752],[13.27033544,52.49612953],[13.27255737,52.49745948],[13.27235763,52.49770637],[13.27450711,52.49831821],[13.27342168,52.4981782],[13.27182239,52.49845721],[13.26796138,52.49995729],[13.26684756,52.50085751],[13.26580524,52.50215993],[13.26465728,52.505135],[13.26396891,52.50608135],[13.26264586,52.50702334],[13.25950579,52.50838333],[13.25825728,52.50829425],[13.25421246,52.50521375],[13.22338267,52.50331878],[13.21186328,52.50222025],[13.2120219,52.50261073],[13.20972687,52.50291048]]]},"properties":{"plr_id":"04200207","plr_name":"Eichkamp","bzr_name":"Heerstraße","pgr_name":"Charlottenburg West","bez_id":"04","bez_name":"Charlottenburg-Wilmersdorf","ew":2996,"mss_status_index":1,"mss_status_class":"hoch","mss_valid":true,"pet14h":26.97,"t2m04h":17.52,"canopy_pct":70.1,"veg_pct":87.7}},{"type":"Feature","geometry":{"type":"Polygon","coordinates":[[[13.2632951,52.52089435],[13.26138931,52.51776888],[13.26130119,52.51702615],[13.26166348,52.51678939],[13.26109655,52.51635557],[13.26140669,52.51615253],[13.26330723,52.51503263],[13.2770111,52.51273274],[13.27952627,52.51815977],[13.2836473,52.51842615],[13.28187136,52.52235633],[13.28144382,52.52481776],[13.28202139,52.52660345],[13.28233362,52.52603838],[13.28357915,52.52773255],[13.28511243,52.52864517],[13.28303651,52.52852993],[13.28351744,52.52923066],[13.27932688,52.53032638],[13.27761439,52.53005108],[13.27468619,52.52887045],[13.26538478,52.52878277],[13.25979234,52.5273245],[13.25387449,52.52705222],[13.25035782,52.52713308],[13.2485674,52.52745973],[13.24668071,52.52831365],[13.24634202,52.52768896],[13.2471125,52.5272798],[13.24723881,52.52587244],[13.24770316,52.52457399],[13.24750951,52.52428543],[13.25410631,52.52253406],[13.2632951,52.52089435]]]},"properties":{"plr_id":"04200308","plr_name":"Branitzer Platz","bzr_name":"Westend","pgr_name":"Charlottenburg West","bez_id":"04","bez_name":"Charlottenburg-Wilmersdorf","ew":6113,"mss_status_index":2,"mss_status_class":"mittel","mss_valid":true,"pet14h":34.41,"t2m04h":16.88,"canopy_pct":23.7,"veg_pct":70.3}},{"type":"Feature","geometry":{"type":"Polygon","coordinates":[[[13.2632951,52.52089435],[13.25410631,52.52253406],[13.24664963,52.52441656],[13.24914737,52.52301322],[13.25206853,52.52091506],[13.25256826,52.52018675],[13.25595675,52.51087082],[13.25745131,52.50940608],[13.25950579,52.50838333],[13.25924174,52.51083075],[13.2603317,52.515987],[13.26067647,52.5159594],[13.26166348,52.51678939],[13.26130119,52.51702615],[13.26138931,52.51776888],[13.2632951,52.52089435]]]},"properties":{"plr_id":"04200309","plr_name":"Neu Westend","bzr_name":"Westend","pgr_name":"Charlottenburg West","bez_id":"04","bez_name":"Charlottenburg-Wilmersdorf","ew":6895,"mss_status_index":2,"mss_status_class":"mittel","mss_valid":true,"pet14h":34.51,"t2m04h":17.71,"canopy_pct":29.3,"veg_pct":61.1}},{"type":"Feature","geometry":{"type":"Polygon","coordinates":[[[13.26109655,52.51635557],[13.2603317,52.515987],[13.25925116,52.51090357],[13.25950579,52.50838333],[13.26229567,52.50719288],[13.26273922,52.5075358],[13.26492252,52.50676044],[13.27045923,52.50538734],[13.27235213,52.50705321],[13.27286639,52.50680069],[13.27471378,52.50837721],[13.27374011,52.50888576],[13.2739045,52.50923332],[13.27808904,52.50949087],[13.27669611,52.512222],[13.2770111,52.51273274],[13.26330723,52.51503263],[13.26109655,52.51635557]]]},"properties":{"plr_id":"04200310","plr_name":"Fürstenplatz","bzr_name":"Westend","pgr_name":"Charlottenburg West","bez_id":"04","bez_name":"Charlottenburg-Wilmersdorf","ew":7533,"mss_status_index":2,"mss_status_class":"mittel","mss_valid":true,"pet14h":35.28,"t2m04h":18.11,"canopy_pct":27.5,"veg_pct":51.2}},{"type":"Feature","geometry":{"type":"Polygon","coordinates":[[[13.27471378,52.50837721],[13.27286639,52.50680069],[13.27235213,52.50705321],[13.27045923,52.50538734],[13.26492252,52.50676044],[13.26273922,52.5075358],[13.26229567,52.50719288],[13.26351328,52.50647775],[13.2643872,52.50559038],[13.26580524,52.50215993],[13.26658674,52.50113081],[13.26796138,52.49995729],[13.26928994,52.49929972],[13.27182239,52.49845721],[13.27366928,52.49816942],[13.28119662,52.50034491],[13.28165402,52.50137566],[13.28206518,52.50144929],[13.2813072,52.50299501],[13.28164139,52.50362792],[13.28139118,52.50366602],[13.28194083,52.50585202],[13.28265231,52.50723791],[13.28506481,52.51043638],[13.28556212,52.51177942],[13.2853451,52.51423941],[13.2836473,52.51842615],[13.27952627,52.51815977],[13.27699644,52.51285267],[13.27703668,52.51249952],[13.27669611,52.512222],[13.27808904,52.50949087],[13.2739045,52.50923332],[13.27374011,52.50888576],[13.27471378,52.50837721]]]},"properties":{"plr_id":"04200311","plr_name":"Königin-Elisabeth-Straße","bzr_name":"Westend","pgr_name":"Charlottenburg West","bez_id":"04","bez_name":"Charlottenburg-Wilmersdorf","ew":7424,"mss_status_index":2,"mss_status_class":"mittel","mss_valid":true,"pet14h":36.74,"t2m04h":18.56,"canopy_pct":11.7,"veg_pct":25.4}},{"type":"Feature","geometry":{"type":"Polygon","coordinates":[[[13.29546483,52.51921679],[13.300025,52.51926472],[13.29967476,52.52076332],[13.30044099,52.52205347],[13.29827056,52.52250893],[13.29742431,52.52359017],[13.29672835,52.52724217],[13.29578101,52.52954786],[13.29647069,52.52965244],[13.29634129,52.53000786],[13.29443655,52.52970513],[13.29372432,52.53032055],[13.29194307,52.53044185],[13.29000481,52.53024033],[13.28503444,52.52904226],[13.28351744,52.52923066],[13.28303651,52.52852993],[13.28511243,52.52864517],[13.28357915,52.52773255],[13.28233362,52.52603838],[13.28202139,52.52660345],[13.28139228,52.5244567],[13.28187136,52.52235633],[13.2836473,52.51842615],[13.29546483,52.51921679]]]},"properties":{"plr_id":"04300412","plr_name":"Schlossgarten","bzr_name":"Schloss Charlottenburg","pgr_name":"Charlottenburg Zentrum","bez_id":"04","bez_name":"Charlottenburg-Wilmersdorf","ew":4539,"mss_status_index":2,"mss_status_class":"mittel","mss_valid":true,"pet14h":33.0,"t2m04h":17.25,"canopy_pct":30.2,"veg_pct":60.1}},{"type":"Feature","geometry":{"type":"Polygon","coordinates":[[[13.29546483,52.51921679],[13.2850545,52.51858402],[13.28364435,52.51840837],[13.28441006,52.51677469],[13.28420021,52.51669114],[13.28508441,52.51503217],[13.28559082,52.51299916],[13.29650496,52.51367947],[13.29546483,52.51921679]]]},"properties":{"plr_id":"04300413","plr_name":"Klausenerplatz","bzr_name":"Schloss Charlottenburg","pgr_name":"Charlottenburg Zentrum","bez_id":"04","bez_name":"Charlottenburg-Wilmersdorf","ew":9973,"mss_status_index":2,"mss_status_class":"mittel","mss_valid":true,"pet14h":35.73,"t2m04h":18.5,"canopy_pct":19.8,"veg_pct":34.1}},{"type":"Feature","geometry":{"type":"Polygon","coordinates":[[[13.28475805,52.50995723],[13.30183741,52.51105205],[13.30077184,52.51748346],[13.30000632,52.51878905],[13.300025,52.51926472],[13.29546483,52.51921679],[13.29650496,52.51367947],[13.28559082,52.51299916],[13.28548495,52.5113779],[13.28475805,52.50995723]]]},"properties":{"plr_id":"04300414","plr_name":"Schloßstraße","bzr_name":"Schloss Charlottenburg","pgr_name":"Charlottenburg Zentrum","bez_id":"04","bez_name":"Charlottenburg-Wilmersdorf","ew":10581,"mss_status_index":2,"mss_status_class":"mittel","mss_valid":true,"pet14h":36.15,"t2m04h":18.94,"canopy_pct":17.1,"veg_pct":27.9}},{"type":"Feature","geometry":{"type":"Polygon","coordinates":[[[13.28475805,52.50995723],[13.28265231,52.50723791],[13.28194083,52.50585202],[13.28139118,52.50366602],[13.28164139,52.50362792],[13.2813072,52.50299501],[13.28206518,52.50144929],[13.28165402,52.50137566],[13.28119662,52.50034491],[13.28273482,52.50080124],[13.28314833,52.5003088],[13.28398792,52.50057144],[13.28425124,52.50025793],[13.28462334,52.50037437],[13.28435986,52.50068787],[13.28528741,52.50097807],[13.28487384,52.50147043],[13.28746531,52.50236796],[13.29037528,52.50260685],[13.28992985,52.50289509],[13.29349269,52.50533108],[13.29278235,52.5062582],[13.29260631,52.50718921],[13.29284303,52.5079042],[13.2938416,52.5089184],[13.29175027,52.51039673],[13.28475805,52.50995723]]]},"properties":{"plr_id":"04300415","plr_name":"Lietzensee","bzr_name":"Schloss Charlottenburg","pgr_name":"Charlottenburg Zentrum","bez_id":"04","bez_name":"Charlottenburg-Wilmersdorf","ew":6258,"mss_status_index":2,"mss_status_class":"mittel","mss_valid":true,"pet14h":33.53,"t2m04h":17.95,"canopy_pct":23.5,"veg_pct":47.2}},{"type":"Feature","geometry":{"type":"Polygon","coordinates":[[[13.29175027,52.51039673],[13.2938416,52.5089184],[13.29284303,52.5079042],[13.29260631,52.50718921],[13.29278235,52.5062582],[13.29349269,52.50533108],[13.28992985,52.50289509],[13.29037528,52.50260685],[13.29530231,52.50331677],[13.29584734,52.50248134],[13.29623966,52.50251698],[13.30400777,52.50444051],[13.30252456,52.50692693],[13.30183741,52.51105205],[13.29175027,52.51039673]]]},"properties":{"plr_id":"04300416","plr_name":"Amtsgerichtsplatz","bzr_name":"Schloss Charlottenburg","pgr_name":"Charlottenburg Zentrum","bez_id":"04","bez_name":"Charlottenburg-Wilmersdorf","ew":11646,"mss_status_index":2,"mss_status_class":"mittel","mss_valid":true,"pet14h":36.13,"t2m04h":18.95,"canopy_pct":17.5,"veg_pct":27.2}},{"type":"Feature","geometry":{"type":"Polygon","coordinates":[[[13.30582907,52.52569708],[13.30644651,52.52813272],[13.30595714,52.53145131],[13.29684947,52.53023232],[13.29629797,52.53012779],[13.29647069,52.52965244],[13.29578101,52.52954786],[13.29672835,52.52724217],[13.29742431,52.52359017],[13.29792094,52.52276721],[13.29843977,52.52244002],[13.3004466,52.52205387],[13.30500802,52.52554887],[13.30582907,52.52569708]]]},"properties":{"plr_id":"04300517","plr_name":"Tegeler Weg","bzr_name":"Mierendorffplatz","pgr_name":"Charlottenburg Zentrum","bez_id":"04","bez_name":"Charlottenburg-Wilmersdorf","ew":9468,"mss_status_index":2,"mss_status_class":"mittel","mss_valid":true,"pet14h":35.27,"t2m04h":18.75,"canopy_pct":19.0,"veg_pct":37.2}},{"type":"Feature","geometry":{"type":"Polygon","coordinates":[[[13.30017168,52.52161572],[13.30310718,52.52138309],[13.30686956,52.52036043],[13.31239582,52.52049366],[13.31529952,52.51993565],[13.31775381,52.51996579],[13.31898847,52.51942174],[13.31936093,52.51960676],[13.3166488,52.52096321],[13.31335419,52.53026081],[13.31674751,52.53090465],[13.31661396,52.53116239],[13.31730503,52.53154478],[13.31705155,52.53205033],[13.31751462,52.53237658],[13.31303016,52.53187367],[13.31139981,52.53564853],[13.29922916,52.53383577],[13.29424455,52.5327213],[13.29450669,52.53232056],[13.29400159,52.53206748],[13.29395019,52.5317008],[13.29521837,52.53080018],[13.29568644,52.52987978],[13.29684947,52.53023232],[13.30595714,52.53145131],[13.30644651,52.52813272],[13.30581781,52.52555508],[13.30500802,52.52554887],[13.30046437,52.52207942],[13.30017168,52.52161572]]]},"properties":{"plr_id":"04300518","plr_name":"Kaiserin-Augusta-Allee","bzr_name":"Mierendorffplatz","pgr_name":"Charlottenburg Zentrum","bez_id":"04","bez_name":"Charlottenburg-Wilmersdorf","ew":6682,"mss_status_index":2,"mss_status_class":"mittel","mss_valid":true,"pet14h":35.8,"t2m04h":18.12,"canopy_pct":11.4,"veg_pct":35.2}},{"type":"Feature","geometry":{"type":"Polygon","coordinates":[[[13.31534628,52.51436339],[13.31609068,52.51562481],[13.31809197,52.51785476],[13.31789728,52.51791911],[13.31878758,52.51908647],[13.31922321,52.51930814],[13.31779748,52.51995821],[13.31529952,52.51993565],[13.31245089,52.52049013],[13.30686956,52.52036043],[13.30393,52.52120991],[13.3017808,52.52154784],[13.30017168,52.52161572],[13.29967476,52.52076332],[13.300025,52.51926472],[13.31534628,52.51436339]]]},"properties":{"plr_id":"04300619","plr_name":"Alt-Lietzow","bzr_name":"Otto-Suhr-Allee/Kantstraße","pgr_name":"Charlottenburg Zentrum","bez_id":"04","bez_name":"Charlottenburg-Wilmersdorf","ew":9007,"mss_status_index":2,"mss_status_class":"mittel","mss_valid":true,"pet14h":35.09,"t2m04h":18.48,"canopy_pct":21.8,"veg_pct":37.6}},{"type":"Feature","geometry":{"type":"Polygon","coordinates":[[[13.33421539,52.51677203],[13.33228358,52.51670452],[13.33088924,52.51712961],[13.32978731,52.51781315],[13.32911613,52.51888401],[13.32954915,52.52101544],[13.32889806,52.52233106],[13.32683752,52.52376263],[13.32473624,52.52453677],[13.32167853,52.52456667],[13.31977791,52.52392983],[13.31894247,52.52307466],[13.31868782,52.52207245],[13.31877864,52.52111498],[13.31779844,52.52036672],[13.31936093,52.51960676],[13.31898847,52.51942174],[13.3210804,52.51840518],[13.32601455,52.51653704],[13.32837291,52.51460941],[13.32994236,52.51399051],[13.33053156,52.51351611],[13.33092393,52.51354163],[13.33150138,52.51279711],[13.33187522,52.51303087],[13.33585376,52.51329343],[13.3361362,52.51437708],[13.33479328,52.51550411],[13.33421539,52.51677203]]]},"properties":{"plr_id":"04300620","plr_name":"Spreestadt","bzr_name":"Otto-Suhr-Allee/Kantstraße","pgr_name":"Charlottenburg Zentrum","bez_id":"04","bez_name":"Charlottenburg-Wilmersdorf","ew":4118,"mss_status_index":2,"mss_status_class":"mittel","mss_valid":true,"pet14h":36.17,"t2m04h":18.91,"canopy_pct":11.0,"veg_pct":20.2}},{"type":"Feature","geometry":{"type":"Polygon","coordinates":[[[13.30183741,52.51105205],[13.31493279,52.51191847],[13.31534628,52.51436339],[13.300025,52.51926472],[13.30000632,52.51878905],[13.30077184,52.51748346],[13.30183741,52.51105205]]]},"properties":{"plr_id":"04300621","plr_name":"Richard-Wagner-Straße","bzr_name":"Otto-Suhr-Allee/Kantstraße","pgr_name":"Charlottenburg Zentrum","bez_id":"04","bez_name":"Charlottenburg-Wilmersdorf","ew":10941,"mss_status_index":2,"mss_status_class":"mittel","mss_valid":true,"pet14h":36.92,"t2m04h":18.8,"canopy_pct":16.2,"veg_pct":25.6}},{"type":"Feature","geometry":{"type":"Polygon","coordinates":[[[13.32542047,52.50465568],[13.32834684,52.50468242],[13.33055225,52.50550816],[13.33013002,52.50553163],[13.3332951,52.50903701],[13.3300433,52.51007547],[13.33275553,52.51097002],[13.33402728,52.51171591],[13.33086547,52.51244387],[13.33055856,52.51283069],[13.33136052,52.51288401],[13.33092393,52.51354163],[13.33053156,52.51351611],[13.32994236,52.51399051],[13.32837291,52.51460941],[13.32601455,52.51653704],[13.31922321,52.51930814],[13.31878758,52.51908647],[13.31789728,52.51791911],[13.31809197,52.51785476],[13.31553823,52.51481943],[13.31521095,52.51421144],[13.31493279,52.51191847],[13.31774268,52.51210281],[13.31844879,52.51104597],[13.32232014,52.51131747],[13.32540722,52.50914641],[13.32681828,52.50854163],[13.32595754,52.5082148],[13.32542047,52.50465568]]]},"properties":{"plr_id":"04300622","plr_name":"Ernst-Reuter-Platz","bzr_name":"Otto-Suhr-Allee/Kantstraße","pgr_name":"Charlottenburg Zentrum","bez_id":"04","bez_name":"Charlottenburg-Wilmersdorf","ew":5269,"mss_status_index":2,"mss_status_class":"mittel","mss_valid":true,"pet14h":36.09,"t2m04h":18.61,"canopy_pct":16.2,"veg_pct":26.0}},{"type":"Feature","geometry":{"type":"Polygon","coordinates":[[[13.30183741,52.51105205],[13.30252456,52.50692693],[13.3040682,52.50435872],[13.30802037,52.50525958],[13.31394189,52.50529389],[13.31493279,52.51191847],[13.30183741,52.51105205]]]},"properties":{"plr_id":"04300623","plr_name":"Karl-August-Platz","bzr_name":"Otto-Suhr-Allee/Kantstraße","pgr_name":"Charlottenburg Zentrum","bez_id":"04","bez_name":"Charlottenburg-Wilmersdorf","ew":12187,"mss_status_index":2,"mss_status_class":"mittel","mss_valid":true,"pet14h":36.83,"t2m04h":18.8,"canopy_pct":15.7,"veg_pct":25.5}},{"type":"Feature","geometry":{"type":"Polygon","coordinates":[[[13.31392434,52.5051787],[13.32542047,52.50465568],[13.32595754,52.5082148],[13.32681828,52.50854163],[13.32540722,52.50914641],[13.32232014,52.51131747],[13.31844879,52.51104597],[13.31774268,52.51210281],[13.31493279,52.51191847],[13.31392434,52.5051787]]]},"properties":{"plr_id":"04300624","plr_name":"Savignyplatz","bzr_name":"Otto-Suhr-Allee/Kantstraße","pgr_name":"Charlottenburg Zentrum","bez_id":"04","bez_name":"Charlottenburg-Wilmersdorf","ew":9314,"mss_status_index":2,"mss_status_class":"mittel","mss_valid":true,"pet14h":36.33,"t2m04h":18.83,"canopy_pct":15.9,"veg_pct":24.6}},{"type":"Feature","geometry":{"type":"Polygon","coordinates":[[[13.26345711,52.48796308],[13.26656849,52.48914596],[13.26871884,52.49025999],[13.26818211,52.49090676],[13.27363954,52.4937756],[13.27894836,52.49584386],[13.27915809,52.49568578],[13.2830851,52.4977656],[13.28132898,52.49957192],[13.28119662,52.50034491],[13.27235763,52.49770637],[13.27255737,52.49745948],[13.2705121,52.49626028],[13.26753531,52.49385752],[13.26418402,52.49021743],[13.26164521,52.48891906],[13.26279714,52.48802235],[13.26345711,52.48796308]]]},"properties":{"plr_id":"04400725","plr_name":"Güterbahnhof Grunewald","bzr_name":"Grunewald","pgr_name":"Wilmersdorf Süd","bez_id":"04","bez_name":"Charlottenburg-Wilmersdorf","ew":61,"mss_status_index":null,"mss_status_class":"Planungsraum ohne Zuordnung","mss_valid":false,"pet14h":37.67,"t2m04h":17.11,"canopy_pct":13.2,"veg_pct":52.6}},{"type":"Feature","geometry":{"type":"Polygon","coordinates":[[[13.26345711,52.48796308],[13.26548705,52.48716131],[13.26630882,52.48729094],[13.26949037,52.48883705],[13.27183426,52.48685932],[13.27378634,52.48764632],[13.27645382,52.48670562],[13.28249946,52.48381768],[13.28415253,52.48519406],[13.2845159,52.48522886],[13.28457037,52.48667557],[13.2897477,52.48630186],[13.2908952,52.49404852],[13.29030857,52.49445402],[13.28877739,52.49426695],[13.28654518,52.49466161],[13.28587888,52.49440678],[13.28624667,52.49511768],[13.28501531,52.49529796],[13.2830851,52.4977656],[13.27915809,52.49568578],[13.27894836,52.49584386],[13.27363954,52.4937756],[13.26818211,52.49090676],[13.26871884,52.49025999],[13.26656849,52.48914596],[13.26345711,52.48796308]]]},"properties":{"plr_id":"04400726","plr_name":"Bismarckallee","bzr_name":"Grunewald","pgr_name":"Wilmersdorf Süd","bez_id":"04","bez_name":"Charlottenburg-Wilmersdorf","ew":5417,"mss_status_index":2,"mss_status_class":"mittel","mss_valid":true,"pet14h":33.29,"t2m04h":17.73,"canopy_pct":34.4,"veg_pct":61.9}},{"type":"Feature","geometry":{"type":"Polygon","coordinates":[[[13.28975762,52.48638021],[13.28451719,52.48664707],[13.2845159,52.48522886],[13.28415253,52.48519406],[13.28138457,52.48276516],[13.28095893,52.47715049],[13.28121304,52.47724414],[13.28143631,52.47689595],[13.28599831,52.47978645],[13.30068532,52.48775267],[13.2967331,52.49069173],[13.2908952,52.49404852],[13.28975762,52.48638021]]]},"properties":{"plr_id":"04400727","plr_name":"Flinsberger Platz","bzr_name":"Grunewald","pgr_name":"Wilmersdorf Süd","bez_id":"04","bez_name":"Charlottenburg-Wilmersdorf","ew":8322,"mss_status_index":2,"mss_status_class":"mittel","mss_valid":true,"pet14h":35.1,"t2m04h":18.02,"canopy_pct":27.5,"veg_pct":53.5}},{"type":"Feature","geometry":{"type":"Polygon","coordinates":[[[13.26345711,52.48796308],[13.26291503,52.48776182],[13.2636845,52.48714178],[13.26358022,52.4864296],[13.26390787,52.48518597],[13.26551082,52.48388908],[13.26631983,52.48233442],[13.27416663,52.47862287],[13.28035494,52.47737394],[13.28038595,52.47702619],[13.28094633,52.47655519],[13.28143631,52.47689595],[13.28121304,52.47724414],[13.28094231,52.47720526],[13.28138457,52.48276516],[13.28249946,52.48381768],[13.27645382,52.48670562],[13.27378634,52.48764632],[13.27183426,52.48685932],[13.26949037,52.48883705],[13.26630882,52.48729094],[13.26548705,52.48716131],[13.26345711,52.48796308]]]},"properties":{"plr_id":"04400728","plr_name":"Hagenplatz","bzr_name":"Grunewald","pgr_name":"Wilmersdorf Süd","bez_id":"04","bez_name":"Charlottenburg-Wilmersdorf","ew":3189,"mss_status_index":2,"mss_status_class":"mittel","mss_valid":true,"pet14h":33.02,"t2m04h":17.64,"canopy_pct":41.1,"veg_pct":68.1}},{"type":"Feature","geometry":{"type":"Polygon","coordinates":[[[13.26345711,52.48796308],[13.26279714,52.48802235],[13.26124519,52.48920575],[13.26056145,52.4894351],[13.25640896,52.48615589],[13.2575341,52.4856192],[13.25301377,52.47968736],[13.25032753,52.47763036],[13.24453814,52.47426417],[13.23879581,52.46970208],[13.23911496,52.46955888],[13.23834853,52.46919445],[13.25263104,52.46674696],[13.25909299,52.46649914],[13.26162551,52.46777284],[13.26231499,52.46717341],[13.26354782,52.46695172],[13.27868703,52.4686098],[13.27877823,52.47478432],[13.28094633,52.47655519],[13.28038595,52.47702619],[13.28037463,52.47736461],[13.27416663,52.47862287],[13.26631983,52.48233442],[13.26551082,52.48388908],[13.26390787,52.48518597],[13.26358022,52.4864296],[13.2636845,52.48714178],[13.26291503,52.48776182],[13.26345711,52.48796308]]]},"properties":{"plr_id":"04400729","plr_name":"Hundekehle","bzr_name":"Grunewald","pgr_name":"Wilmersdorf Süd","bez_id":"04","bez_name":"Charlottenburg-Wilmersdorf","ew":2840,"mss_status_index":1,"mss_status_class":"hoch","mss_valid":true,"pet14h":27.6,"t2m04h":17.71,"canopy_pct":70.2,"veg_pct":84.5}},{"type":"Feature","geometry":{"type":"Polygon","coordinates":[[[13.30083538,52.47417178],[13.31146134,52.47989473],[13.30722111,52.48306305],[13.3069633,52.48301112],[13.30082529,52.48781614],[13.28599831,52.47978645],[13.2813169,52.47681291],[13.28165805,52.47658722],[13.28219553,52.47673144],[13.29056631,52.47552868],[13.29085247,52.47640002],[13.29116178,52.47634938],[13.29116296,52.47663215],[13.29201781,52.47713415],[13.29695633,52.47688136],[13.29672529,52.47505071],[13.30083538,52.47417178]]]},"properties":{"plr_id":"04400830","plr_name":"Forckenbeckstraße","bzr_name":"Schmargendorf","pgr_name":"Wilmersdorf Süd","bez_id":"04","bez_name":"Charlottenburg-Wilmersdorf","ew":8457,"mss_status_index":2,"mss_status_class":"mittel","mss_valid":true,"pet14h":35.51,"t2m04h":17.68,"canopy_pct":21.8,"veg_pct":51.0}},{"type":"Feature","geometry":{"type":"Polygon","coordinates":[[[13.2813169,52.47681291],[13.27877823,52.47478432],[13.2786831,52.46851137],[13.28908286,52.47052864],[13.28889229,52.47067719],[13.28933063,52.47081719],[13.2901424,52.47528607],[13.28947251,52.47537715],[13.2895598,52.47560542],[13.28219553,52.47673144],[13.28165805,52.47658722],[13.2813169,52.47681291]]]},"properties":{"plr_id":"04400831","plr_name":"Messelpark","bzr_name":"Schmargendorf","pgr_name":"Wilmersdorf Süd","bez_id":"04","bez_name":"Charlottenburg-Wilmersdorf","ew":1543,"mss_status_index":1,"mss_status_class":"hoch","mss_valid":true,"pet14h":32.32,"t2m04h":17.56,"canopy_pct":47.3,"veg_pct":73.0}},{"type":"Feature","geometry":{"type":"Polygon","coordinates":[[[13.30083538,52.47417178],[13.29672529,52.47505071],[13.29695633,52.47688136],[13.29201781,52.47713415],[13.29116296,52.47663215],[13.29116178,52.47634938],[13.29085247,52.47640002],[13.29056631,52.47552868],[13.2895598,52.47560542],[13.28947251,52.47537715],[13.2901424,52.47528607],[13.28933063,52.47081719],[13.28889229,52.47067719],[13.28988486,52.46989198],[13.29017612,52.47032965],[13.30633282,52.46741386],[13.30747673,52.46788049],[13.30728698,52.46809467],[13.30744909,52.46822424],[13.30684129,52.46870078],[13.30521304,52.46957706],[13.3025254,52.47151642],[13.29859818,52.47316606],[13.30083538,52.47417178]]]},"properties":{"plr_id":"04400832","plr_name":"Breite Straße","bzr_name":"Schmargendorf","pgr_name":"Wilmersdorf Süd","bez_id":"04","bez_name":"Charlottenburg-Wilmersdorf","ew":6998,"mss_status_index":1,"mss_status_class":"hoch","mss_valid":true,"pet14h":36.07,"t2m04h":17.87,"canopy_pct":23.7,"veg_pct":49.2}},{"type":"Feature","geometry":{"type":"Polygon","coordinates":[[[13.30841067,52.47823029],[13.29859818,52.47316606],[13.3025254,52.47151642],[13.30521304,52.46957706],[13.30684129,52.46870078],[13.30744909,52.46822424],[13.30728698,52.46809467],[13.30747673,52.46788049],[13.30844477,52.46848631],[13.30809248,52.47045781],[13.30841067,52.47823029]]]},"properties":{"plr_id":"04400833","plr_name":"Schlangenbader Straße","bzr_name":"Schmargendorf","pgr_name":"Wilmersdorf Süd","bez_id":"04","bez_name":"Charlottenburg-Wilmersdorf","ew":3901,"mss_status_index":3,"mss_status_class":"niedrig","mss_valid":true,"pet14h":35.21,"t2m04h":17.97,"canopy_pct":21.7,"veg_pct":41.3}},{"type":"Feature","geometry":{"type":"Polygon","coordinates":[[[13.31411954,52.47213144],[13.31428904,52.47454885],[13.31410169,52.4753176],[13.3133257,52.47704011],[13.31179363,52.47925424],[13.31205717,52.47941824],[13.31146134,52.47989473],[13.30841067,52.47823029],[13.30809248,52.47045781],[13.30849278,52.46859269],[13.30747673,52.46788049],[13.30856628,52.4674216],[13.31145182,52.46833289],[13.31100434,52.46861167],[13.31300918,52.47051171],[13.31411954,52.47213144]]]},"properties":{"plr_id":"04400834","plr_name":"Binger Straße","bzr_name":"Schmargendorf","pgr_name":"Wilmersdorf Süd","bez_id":"04","bez_name":"Charlottenburg-Wilmersdorf","ew":3384,"mss_status_index":1,"mss_status_class":"hoch","mss_valid":true,"pet14h":35.0,"t2m04h":17.65,"canopy_pct":27.9,"veg_pct":56.6}},{"type":"Feature","geometry":{"type":"Polygon","coordinates":[[[13.32014288,52.47074498],[13.32048545,52.47752495],[13.31987961,52.47734121],[13.31592184,52.4779774],[13.31205717,52.47941824],[13.31179363,52.47925424],[13.3133257,52.47704011],[13.31410169,52.4753176],[13.31428904,52.47454885],[13.31414868,52.47221927],[13.31300918,52.47051171],[13.31100434,52.46861167],[13.31145182,52.46833289],[13.30909816,52.46771492],[13.3106543,52.46690202],[13.31138896,52.46712493],[13.31998293,52.4669805],[13.32009604,52.46962943],[13.32052122,52.47013048],[13.32014288,52.47074498]]]},"properties":{"plr_id":"04400835","plr_name":"Rüdesheimer Platz","bzr_name":"Schmargendorf","pgr_name":"Wilmersdorf Süd","bez_id":"04","bez_name":"Charlottenburg-Wilmersdorf","ew":10164,"mss_status_index":2,"mss_status_class":"mittel","mss_valid":true,"pet14h":35.2,"t2m04h":18.31,"canopy_pct":29.1,"veg_pct":49.1}},{"type":"Feature","geometry":{"type":"Polygon","coordinates":[[[13.29485794,52.50190544],[13.3017594,52.49965025],[13.30164011,52.49880475],[13.30735897,52.4998572],[13.307356,52.50026913],[13.30716829,52.50024282],[13.30660498,52.50130669],[13.30400777,52.50444051],[13.29584734,52.50248134],[13.2959917,52.50223752],[13.29485794,52.50190544]]]},"properties":{"plr_id":"04500936","plr_name":"Droysenstraße","bzr_name":"Halensee","pgr_name":"Wilmersdorf Zentrum","bez_id":"04","bez_name":"Charlottenburg-Wilmersdorf","ew":5621,"mss_status_index":2,"mss_status_class":"mittel","mss_valid":true,"pet14h":35.65,"t2m04h":18.95,"canopy_pct":19.8,"veg_pct":29.7}},{"type":"Feature","geometry":{"type":"Polygon","coordinates":[[[13.28520387,52.49515521],[13.28624667,52.49511768],[13.28593754,52.49438346],[13.28654518,52.49466161],[13.28877739,52.49426695],[13.28995133,52.49429591],[13.29030857,52.49445402],[13.28796826,52.49608754],[13.28983339,52.49677307],[13.30164011,52.49880475],[13.3017594,52.49965025],[13.29485794,52.50190544],[13.2959917,52.50223752],[13.29530231,52.50331677],[13.28746531,52.50236796],[13.28487384,52.50147043],[13.28528741,52.50097807],[13.28435986,52.50068787],[13.28462334,52.50037437],[13.28425124,52.50025793],[13.28398792,52.50057144],[13.28314833,52.5003088],[13.28273482,52.50080124],[13.28119662,52.50034491],[13.28132898,52.49957192],[13.28341478,52.49749163],[13.28450776,52.49578488],[13.28520387,52.49515521]]]},"properties":{"plr_id":"04500937","plr_name":"Halensee","bzr_name":"Halensee","pgr_name":"Wilmersdorf Zentrum","bez_id":"04","bez_name":"Charlottenburg-Wilmersdorf","ew":7653,"mss_status_index":2,"mss_status_class":"mittel","mss_valid":true,"pet14h":35.04,"t2m04h":18.25,"canopy_pct":24.1,"veg_pct":42.3}},{"type":"Feature","geometry":{"type":"Polygon","coordinates":[[[13.30676557,52.49976551],[13.28983339,52.49677307],[13.28796524,52.49606719],[13.29099469,52.49398348],[13.29491616,52.49169749],[13.30359783,52.49599478],[13.30718001,52.49853669],[13.30676557,52.49976551]]]},"properties":{"plr_id":"04500938","plr_name":"Hochmeisterplatz","bzr_name":"Halensee","pgr_name":"Wilmersdorf Zentrum","bez_id":"04","bez_name":"Charlottenburg-Wilmersdorf","ew":8281,"mss_status_index":2,"mss_status_class":"mittel","mss_valid":true,"pet14h":36.55,"t2m04h":18.71,"canopy_pct":18.0,"veg_pct":29.9}},{"type":"Feature","geometry":{"type":"Polygon","coordinates":[[[13.30718001,52.49853669],[13.30359783,52.49599478],[13.29491616,52.49169749],[13.29707443,52.49046304],[13.30068532,52.48775267],[13.3019101,52.48815875],[13.30657962,52.48803293],[13.31366099,52.49004534],[13.31224135,52.4915636],[13.30884611,52.49444499],[13.30824484,52.49547908],[13.30718001,52.49853669]]]},"properties":{"plr_id":"04500939","plr_name":"Eisenzahnstraße","bzr_name":"Halensee","pgr_name":"Wilmersdorf Zentrum","bez_id":"04","bez_name":"Charlottenburg-Wilmersdorf","ew":6761,"mss_status_index":2,"mss_status_class":"mittel","mss_valid":true,"pet14h":37.07,"t2m04h":18.67,"canopy_pct":17.8,"veg_pct":31.8}},{"type":"Feature","geometry":{"type":"Polygon","coordinates":[[[13.31321576,52.49974562],[13.31394189,52.50529389],[13.30802037,52.50525958],[13.3040682,52.50435872],[13.30660498,52.50130669],[13.30716829,52.50024282],[13.307356,52.50026913],[13.30735897,52.4998572],[13.31176688,52.50030768],[13.31321576,52.49974562]]]},"properties":{"plr_id":"04501040","plr_name":"Hindemithplatz","bzr_name":"Lietzenburger Straße","pgr_name":"Wilmersdorf Zentrum","bez_id":"04","bez_name":"Charlottenburg-Wilmersdorf","ew":5895,"mss_status_index":2,"mss_status_class":"mittel","mss_valid":true,"pet14h":35.35,"t2m04h":19.03,"canopy_pct":20.9,"veg_pct":30.3}},{"type":"Feature","geometry":{"type":"Polygon","coordinates":[[[13.31392434,52.5051787],[13.31321576,52.49974562],[13.31612929,52.49935784],[13.32463326,52.49987647],[13.32542047,52.50465568],[13.31392434,52.5051787]]]},"properties":{"plr_id":"04501041","plr_name":"George-Grosz-Platz","bzr_name":"Lietzenburger Straße","pgr_name":"Wilmersdorf Zentrum","bez_id":"04","bez_name":"Charlottenburg-Wilmersdorf","ew":5420,"mss_status_index":2,"mss_status_class":"mittel","mss_valid":true,"pet14h":36.3,"t2m04h":19.19,"canopy_pct":15.3,"veg_pct":21.1}},{"type":"Feature","geometry":{"type":"Polygon","coordinates":[[[13.32463326,52.49987647],[13.33172284,52.50030279],[13.33264745,52.50118264],[13.33604087,52.49981467],[13.34142104,52.50486769],[13.34013073,52.50514372],[13.33906755,52.50507426],[13.33863773,52.50592003],[13.33573532,52.50579937],[13.33400084,52.50651802],[13.33374986,52.5067214],[13.33487206,52.50846046],[13.33440606,52.50890513],[13.3332951,52.50903701],[13.33013002,52.50553163],[13.33055225,52.50550816],[13.32834684,52.50468242],[13.32542047,52.50465568],[13.32463326,52.49987647]]]},"properties":{"plr_id":"04501042","plr_name":"Breitscheidplatz","bzr_name":"Lietzenburger Straße","pgr_name":"Wilmersdorf Zentrum","bez_id":"04","bez_name":"Charlottenburg-Wilmersdorf","ew":3664,"mss_status_index":2,"mss_status_class":"mittel","mss_valid":true,"pet14h":37.32,"t2m04h":19.34,"canopy_pct":10.5,"veg_pct":14.4}},{"type":"Feature","geometry":{"type":"Polygon","coordinates":[[[13.31176688,52.50030768],[13.30676557,52.49976551],[13.30824484,52.49547908],[13.30957931,52.49370805],[13.31224135,52.4915636],[13.31366099,52.49004534],[13.31696604,52.49109774],[13.31925634,52.49956647],[13.31568571,52.49937631],[13.31354384,52.4996328],[13.31176688,52.50030768]]]},"properties":{"plr_id":"04501043","plr_name":"Preußenpark","bzr_name":"Lietzenburger Straße","pgr_name":"Wilmersdorf Zentrum","bez_id":"04","bez_name":"Charlottenburg-Wilmersdorf","ew":10999,"mss_status_index":2,"mss_status_class":"mittel","mss_valid":true,"pet14h":35.12,"t2m04h":18.54,"canopy_pct":23.5,"veg_pct":37.4}},{"type":"Feature","geometry":{"type":"Polygon","coordinates":[[[13.31696604,52.49109774],[13.3233222,52.4933374],[13.32463326,52.49987647],[13.31925634,52.49956647],[13.31696604,52.49109774]]]},"properties":{"plr_id":"04501044","plr_name":"Ludwigkirchplatz","bzr_name":"Lietzenburger Straße","pgr_name":"Wilmersdorf Zentrum","bez_id":"04","bez_name":"Charlottenburg-Wilmersdorf","ew":5328,"mss_status_index":2,"mss_status_class":"mittel","mss_valid":true,"pet14h":35.38,"t2m04h":18.56,"canopy_pct":22.2,"veg_pct":32.7}},{"type":"Feature","geometry":{"type":"Polygon","coordinates":[[[13.32640394,52.49446709],[13.33251099,52.4951566],[13.33428284,52.49500579],[13.33745722,52.49418908],[13.33730686,52.49598558],[13.33782048,52.4973919],[13.3389902,52.4994174],[13.33892314,52.49991258],[13.3369783,52.50069096],[13.33604087,52.49981467],[13.33264745,52.50118264],[13.33172284,52.50030279],[13.32463326,52.49987647],[13.3233222,52.4933374],[13.32640394,52.49446709]]]},"properties":{"plr_id":"04501045","plr_name":"Schaperstraße","bzr_name":"Lietzenburger Straße","pgr_name":"Wilmersdorf Zentrum","bez_id":"04","bez_name":"Charlottenburg-Wilmersdorf","ew":9363,"mss_status_index":2,"mss_status_class":"mittel","mss_valid":true,"pet14h":34.98,"t2m04h":18.77,"canopy_pct":25.9,"veg_pct":35.1}},{"type":"Feature","geometry":{"type":"Polygon","coordinates":[[[13.30082529,52.48781614],[13.30690772,52.48308052],[13.30715839,52.48462285],[13.30800837,52.48399713],[13.30864698,52.48410709],[13.30896575,52.48327413],[13.31153631,52.48334384],[13.31577314,52.48305233],[13.31846327,52.48318847],[13.31934368,52.48360607],[13.31981455,52.4833384],[13.32062539,52.48340319],[13.32049037,52.48445843],[13.32082441,52.48562165],[13.32072465,52.4866262],[13.3197476,52.48661347],[13.31549485,52.4892091],[13.314982,52.48975986],[13.31422428,52.48974078],[13.31366099,52.49004534],[13.30657962,52.48803293],[13.3019101,52.48815875],[13.30082529,52.48781614]]]},"properties":{"plr_id":"04501146","plr_name":"Barstraße","bzr_name":"Volkspark Wilmersdorf","pgr_name":"Wilmersdorf Zentrum","bez_id":"04","bez_name":"Charlottenburg-Wilmersdorf","ew":4744,"mss_status_index":2,"mss_status_class":"mittel","mss_valid":true,"pet14h":34.4,"t2m04h":17.83,"canopy_pct":24.8,"veg_pct":50.8}},{"type":"Feature","geometry":{"type":"Polygon","coordinates":[[[13.32225774,52.48663526],[13.32222614,52.48775557],[13.3233222,52.4933374],[13.31366099,52.49004534],[13.31422428,52.48974078],[13.314982,52.48975986],[13.31549485,52.4892091],[13.3197476,52.48661347],[13.32225774,52.48663526]]]},"properties":{"plr_id":"04501147","plr_name":"Leon-Jessel-Platz","bzr_name":"Volkspark Wilmersdorf","pgr_name":"Wilmersdorf Zentrum","bez_id":"04","bez_name":"Charlottenburg-Wilmersdorf","ew":5452,"mss_status_index":2,"mss_status_class":"mittel","mss_valid":true,"pet14h":35.81,"t2m04h":18.87,"canopy_pct":18.5,"veg_pct":27.2}},{"type":"Feature","geometry":{"type":"Polygon","coordinates":[[[13.30715839,52.48462285],[13.3069633,52.48301112],[13.30722111,52.48306305],[13.31205717,52.47941824],[13.31592184,52.4779774],[13.31987961,52.47734121],[13.32048545,52.47752495],[13.32057618,52.48337699],[13.31981455,52.4833384],[13.31934368,52.48360607],[13.31846327,52.48318847],[13.31577314,52.48305233],[13.31153631,52.48334384],[13.30896575,52.48327413],[13.30864698,52.48410709],[13.30800837,52.48399713],[13.30715839,52.48462285]]]},"properties":{"plr_id":"04501148","plr_name":"Brabanter Platz","bzr_name":"Volkspark Wilmersdorf","pgr_name":"Wilmersdorf Zentrum","bez_id":"04","bez_name":"Charlottenburg-Wilmersdorf","ew":4564,"mss_status_index":2,"mss_status_class":"mittel","mss_valid":true,"pet14h":35.18,"t2m04h":18.44,"canopy_pct":20.3,"veg_pct":38.3}},{"type":"Feature","geometry":{"type":"Polygon","coordinates":[[[13.32225774,52.48663526],[13.32625137,52.48658937],[13.33055102,52.48741298],[13.33052001,52.49417556],[13.33034448,52.49491332],[13.32650382,52.49448982],[13.3233222,52.4933374],[13.32222614,52.48775557],[13.32225774,52.48663526]]]},"properties":{"plr_id":"04501149","plr_name":"Nikolsburger Platz","bzr_name":"Volkspark Wilmersdorf","pgr_name":"Wilmersdorf Zentrum","bez_id":"04","bez_name":"Charlottenburg-Wilmersdorf","ew":9878,"mss_status_index":2,"mss_status_class":"mittel","mss_valid":true,"pet14h":35.57,"t2m04h":18.69,"canopy_pct":20.2,"veg_pct":32.9}},{"type":"Feature","geometry":{"type":"Polygon","coordinates":[[[13.32049037,52.48445843],[13.32059982,52.48330099],[13.32295833,52.4828037],[13.32790528,52.48289206],[13.32970376,52.48251071],[13.33043109,52.4835146],[13.33076533,52.48465224],[13.33055102,52.48741298],[13.32625137,52.48658937],[13.32072465,52.4866262],[13.32082441,52.48562165],[13.32049037,52.48445843]]]},"properties":{"plr_id":"04501150","plr_name":"Wilhelmsaue","bzr_name":"Volkspark Wilmersdorf","pgr_name":"Wilmersdorf Zentrum","bez_id":"04","bez_name":"Charlottenburg-Wilmersdorf","ew":3016,"mss_status_index":2,"mss_status_class":"mittel","mss_valid":true,"pet14h":34.28,"t2m04h":18.14,"canopy_pct":29.6,"veg_pct":46.4}},{"type":"Feature","geometry":{"type":"Polygon","coordinates":[[[13.32048545,52.47752495],[13.32811343,52.47743393],[13.328207,52.47831221],[13.32774669,52.47857651],[13.32770435,52.47884637],[13.32782051,52.47997076],[13.32971556,52.48251794],[13.32790528,52.48289206],[13.32295833,52.4828037],[13.3205761,52.48332501],[13.32048545,52.47752495]]]},"properties":{"plr_id":"04501151","plr_name":"Hildegardstraße","bzr_name":"Volkspark Wilmersdorf","pgr_name":"Wilmersdorf Zentrum","bez_id":"04","bez_name":"Charlottenburg-Wilmersdorf","ew":7420,"mss_status_index":2,"mss_status_class":"mittel","mss_valid":true,"pet14h":35.25,"t2m04h":18.68,"canopy_pct":20.7,"veg_pct":33.9}},{"type":"Feature","geometry":{"type":"Polygon","coordinates":[[[13.3302653,52.49495065],[13.33052001,52.49417556],[13.33055102,52.48741298],[13.33713121,52.48843454],[13.33690378,52.48987173],[13.33697061,52.4903813],[13.3375332,52.49071621],[13.33708725,52.49100962],[13.33745722,52.49418908],[13.33428284,52.49500579],[13.33251099,52.4951566],[13.3302653,52.49495065]]]},"properties":{"plr_id":"04501152","plr_name":"Prager Platz","bzr_name":"Volkspark Wilmersdorf","pgr_name":"Wilmersdorf Zentrum","bez_id":"04","bez_name":"Charlottenburg-Wilmersdorf","ew":6861,"mss_status_index":2,"mss_status_class":"mittel","mss_valid":true,"pet14h":35.55,"t2m04h":18.79,"canopy_pct":24.5,"veg_pct":36.5}},{"type":"Feature","geometry":{"type":"Polygon","coordinates":[[[13.33706772,52.47813247],[13.33713121,52.48843454],[13.33055102,52.48741298],[13.33076533,52.48465224],[13.33054399,52.48378122],[13.32777347,52.47979584],[13.32774669,52.47857651],[13.328207,52.47831221],[13.32811343,52.47743393],[13.33286815,52.47741486],[13.33298611,52.47784723],[13.33706772,52.47813247]]]},"properties":{"plr_id":"04501153","plr_name":"Babelsberger Straße","bzr_name":"Volkspark Wilmersdorf","pgr_name":"Wilmersdorf Zentrum","bez_id":"04","bez_name":"Charlottenburg-Wilmersdorf","ew":7563,"mss_status_index":2,"mss_status_class":"mittel","mss_valid":true,"pet14h":34.77,"t2m04h":18.38,"canopy_pct":25.4,"veg_pct":41.3}},{"type":"Feature","geometry":{"type":"Polygon","coordinates":[[[13.16372659,52.56349196],[13.17507818,52.55987558],[13.17648453,52.5636078],[13.17876822,52.56291303],[13.18122619,52.56290903],[13.18267871,52.56196121],[13.1828709,52.5614804],[13.18469259,52.56118076],[13.18993685,52.56078497],[13.19160175,52.56045382],[13.19530747,52.56086259],[13.19519559,52.56140764],[13.19696301,52.56175221],[13.19654836,52.56271783],[13.19689112,52.56278695],[13.19713567,52.56357106],[13.19676024,52.56599657],[13.19707776,52.567311],[13.20278141,52.56544251],[13.20510988,52.5651747],[13.20864734,52.56522258],[13.20893324,52.56499295],[13.20951632,52.5662507],[13.21056172,52.567578],[13.21684723,52.56650429],[13.22303583,52.56612182],[13.22596538,52.56561924],[13.2270945,52.56623701],[13.22663634,52.5667795],[13.22739347,52.56741472],[13.22704493,52.56780895],[13.22672537,52.56932992],[13.22530491,52.57122189],[13.22507908,52.57314504],[13.22392093,52.57420357],[13.22204235,52.57493973],[13.2188616,52.57715782],[13.21795924,52.57854016],[13.21830922,52.58096061],[13.21808357,52.581462],[13.21720837,52.58240292],[13.21577584,52.58324035],[13.21520912,52.5838748],[13.21536166,52.58475834],[13.21643465,52.58571364],[13.2173971,52.58747712],[13.21123806,52.5882267],[13.20733998,52.58837472],[13.20671054,52.58659772],[13.20537588,52.58685282],[13.20034728,52.5887683],[13.19173803,52.59019049],[13.18911649,52.59139925],[13.18562659,52.59255371],[13.18447334,52.59337735],[13.18342289,52.59369191],[13.18121945,52.59402662],[13.17833822,52.5948802],[13.17366792,52.59532839],[13.17197043,52.59628947],[13.17007701,52.59678782],[13.16789674,52.59701083],[13.16452979,52.59879547],[13.15705702,52.59762563],[13.15388945,52.59571307],[13.14928542,52.59187326],[13.14350607,52.58970495],[13.13845389,52.58886663],[13.13547788,52.58736559],[13.13266569,52.58692089],[13.13107782,52.5869302],[13.12896434,52.58730311],[13.12843268,52.58601827],[13.12934564,52.58593069],[13.12796467,52.58312779],[13.129543,52.58327489],[13.13026044,52.58304002],[13.13167833,52.58022809],[13.13247673,52.57960755],[13.13751817,52.58053054],[13.13915684,52.58038861],[13.14004924,52.58080276],[13.14384193,52.58157106],[13.14463271,52.582034],[13.14961045,52.58336116],[13.14988611,52.5828786],[13.15124016,52.58221207],[13.15159632,52.58114018],[13.15315846,52.57894533],[13.15359775,52.57746144],[13.15345216,52.57677835],[13.15367349,52.57577186],[13.15349864,52.5753801],[13.15369364,52.57478065],[13.15346474,52.5745449],[13.15354658,52.57325586],[13.15277649,52.57248356],[13.15268244,52.57097475],[13.15238969,52.57046204],[13.15126537,52.5699859],[13.15118537,52.56915223],[13.15028249,52.56771367],[13.1545531,52.56657247],[13.15683985,52.56628031],[13.15852564,52.56517716],[13.16122365,52.56403393],[13.16372659,52.56349196]]]},"properties":{"plr_id":"05100101","plr_name":"Hakenfelde Nord","bzr_name":"Hakenfelde","pgr_name":"Spandau Mitte / Nord","bez_id":"05","bez_name":"Spandau","ew":4504,"mss_status_index":2,"mss_status_class":"mittel","mss_valid":true,"pet14h":28.1,"t2m04h":17.27,"canopy_pct":67.8,"veg_pct":90.8}},{"type":"Feature","geometry":{"type":"Polygon","coordinates":[[[13.19685025,52.56212427],[13.20485261,52.56230617],[13.20832525,52.56208066],[13.20893172,52.56505955],[13.20282858,52.56543351],[13.19707776,52.567311],[13.19676024,52.56599657],[13.19713567,52.56357106],[13.19689112,52.56278695],[13.19654836,52.56271783],[13.19685025,52.56212427]]]},"properties":{"plr_id":"05100102","plr_name":"Am Forstacker","bzr_name":"Hakenfelde","pgr_name":"Spandau Mitte / Nord","bez_id":"05","bez_name":"Spandau","ew":4377,"mss_status_index":2,"mss_status_class":"mittel","mss_valid":true,"pet14h":34.35,"t2m04h":17.66,"canopy_pct":28.8,"veg_pct":60.7}},{"type":"Feature","geometry":{"type":"Polygon","coordinates":[[[13.21072521,52.56754961],[13.20913289,52.56552001],[13.20821563,52.56174438],[13.22237407,52.55994345],[13.22387518,52.56047037],[13.22349281,52.56139984],[13.2236681,52.56181675],[13.22536751,52.56221426],[13.22553715,52.56248077],[13.22481839,52.56250569],[13.22483374,52.56276919],[13.22560552,52.56262636],[13.22610118,52.56336647],[13.22501973,52.56423956],[13.22530809,52.56469568],[13.22586644,52.56495847],[13.22596538,52.56561924],[13.22303583,52.56612182],[13.21684723,52.56650429],[13.21072521,52.56754961]]]},"properties":{"plr_id":"05100103","plr_name":"Mertensstraße","bzr_name":"Hakenfelde","pgr_name":"Spandau Mitte / Nord","bez_id":"05","bez_name":"Spandau","ew":6107,"mss_status_index":2,"mss_status_class":"mittel","mss_valid":true,"pet14h":36.36,"t2m04h":18.08,"canopy_pct":13.5,"veg_pct":35.9}},{"type":"Feature","geometry":{"type":"Polygon","coordinates":[[[13.20729869,52.55547218],[13.2087134,52.55552364],[13.20870395,52.55535211],[13.21163019,52.55465714],[13.21613125,52.55482816],[13.21584296,52.555874],[13.21593588,52.55667924],[13.21527459,52.55709087],[13.21453721,52.55720055],[13.21489919,52.55827138],[13.21438583,52.55862779],[13.2154746,52.55821785],[13.21549702,52.55748987],[13.21640635,52.55697913],[13.21728304,52.55689216],[13.21764513,52.55639316],[13.21789615,52.55498098],[13.21896223,52.55476148],[13.2193527,52.55570751],[13.22136704,52.55720267],[13.22107474,52.55796718],[13.22144055,52.55901999],[13.22237407,52.55994345],[13.20821563,52.56174438],[13.20729869,52.55547218]]]},"properties":{"plr_id":"05100104","plr_name":"Maselake","bzr_name":"Hakenfelde","pgr_name":"Spandau Mitte / Nord","bez_id":"05","bez_name":"Spandau","ew":6960,"mss_status_index":2,"mss_status_class":"mittel","mss_valid":true,"pet14h":35.08,"t2m04h":17.99,"canopy_pct":14.0,"veg_pct":46.4}},{"type":"Feature","geometry":{"type":"Polygon","coordinates":[[[13.17957793,52.55335925],[13.19152763,52.54986365],[13.19157899,52.55063267],[13.1919696,52.55129388],[13.19591714,52.5549332],[13.19852284,52.55506461],[13.19924639,52.55531456],[13.20729869,52.55547218],[13.20832525,52.56208066],[13.20485261,52.56230617],[13.19685025,52.56212427],[13.19696301,52.56175221],[13.19519559,52.56140764],[13.19530747,52.56086259],[13.19160175,52.56045382],[13.1828709,52.5614804],[13.18267871,52.56196121],[13.18122619,52.56290903],[13.17876822,52.56291303],[13.17648453,52.5636078],[13.17507818,52.55987558],[13.17229112,52.56061186],[13.17107725,52.55529397],[13.17957793,52.55335925]]]},"properties":{"plr_id":"05100105","plr_name":"Amorbacher Weg","bzr_name":"Hakenfelde","pgr_name":"Spandau Mitte / Nord","bez_id":"05","bez_name":"Spandau","ew":7689,"mss_status_index":2,"mss_status_class":"mittel","mss_valid":true,"pet14h":33.53,"t2m04h":17.3,"canopy_pct":35.1,"veg_pct":73.4}},{"type":"Feature","geometry":{"type":"Polygon","coordinates":[[[13.17229112,52.56061186],[13.16372659,52.56349196],[13.16122365,52.56403393],[13.15852564,52.56517716],[13.15683985,52.56628031],[13.1545531,52.56657247],[13.15028249,52.56771367],[13.1498674,52.5667621],[13.14751739,52.56440724],[13.14714117,52.56145144],[13.14579904,52.56060539],[13.14606972,52.56039838],[13.14626826,52.55933357],[13.14685538,52.55861869],[13.14693051,52.55704528],[13.14728722,52.55583735],[13.1471718,52.5548243],[13.16281194,52.55183243],[13.16394433,52.55676418],[13.17105065,52.55531508],[13.17229112,52.56061186]]]},"properties":{"plr_id":"05100206","plr_name":"Griesingerstraße","bzr_name":"Falkenhagener Feld","pgr_name":"Spandau Mitte / Nord","bez_id":"05","bez_name":"Spandau","ew":3623,"mss_status_index":3,"mss_status_class":"niedrig","mss_valid":true,"pet14h":29.96,"t2m04h":17.19,"canopy_pct":54.6,"veg_pct":82.5}},{"type":"Feature","geometry":{"type":"Polygon","coordinates":[[[13.14146717,52.55244329],[13.13632915,52.55270665],[13.13444835,52.55335097],[13.13248374,52.55492571],[13.13050214,52.55600958],[13.12768709,52.54977174],[13.12814114,52.54988775],[13.12953722,52.54955425],[13.14355414,52.5459176],[13.14375399,52.54765554],[13.14149269,52.55156662],[13.14146717,52.55244329]]]},"properties":{"plr_id":"05100207","plr_name":"An der Tränke","bzr_name":"Falkenhagener Feld","pgr_name":"Spandau Mitte / Nord","bez_id":"05","bez_name":"Spandau","ew":2331,"mss_status_index":2,"mss_status_class":"mittel","mss_valid":true,"pet14h":37.0,"t2m04h":16.79,"canopy_pct":20.9,"veg_pct":67.6}},{"type":"Feature","geometry":{"type":"Polygon","coordinates":[[[13.15758871,52.54510611],[13.1638199,52.54324785],[13.16377429,52.54270803],[13.16574025,52.54291138],[13.16784761,52.54276637],[13.16765149,52.54185017],[13.16822136,52.5417316],[13.1686474,52.54318636],[13.16831604,52.54321492],[13.17105065,52.55531508],[13.16394433,52.55676418],[13.16281194,52.55183243],[13.1471718,52.5548243],[13.14585281,52.55293143],[13.14523819,52.55252267],[13.14458663,52.55254719],[13.14360242,52.55143334],[13.14344984,52.55038889],[13.14370649,52.54967847],[13.14529514,52.54712153],[13.14609016,52.54656931],[13.15266255,52.54560259],[13.15719168,52.54546143],[13.15760023,52.54539624],[13.15758871,52.54510611]]]},"properties":{"plr_id":"05100208","plr_name":"Im Spektefeld","bzr_name":"Falkenhagener Feld","pgr_name":"Spandau Mitte / Nord","bez_id":"05","bez_name":"Spandau","ew":11137,"mss_status_index":4,"mss_status_class":"sehr niedrig","mss_valid":true,"pet14h":34.09,"t2m04h":17.03,"canopy_pct":25.3,"veg_pct":63.8}},{"type":"Feature","geometry":{"type":"Polygon","coordinates":[[[13.17835666,52.54891095],[13.17710061,52.54643681],[13.17646396,52.54380358],[13.18226306,52.5420062],[13.18282009,52.54542748],[13.18333705,52.54569462],[13.18444208,52.54559841],[13.18489495,52.5477308],[13.18312382,52.54806285],[13.18416626,52.54953029],[13.18389757,52.5508378],[13.18441742,52.55195827],[13.17957793,52.55335925],[13.17105065,52.55531508],[13.1699067,52.55049803],[13.17835666,52.54891095]]]},"properties":{"plr_id":"05100209","plr_name":"Westerwaldstraße","bzr_name":"Falkenhagener Feld","pgr_name":"Spandau Mitte / Nord","bez_id":"05","bez_name":"Spandau","ew":11935,"mss_status_index":4,"mss_status_class":"sehr niedrig","mss_valid":true,"pet14h":35.61,"t2m04h":17.61,"canopy_pct":27.7,"veg_pct":59.4}},{"type":"Feature","geometry":{"type":"Polygon","coordinates":[[[13.18441742,52.55195827],[13.18389757,52.5508378],[13.18416626,52.54953029],[13.18312382,52.54806285],[13.18489495,52.5477308],[13.18444208,52.54559841],[13.18333705,52.54569462],[13.18282009,52.54542748],[13.18219138,52.54198302],[13.1841878,52.54146737],[13.1862841,52.54147095],[13.19281044,52.54471053],[13.19191715,52.54642121],[13.19152763,52.54986365],[13.18441742,52.55195827]]]},"properties":{"plr_id":"05100210","plr_name":"Germersheimer Platz","bzr_name":"Falkenhagener Feld","pgr_name":"Spandau Mitte / Nord","bez_id":"05","bez_name":"Spandau","ew":7911,"mss_status_index":4,"mss_status_class":"sehr niedrig","mss_valid":true,"pet14h":36.31,"t2m04h":17.78,"canopy_pct":22.6,"veg_pct":58.3}},{"type":"Feature","geometry":{"type":"Polygon","coordinates":[[[13.14355414,52.5459176],[13.15728394,52.54242652],[13.1677542,52.53958943],[13.18163532,52.53725325],[13.1819064,52.5383739],[13.18231138,52.53858202],[13.18319196,52.54013284],[13.18323202,52.54172676],[13.17646396,52.54380358],[13.17710061,52.54643681],[13.17835666,52.54891095],[13.1699067,52.55049803],[13.16831604,52.54321492],[13.1686474,52.54318636],[13.16822136,52.5417316],[13.16765149,52.54185017],[13.16784761,52.54276637],[13.16574025,52.54291138],[13.16377429,52.54270803],[13.1638199,52.54324785],[13.15754344,52.54512103],[13.15760023,52.54539624],[13.15266255,52.54560259],[13.14609016,52.54656931],[13.14529514,52.54712153],[13.14352029,52.55008039],[13.14360242,52.55143334],[13.14422272,52.55211571],[13.14321409,52.55207851],[13.14146717,52.55244329],[13.14149269,52.55156662],[13.14375399,52.54765554],[13.14355414,52.5459176]]]},"properties":{"plr_id":"05100211","plr_name":"An der Kappe","bzr_name":"Falkenhagener Feld","pgr_name":"Spandau Mitte / Nord","bez_id":"05","bez_name":"Spandau","ew":6210,"mss_status_index":2,"mss_status_class":"mittel","mss_valid":true,"pet14h":37.92,"t2m04h":17.2,"canopy_pct":15.7,"veg_pct":62.0}},{"type":"Feature","geometry":{"type":"Polygon","coordinates":[[[13.19902334,52.55516683],[13.19575032,52.55483893],[13.1919696,52.55129388],[13.19157899,52.55063267],[13.19152763,52.54986365],[13.19558913,52.54820598],[13.20096723,52.54875785],[13.20023985,52.5514118],[13.19923829,52.55374526],[13.19902334,52.55516683]]]},"properties":{"plr_id":"05100312","plr_name":"Eckschanze","bzr_name":"Spandau Mitte","pgr_name":"Spandau Mitte / Nord","bez_id":"05","bez_name":"Spandau","ew":4007,"mss_status_index":3,"mss_status_class":"niedrig","mss_valid":true,"pet14h":35.88,"t2m04h":17.95,"canopy_pct":23.2,"veg_pct":54.2}},{"type":"Feature","geometry":{"type":"Polygon","coordinates":[[[13.20962048,52.55063942],[13.2100983,52.54870959],[13.20800834,52.54540746],[13.21065543,52.54471565],[13.21018629,52.54387883],[13.21508114,52.54356414],[13.21880985,52.54464782],[13.22106775,52.54588565],[13.22258368,52.548013],[13.22283583,52.54871616],[13.22193682,52.55405752],[13.22224556,52.55572897],[13.22452808,52.55983852],[13.22557183,52.56072858],[13.22761142,52.56175154],[13.22823228,52.56231491],[13.22832517,52.56281342],[13.22791008,52.56390878],[13.22871311,52.56569],[13.2283417,52.56664047],[13.22739347,52.56741472],[13.22663634,52.5667795],[13.2270945,52.56623701],[13.22606098,52.56581182],[13.22586644,52.56495847],[13.22530809,52.56469568],[13.22501973,52.56423956],[13.22610467,52.56345696],[13.22561514,52.5626313],[13.22483374,52.56276919],[13.22481839,52.56250569],[13.22552911,52.56248628],[13.22545402,52.56228701],[13.2236681,52.56181675],[13.22349281,52.56139984],[13.22393258,52.56054676],[13.22243251,52.56000715],[13.22165908,52.5593566],[13.22107474,52.55796718],[13.22136704,52.55720267],[13.2193527,52.55570751],[13.21896223,52.55476148],[13.21789615,52.55498098],[13.21764513,52.55639316],[13.21728304,52.55689216],[13.21640635,52.55697913],[13.21549702,52.55748987],[13.2154746,52.55821785],[13.21438583,52.55862779],[13.21489919,52.55827138],[13.21453721,52.55720055],[13.21527459,52.55709087],[13.21593588,52.55667924],[13.21584296,52.555874],[13.21613125,52.55482816],[13.21153256,52.55466521],[13.20789069,52.55559909],[13.19902334,52.55516683],[13.19923829,52.55374526],[13.20071493,52.54972688],[13.20962048,52.55063942]]]},"properties":{"plr_id":"05100313","plr_name":"Eiswerder","bzr_name":"Spandau Mitte","pgr_name":"Spandau Mitte / Nord","bez_id":"05","bez_name":"Spandau","ew":7231,"mss_status_index":2,"mss_status_class":"mittel","mss_valid":true,"pet14h":35.23,"t2m04h":18.27,"canopy_pct":11.2,"veg_pct":25.0}},{"type":"Feature","geometry":{"type":"Polygon","coordinates":[[[13.20054359,52.54871417],[13.20160387,52.54705115],[13.20605511,52.54283595],[13.20539899,52.54181602],[13.20386906,52.54103634],[13.20448469,52.54069898],[13.2044323,52.54027116],[13.20558156,52.53975994],[13.20730196,52.54008493],[13.20897281,52.53983532],[13.20909483,52.53834921],[13.20944623,52.53831214],[13.2094507,52.53924506],[13.20853779,52.54143005],[13.20854211,52.54224692],[13.20913318,52.54296322],[13.21052856,52.54336972],[13.21109544,52.54378503],[13.21018629,52.54387883],[13.21065543,52.54471565],[13.20800834,52.54540746],[13.2100983,52.54870959],[13.20962048,52.55063942],[13.20071493,52.54972688],[13.20096723,52.54875785],[13.20054359,52.54871417]]]},"properties":{"plr_id":"05100314","plr_name":"Kurstraße","bzr_name":"Spandau Mitte","pgr_name":"Spandau Mitte / Nord","bez_id":"05","bez_name":"Spandau","ew":7493,"mss_status_index":4,"mss_status_class":"sehr niedrig","mss_valid":true,"pet14h":34.87,"t2m04h":18.27,"canopy_pct":21.6,"veg_pct":43.4}},{"type":"Feature","geometry":{"type":"Polygon","coordinates":[[[13.20054359,52.54871417],[13.19558913,52.54820598],[13.19152763,52.54986365],[13.19204988,52.54596149],[13.19403262,52.54548008],[13.19949587,52.54201436],[13.20207506,52.54067268],[13.20243052,52.54104618],[13.20380875,52.54102407],[13.20492467,52.54149576],[13.20558281,52.5420031],[13.20605511,52.54283595],[13.20160387,52.54705115],[13.20054359,52.54871417]]]},"properties":{"plr_id":"05100315","plr_name":"Ackerstraße","bzr_name":"Spandau Mitte","pgr_name":"Spandau Mitte / Nord","bez_id":"05","bez_name":"Spandau","ew":7334,"mss_status_index":2,"mss_status_class":"mittel","mss_valid":true,"pet14h":35.82,"t2m04h":18.44,"canopy_pct":23.1,"veg_pct":43.4}},{"type":"Feature","geometry":{"type":"Polygon","coordinates":[[[13.18163532,52.53725325],[13.19916513,52.53456564],[13.20325626,52.53342303],[13.20829115,52.53572733],[13.20862593,52.53616366],[13.20822129,52.53646933],[13.20944623,52.53831214],[13.20909483,52.53834921],[13.20897281,52.53983532],[13.20730196,52.54008493],[13.20558156,52.53975994],[13.20449988,52.54020944],[13.20448469,52.54069898],[13.20386906,52.54103634],[13.20243052,52.54104618],[13.20207506,52.54067268],[13.19949587,52.54201436],[13.19403262,52.54548008],[13.19204988,52.54596149],[13.19281044,52.54471053],[13.1862841,52.54147095],[13.1841878,52.54146737],[13.18323202,52.54172676],[13.18311443,52.53987441],[13.18231138,52.53858202],[13.1819064,52.5383739],[13.18163532,52.53725325]]]},"properties":{"plr_id":"05100316","plr_name":"Carl-Schurz-Straße","bzr_name":"Spandau Mitte","pgr_name":"Spandau Mitte / Nord","bez_id":"05","bez_name":"Spandau","ew":10505,"mss_status_index":3,"mss_status_class":"niedrig","mss_valid":true,"pet14h":35.47,"t2m04h":17.9,"canopy_pct":24.4,"veg_pct":53.3}},{"type":"Feature","geometry":{"type":"Polygon","coordinates":[[[13.20150888,52.53196769],[13.20823789,52.52869609],[13.2110426,52.52770629],[13.21307106,52.5272635],[13.21505867,52.52702006],[13.21651361,52.52714868],[13.22028195,52.52844256],[13.22238074,52.52886906],[13.22270537,52.52750703],[13.22201987,52.52617372],[13.22730474,52.52561487],[13.22803878,52.52571204],[13.22818068,52.5260203],[13.23127503,52.52577043],[13.23644922,52.52613224],[13.23983485,52.52588113],[13.23996974,52.52609005],[13.24613907,52.52451982],[13.24750951,52.52428543],[13.24770316,52.52457399],[13.24723881,52.52587244],[13.24709697,52.5273195],[13.24634202,52.52768896],[13.24689868,52.52871631],[13.23760381,52.5330147],[13.23181182,52.53432677],[13.23165825,52.53407363],[13.22711211,52.53384819],[13.22133179,52.53390672],[13.21658912,52.53473422],[13.21194743,52.53624396],[13.21022781,52.5363864],[13.20862593,52.53616366],[13.20829115,52.53572733],[13.20325626,52.53342303],[13.20150888,52.53196769]]]},"properties":{"plr_id":"05100317","plr_name":"Freiheit","bzr_name":"Spandau Mitte","pgr_name":"Spandau Mitte / Nord","bez_id":"05","bez_name":"Spandau","ew":4458,"mss_status_index":3,"mss_status_class":"niedrig","mss_valid":true,"pet14h":36.71,"t2m04h":18.32,"canopy_pct":13.9,"veg_pct":35.4}},{"type":"Feature","geometry":{"type":"Polygon","coordinates":[[[13.12420247,52.53909675],[13.14194678,52.53790436],[13.14271698,52.53973267],[13.14368577,52.54588447],[13.12953722,52.54955425],[13.12814114,52.54988775],[13.12768709,52.54977174],[13.12496454,52.54379218],[13.12560543,52.54354137],[13.12420247,52.53909675]]]},"properties":{"plr_id":"05200418","plr_name":"Isenburger Weg","bzr_name":"Brunsbütteler Damm","pgr_name":"Wilhelmstadt / Staaken","bez_id":"05","bez_name":"Spandau","ew":3847,"mss_status_index":1,"mss_status_class":"hoch","mss_valid":true,"pet14h":38.64,"t2m04h":16.51,"canopy_pct":15.5,"veg_pct":66.9}},{"type":"Feature","geometry":{"type":"Polygon","coordinates":[[[13.14194678,52.53790436],[13.14993953,52.53736244],[13.15104401,52.54386326],[13.14368577,52.54588447],[13.14271698,52.53973267],[13.14194678,52.53790436]]]},"properties":{"plr_id":"05200419","plr_name":"Am Heideberg","bzr_name":"Brunsbütteler Damm","pgr_name":"Wilhelmstadt / Staaken","bez_id":"05","bez_name":"Spandau","ew":1632,"mss_status_index":2,"mss_status_class":"mittel","mss_valid":true,"pet14h":38.81,"t2m04h":17.4,"canopy_pct":15.5,"veg_pct":64.8}},{"type":"Feature","geometry":{"type":"Polygon","coordinates":[[[13.18191759,52.52641991],[13.17906995,52.53122162],[13.17934216,52.53371732],[13.18168787,52.53393839],[13.18219033,52.53601738],[13.1820806,52.53717647],[13.1677542,52.53958943],[13.15728394,52.54242652],[13.15104401,52.54386326],[13.14993953,52.53736244],[13.15415436,52.53709169],[13.15698731,52.53723708],[13.15676395,52.53666453],[13.1564659,52.53668701],[13.15653386,52.53607854],[13.15379856,52.53573533],[13.15430292,52.53314614],[13.16368367,52.53349778],[13.16474941,52.53212252],[13.16658329,52.53124313],[13.16664775,52.53068605],[13.16294966,52.53064944],[13.15782739,52.52915833],[13.15500071,52.52890525],[13.15434626,52.52699464],[13.15502254,52.52610302],[13.15485442,52.52578963],[13.15774643,52.5252306],[13.15941845,52.52521197],[13.16782205,52.52650585],[13.17107482,52.52742549],[13.17290375,52.52717772],[13.17513439,52.52606805],[13.17740379,52.52543294],[13.18191759,52.52641991]]]},"properties":{"plr_id":"05200420","plr_name":"Staakener Straße","bzr_name":"Brunsbütteler Damm","pgr_name":"Wilhelmstadt / Staaken","bez_id":"05","bez_name":"Spandau","ew":5910,"mss_status_index":2,"mss_status_class":"mittel","mss_valid":true,"pet14h":39.06,"t2m04h":17.48,"canopy_pct":12.7,"veg_pct":53.6}},{"type":"Feature","geometry":{"type":"Polygon","coordinates":[[[13.15679628,52.53679971],[13.15698731,52.53723708],[13.15369239,52.53711657],[13.12979994,52.5387025],[13.12985946,52.53839191],[13.13020158,52.53840054],[13.13018325,52.53755251],[13.13059248,52.53647635],[13.13369312,52.53689773],[13.13489841,52.53669106],[13.13823033,52.53499163],[13.13846736,52.53454754],[13.13836551,52.53307548],[13.13881795,52.53266666],[13.1395824,52.53246278],[13.15430292,52.53314614],[13.15379856,52.53573533],[13.15627551,52.53598234],[13.15653386,52.53607854],[13.1564659,52.53668701],[13.15679628,52.53679971]]]},"properties":{"plr_id":"05200421","plr_name":"Spandauer Straße","bzr_name":"Brunsbütteler Damm","pgr_name":"Wilhelmstadt / Staaken","bez_id":"05","bez_name":"Spandau","ew":4360,"mss_status_index":2,"mss_status_class":"mittel","mss_valid":true,"pet14h":37.93,"t2m04h":17.21,"canopy_pct":16.5,"veg_pct":61.5}},{"type":"Feature","geometry":{"type":"Polygon","coordinates":[[[13.13884674,52.53265242],[13.13830772,52.53322652],[13.13846826,52.53451876],[13.13826714,52.53495654],[13.13485525,52.53671019],[13.13369312,52.53689773],[13.13068145,52.5364412],[13.13018325,52.53755251],[13.13020158,52.53840054],[13.12985946,52.53839191],[13.12980106,52.53870835],[13.12420247,52.53909675],[13.12310351,52.53663154],[13.12179226,52.53504533],[13.12120038,52.53328419],[13.11996543,52.53153584],[13.11919929,52.52912573],[13.13863722,52.52869],[13.13995886,52.52943274],[13.14141826,52.53264415],[13.13974265,52.53245588],[13.13884674,52.53265242]]]},"properties":{"plr_id":"05200422","plr_name":"Werkstraße","bzr_name":"Brunsbütteler Damm","pgr_name":"Wilhelmstadt / Staaken","bez_id":"05","bez_name":"Spandau","ew":1201,"mss_status_index":2,"mss_status_class":"mittel","mss_valid":true,"pet14h":36.85,"t2m04h":17.06,"canopy_pct":21.3,"veg_pct":68.0}},{"type":"Feature","geometry":{"type":"Polygon","coordinates":[[[13.16474941,52.53212252],[13.16368367,52.53349778],[13.14141826,52.53264415],[13.14091294,52.531372],[13.14234903,52.53096381],[13.14531252,52.52957055],[13.15041382,52.52863395],[13.15782739,52.52915833],[13.16294966,52.53064944],[13.16664775,52.53068605],[13.16658329,52.53124313],[13.16474941,52.53212252]]]},"properties":{"plr_id":"05200423","plr_name":"Magistratsweg","bzr_name":"Brunsbütteler Damm","pgr_name":"Wilhelmstadt / Staaken","bez_id":"05","bez_name":"Spandau","ew":6809,"mss_status_index":4,"mss_status_class":"sehr niedrig","mss_valid":true,"pet14h":35.33,"t2m04h":17.31,"canopy_pct":26.7,"veg_pct":67.0}},{"type":"Feature","geometry":{"type":"Polygon","coordinates":[[[13.14403183,52.52788071],[13.14508132,52.52966738],[13.14234903,52.53096381],[13.14091294,52.531372],[13.13995886,52.52943274],[13.13916079,52.52884676],[13.13801812,52.52861278],[13.11919929,52.52912573],[13.11832748,52.52074774],[13.11738231,52.5170607],[13.11927225,52.51700429],[13.1269978,52.51754734],[13.13609308,52.51872634],[13.13612627,52.51947719],[13.13409329,52.51958605],[13.13445652,52.52242896],[13.13260589,52.52252652],[13.13324171,52.52614358],[13.14314773,52.52403975],[13.14403183,52.52788071]]]},"properties":{"plr_id":"05200524","plr_name":"Döberitzer Weg","bzr_name":"Heerstraße","pgr_name":"Wilhelmstadt / Staaken","bez_id":"05","bez_name":"Spandau","ew":3380,"mss_status_index":1,"mss_status_class":"hoch","mss_valid":true,"pet14h":32.82,"t2m04h":16.89,"canopy_pct":43.1,"veg_pct":82.1}},{"type":"Feature","geometry":{"type":"Polygon","coordinates":[[[13.15415674,52.51443895],[13.15672825,52.51670965],[13.15504081,52.5176535],[13.15618281,52.51796954],[13.15149919,52.52033956],[13.15416722,52.52169886],[13.15436879,52.52255086],[13.15600337,52.52385408],[13.15590919,52.52558028],[13.15485442,52.52578963],[13.15502254,52.52610302],[13.15434626,52.52699464],[13.15500071,52.52890525],[13.15038708,52.52863549],[13.14508132,52.52966738],[13.14388649,52.52761269],[13.14314773,52.52403975],[13.13324171,52.52614358],[13.13260589,52.52252652],[13.13445652,52.52242896],[13.13409329,52.51958605],[13.13612627,52.51947719],[13.13609308,52.51872634],[13.14318207,52.51969793],[13.14435431,52.51919314],[13.14563061,52.517466],[13.14750091,52.5171951],[13.15415674,52.51443895]]]},"properties":{"plr_id":"05200525","plr_name":"Pillnitzer Weg","bzr_name":"Heerstraße","pgr_name":"Wilhelmstadt / Staaken","bez_id":"05","bez_name":"Spandau","ew":2464,"mss_status_index":1,"mss_status_class":"hoch","mss_valid":true,"pet14h":33.8,"t2m04h":16.35,"canopy_pct":32.1,"veg_pct":85.5}},{"type":"Feature","geometry":{"type":"Polygon","coordinates":[[[13.15618281,52.51796954],[13.16194275,52.51974422],[13.16251054,52.52038135],[13.16259275,52.52110828],[13.1607936,52.52541529],[13.15852047,52.52517201],[13.15590919,52.52558028],[13.15600337,52.52385408],[13.15436879,52.52255086],[13.15416722,52.52169886],[13.15149919,52.52033956],[13.15618281,52.51796954]]]},"properties":{"plr_id":"05200526","plr_name":"Rudolf-Wissell-Großsiedlung","bzr_name":"Heerstraße","pgr_name":"Wilhelmstadt / Staaken","bez_id":"05","bez_name":"Spandau","ew":5806,"mss_status_index":4,"mss_status_class":"sehr niedrig","mss_valid":true,"pet14h":32.99,"t2m04h":17.25,"canopy_pct":34.6,"veg_pct":67.1}},{"type":"Feature","geometry":{"type":"Polygon","coordinates":[[[13.17917742,52.51680443],[13.18760116,52.52097857],[13.18857614,52.52177324],[13.1873321,52.52258546],[13.17711761,52.52530928],[13.17740379,52.52543294],[13.17526979,52.52601755],[13.17327967,52.52704175],[13.17199155,52.52737693],[13.1705053,52.52737431],[13.16788733,52.52651859],[13.1607936,52.52541529],[13.16259275,52.52110828],[13.16249284,52.52035673],[13.17917742,52.51680443]]]},"properties":{"plr_id":"05200527","plr_name":"Maulbeerallee","bzr_name":"Heerstraße","pgr_name":"Wilhelmstadt / Staaken","bez_id":"05","bez_name":"Spandau","ew":12030,"mss_status_index":4,"mss_status_class":"sehr niedrig","mss_valid":true,"pet14h":36.18,"t2m04h":17.2,"canopy_pct":22.5,"veg_pct":57.8}},{"type":"Feature","geometry":{"type":"Polygon","coordinates":[[[13.15724081,52.50162204],[13.17993151,52.50022705],[13.17943917,52.50142892],[13.18021235,52.50495509],[13.17958659,52.50792092],[13.18434399,52.51471966],[13.18520219,52.51563753],[13.16249284,52.52035673],[13.16194275,52.51974422],[13.15504081,52.5176535],[13.15672825,52.51670965],[13.15415674,52.51443895],[13.16882409,52.50922686],[13.16797765,52.50885622],[13.15724081,52.50162204]]]},"properties":{"plr_id":"05200528","plr_name":"Weinmeisterhornweg","bzr_name":"Heerstraße","pgr_name":"Wilhelmstadt / Staaken","bez_id":"05","bez_name":"Spandau","ew":7291,"mss_status_index":2,"mss_status_class":"mittel","mss_valid":true,"pet14h":36.91,"t2m04h":16.45,"canopy_pct":21.5,"veg_pct":77.7}},{"type":"Feature","geometry":{"type":"Polygon","coordinates":[[[13.19263732,52.52857514],[13.19613936,52.5292166],[13.19704944,52.52915135],[13.19655235,52.52755507],[13.19784016,52.52761253],[13.19796763,52.52696628],[13.19904756,52.52600627],[13.20069133,52.52519943],[13.20193344,52.5251278],[13.20243697,52.52597891],[13.19980651,52.52900169],[13.19942794,52.52971392],[13.19939298,52.53040289],[13.19971244,52.53117382],[13.20080122,52.53229647],[13.20150888,52.53196769],[13.20339313,52.53338029],[13.19764544,52.53486434],[13.1820806,52.53717647],[13.18219033,52.53601738],[13.18168787,52.53393839],[13.17934216,52.53371732],[13.17911774,52.53102868],[13.18201664,52.52626048],[13.18813205,52.52765631],[13.19240977,52.52645337],[13.19287281,52.52748469],[13.19263732,52.52857514]]]},"properties":{"plr_id":"05200629","plr_name":"Borkumer Straße","bzr_name":"Wilhelmstadt","pgr_name":"Wilhelmstadt / Staaken","bez_id":"05","bez_name":"Spandau","ew":8357,"mss_status_index":2,"mss_status_class":"mittel","mss_valid":true,"pet14h":37.24,"t2m04h":18.14,"canopy_pct":14.7,"veg_pct":40.8}},{"type":"Feature","geometry":{"type":"Polygon","coordinates":[[[13.1955352,52.5277371],[13.19613936,52.5292166],[13.19263732,52.52857514],[13.19287281,52.52748469],[13.19240977,52.52645337],[13.18813205,52.52765631],[13.17711761,52.52530928],[13.18796403,52.52231832],[13.18967311,52.52087921],[13.18970523,52.51929612],[13.1924015,52.51931466],[13.19239697,52.51796128],[13.1926179,52.51796327],[13.19296158,52.51701244],[13.19478501,52.5158166],[13.19599878,52.51409991],[13.19673505,52.51376309],[13.19762773,52.5178522],[13.19768823,52.52172623],[13.1972692,52.52449432],[13.1955352,52.5277371]]]},"properties":{"plr_id":"05200630","plr_name":"Wilhelmstadt West","bzr_name":"Wilhelmstadt","pgr_name":"Wilhelmstadt / Staaken","bez_id":"05","bez_name":"Spandau","ew":10042,"mss_status_index":2,"mss_status_class":"mittel","mss_valid":true,"pet14h":36.97,"t2m04h":18.13,"canopy_pct":19.3,"veg_pct":45.6}},{"type":"Feature","geometry":{"type":"Polygon","coordinates":[[[13.20547074,52.51896235],[13.20557386,52.5210202],[13.20493655,52.52164072],[13.20430515,52.52315856],[13.20441259,52.52381953],[13.20243697,52.52597891],[13.20210816,52.52523971],[13.2015195,52.52504095],[13.200585,52.52523757],[13.19911361,52.52596851],[13.19800534,52.52691687],[13.19784016,52.52761253],[13.19655235,52.52755507],[13.19704944,52.52915135],[13.19613936,52.5292166],[13.1955352,52.5277371],[13.1972692,52.52449432],[13.19768823,52.52172623],[13.19762773,52.5178522],[13.19673505,52.51376309],[13.19770137,52.51386979],[13.20079246,52.51726651],[13.20199673,52.51792855],[13.20222671,52.51793024],[13.20201656,52.51774619],[13.20474238,52.51689853],[13.2052657,52.51816143],[13.20483804,52.51860968],[13.20495081,52.51878721],[13.20453101,52.51973198],[13.2048383,52.52039327],[13.20540468,52.52067812],[13.20511489,52.51935168],[13.20547074,52.51896235]]]},"properties":{"plr_id":"05200631","plr_name":"Wilhelmstadt Ost","bzr_name":"Wilhelmstadt","pgr_name":"Wilhelmstadt / Staaken","bez_id":"05","bez_name":"Spandau","ew":8679,"mss_status_index":2,"mss_status_class":"mittel","mss_valid":true,"pet14h":34.46,"t2m04h":18.17,"canopy_pct":24.6,"veg_pct":53.2}},{"type":"Feature","geometry":{"type":"Polygon","coordinates":[[[13.20823789,52.52869609],[13.20080122,52.53229647],[13.2001129,52.53166456],[13.19942419,52.5305272],[13.19947452,52.52957714],[13.20138163,52.52701952],[13.20411911,52.52416971],[13.20490052,52.52458999],[13.20568456,52.52361401],[13.20657228,52.52134875],[13.20663205,52.51889887],[13.20822567,52.51997186],[13.20817412,52.51906117],[13.20739804,52.51806207],[13.20765831,52.51746244],[13.20725699,52.51721336],[13.20811867,52.51749115],[13.2092071,52.51735866],[13.21046581,52.51806527],[13.21091772,52.51734975],[13.21214431,52.51703275],[13.21318762,52.51646323],[13.21456993,52.51521571],[13.21514274,52.51512273],[13.21563886,52.51471754],[13.21531253,52.51370498],[13.21586065,52.51264031],[13.21582472,52.51229106],[13.21602,52.51227199],[13.21595062,52.5118291],[13.21644064,52.51165477],[13.21945839,52.5139944],[13.21967909,52.51400875],[13.21975179,52.51357711],[13.22094779,52.51362161],[13.2200973,52.51459876],[13.21983757,52.51578694],[13.219335,52.51958036],[13.21938835,52.52142056],[13.21969555,52.52241381],[13.22262255,52.52706058],[13.22265422,52.52795635],[13.22238074,52.52886906],[13.22028195,52.52844256],[13.21651361,52.52714868],[13.21505867,52.52702006],[13.21307106,52.5272635],[13.2110426,52.52770629],[13.20823789,52.52869609]]]},"properties":{"plr_id":"05200632","plr_name":"Tiefwerder","bzr_name":"Wilhelmstadt","pgr_name":"Wilhelmstadt / Staaken","bez_id":"05","bez_name":"Spandau","ew":3655,"mss_status_index":3,"mss_status_class":"niedrig","mss_valid":true,"pet14h":31.98,"t2m04h":17.36,"canopy_pct":34.1,"veg_pct":70.0}},{"type":"Feature","geometry":{"type":"Polygon","coordinates":[[[13.19707795,52.51372683],[13.19608978,52.51401908],[13.19478501,52.5158166],[13.19296158,52.51701244],[13.1926179,52.51796327],[13.19239697,52.51796128],[13.1924015,52.51931466],[13.18970523,52.51929612],[13.18967311,52.52087921],[13.18857614,52.52177324],[13.18760116,52.52097857],[13.17917742,52.51680443],[13.18520219,52.51563753],[13.18480533,52.51518399],[13.19537435,52.51308183],[13.19686571,52.51285983],[13.19707795,52.51372683]]]},"properties":{"plr_id":"05200633","plr_name":"Graetschelsteig","bzr_name":"Wilhelmstadt","pgr_name":"Wilhelmstadt / Staaken","bez_id":"05","bez_name":"Spandau","ew":2159,"mss_status_index":3,"mss_status_class":"niedrig","mss_valid":true,"pet14h":34.0,"t2m04h":17.76,"canopy_pct":27.7,"veg_pct":59.0}},{"type":"Feature","geometry":{"type":"Polygon","coordinates":[[[13.17993151,52.50022705],[13.18548744,52.49996704],[13.19169933,52.49867568],[13.19520821,52.49973996],[13.19907963,52.49987983],[13.20513245,52.50134842],[13.20972687,52.50291048],[13.20934664,52.50430118],[13.208764,52.50504591],[13.21049611,52.50719986],[13.21101377,52.50852271],[13.21186187,52.50934697],[13.21383584,52.50909003],[13.21454629,52.50936864],[13.21558275,52.50916013],[13.21569281,52.50936502],[13.2149805,52.50950918],[13.21644064,52.51165477],[13.21595062,52.5118291],[13.21602,52.51227199],[13.21582472,52.51229106],[13.21586065,52.51264031],[13.21531253,52.51370498],[13.21566097,52.51468142],[13.21514274,52.51512273],[13.21456993,52.51521571],[13.21263124,52.51677904],[13.21091772,52.51734975],[13.2105169,52.51805577],[13.2092071,52.51735866],[13.20811867,52.51749115],[13.20725699,52.51721336],[13.20765831,52.51746244],[13.20739804,52.51806207],[13.20817412,52.51906117],[13.20823452,52.51995041],[13.20663205,52.51889887],[13.20667331,52.52063333],[13.20635232,52.52223674],[13.2057931,52.52344679],[13.20490052,52.52458999],[13.20411911,52.52416971],[13.20441546,52.5238129],[13.20430515,52.52315856],[13.20493655,52.52164072],[13.20557386,52.5210202],[13.20563623,52.52000457],[13.20547074,52.51896235],[13.20511489,52.51935168],[13.20540468,52.52067812],[13.2048383,52.52039327],[13.20453101,52.51973198],[13.20495081,52.51878721],[13.20483804,52.51860968],[13.2052657,52.51816143],[13.20474238,52.51689853],[13.20201656,52.51774619],[13.20222671,52.51793024],[13.20199673,52.51792855],[13.20079246,52.51726651],[13.19771316,52.51387951],[13.19707795,52.51372683],[13.19686571,52.51285983],[13.18480029,52.51517954],[13.17958659,52.50792092],[13.18021235,52.50495509],[13.17943917,52.50142892],[13.17993151,52.50022705]]]},"properties":{"plr_id":"05200634","plr_name":"Börnicker Straße","bzr_name":"Wilhelmstadt","pgr_name":"Wilhelmstadt / Staaken","bez_id":"05","bez_name":"Spandau","ew":4319,"mss_status_index":2,"mss_status_class":"mittel","mss_valid":true,"pet14h":31.32,"t2m04h":17.39,"canopy_pct":27.4,"veg_pct":51.3}},{"type":"Feature","geometry":{"type":"Polygon","coordinates":[[[13.23807006,52.55751603],[13.23201499,52.56063831],[13.22804267,52.56337873],[13.22832517,52.56281342],[13.22814865,52.56219163],[13.22557183,52.56072858],[13.22452808,52.55983852],[13.22224556,52.55572897],[13.22193682,52.55405752],[13.22284076,52.5487668],[13.22552435,52.54864724],[13.22760579,52.54949236],[13.22599971,52.55135864],[13.22595997,52.55435662],[13.23185291,52.55238844],[13.23646225,52.5500199],[13.23833727,52.55493641],[13.23836892,52.55622962],[13.23807343,52.55657001],[13.23807006,52.55751603]]]},"properties":{"plr_id":"05300735","plr_name":"Haveleck","bzr_name":"Haselhorst","pgr_name":"Haselhorst / Siemensstadt","bez_id":"05","bez_name":"Spandau","ew":4520,"mss_status_index":2,"mss_status_class":"mittel","mss_valid":true,"pet14h":33.83,"t2m04h":17.35,"canopy_pct":18.4,"veg_pct":50.9}},{"type":"Feature","geometry":{"type":"Polygon","coordinates":[[[13.23185291,52.55238844],[13.22591719,52.55434317],[13.22599971,52.55135864],[13.22760579,52.54949236],[13.22552435,52.54864724],[13.22284076,52.5487668],[13.22157493,52.54643971],[13.22029071,52.54534802],[13.21842763,52.54450491],[13.21577333,52.54370947],[13.21508114,52.54356414],[13.21109544,52.54378503],[13.2088317,52.54274786],[13.20849494,52.54162279],[13.2094507,52.53924506],[13.20949666,52.53861821],[13.20917519,52.53763343],[13.20822129,52.53646933],[13.20862593,52.53616366],[13.21022781,52.5363864],[13.21194743,52.53624396],[13.21593607,52.53491258],[13.21912138,52.53421186],[13.22465599,52.53379224],[13.23165825,52.53407363],[13.23181182,52.53432677],[13.23940702,52.53592957],[13.2420669,52.53696879],[13.24365614,52.53651176],[13.24453828,52.53585721],[13.24571163,52.53678389],[13.24609085,52.53748157],[13.24503437,52.53809458],[13.23873861,52.53882482],[13.23654595,52.53883741],[13.23198894,52.53821873],[13.2316962,52.5395161],[13.23201171,52.54087578],[13.23258095,52.54084299],[13.2328738,52.54249052],[13.2322109,52.54489201],[13.23090436,52.54661037],[13.23647982,52.54809737],[13.23616918,52.54906852],[13.23646225,52.5500199],[13.23185291,52.55238844]]]},"properties":{"plr_id":"05300736","plr_name":"Zitadellenweg","bzr_name":"Haselhorst","pgr_name":"Haselhorst / Siemensstadt","bez_id":"05","bez_name":"Spandau","ew":3575,"mss_status_index":2,"mss_status_class":"mittel","mss_valid":true,"pet14h":34.61,"t2m04h":18.16,"canopy_pct":18.1,"veg_pct":38.6}},{"type":"Feature","geometry":{"type":"Polygon","coordinates":[[[13.24731857,52.54409902],[13.24823509,52.54566489],[13.24792247,52.54759302],[13.23899893,52.54688272],[13.23751749,52.54727313],[13.23647982,52.54809737],[13.23090436,52.54661037],[13.2322109,52.54489201],[13.2328738,52.54249052],[13.23258095,52.54084299],[13.23201171,52.54087578],[13.2316962,52.5395161],[13.23198894,52.53821873],[13.23780031,52.53887979],[13.24787983,52.53792436],[13.24807457,52.53953212],[13.24721724,52.54335267],[13.24731857,52.54409902]]]},"properties":{"plr_id":"05300737","plr_name":"Gartenfelder Straße","bzr_name":"Haselhorst","pgr_name":"Haselhorst / Siemensstadt","bez_id":"05","bez_name":"Spandau","ew":11913,"mss_status_index":3,"mss_status_class":"niedrig","mss_valid":true,"pet14h":36.12,"t2m04h":17.9,"canopy_pct":23.9,"veg_pct":51.4}},{"type":"Feature","geometry":{"type":"Polygon","coordinates":[[[13.23924313,52.54687631],[13.26523613,52.54880593],[13.27030986,52.54876159],[13.27033732,52.54934494],[13.25837658,52.54957603],[13.25424398,52.55012935],[13.25059221,52.55133385],[13.23894807,52.557018],[13.23891243,52.55728029],[13.23807006,52.55751603],[13.23807343,52.55657001],[13.23836892,52.55622962],[13.23833727,52.55493641],[13.23618189,52.54924774],[13.23624576,52.54851985],[13.2367804,52.54776599],[13.23793815,52.5471023],[13.23924313,52.54687631]]]},"properties":{"plr_id":"05300838","plr_name":"Gartenfeld","bzr_name":"Siemensstadt","pgr_name":"Haselhorst / Siemensstadt","bez_id":"05","bez_name":"Spandau","ew":16,"mss_status_index":null,"mss_status_class":"Planungsraum ohne Zuordnung","mss_valid":false,"pet14h":33.37,"t2m04h":18.25,"canopy_pct":19.0,"veg_pct":32.2}},{"type":"Feature","geometry":{"type":"Polygon","coordinates":[[[13.25468137,52.54418411],[13.25923534,52.54152247],[13.25889053,52.54135334],[13.26286752,52.53928301],[13.2638534,52.53906144],[13.263981,52.53880903],[13.27220409,52.53859925],[13.27349279,52.54212324],[13.27314059,52.54290922],[13.27336952,52.54294317],[13.27162474,52.54612912],[13.27066064,52.54788601],[13.26996915,52.54855474],[13.27030986,52.54876159],[13.26523613,52.54880593],[13.24792247,52.54759302],[13.24801482,52.54706058],[13.24889332,52.54713491],[13.25468137,52.54418411]]]},"properties":{"plr_id":"05300839","plr_name":"Rohrdamm","bzr_name":"Siemensstadt","pgr_name":"Haselhorst / Siemensstadt","bez_id":"05","bez_name":"Spandau","ew":8314,"mss_status_index":2,"mss_status_class":"mittel","mss_valid":true,"pet14h":31.41,"t2m04h":17.31,"canopy_pct":45.9,"veg_pct":76.5}},{"type":"Feature","geometry":{"type":"Polygon","coordinates":[[[13.24731857,52.54409902],[13.24721724,52.54335267],[13.24807457,52.53953212],[13.24787983,52.53792436],[13.24503437,52.53809458],[13.24609085,52.53748157],[13.24571163,52.53678389],[13.24453828,52.53585721],[13.24289096,52.53684846],[13.24201227,52.53696237],[13.23892964,52.5358021],[13.23181182,52.53432677],[13.23781008,52.53293532],[13.24689868,52.52871631],[13.24668071,52.52831365],[13.24758374,52.5278272],[13.25035782,52.52713308],[13.25387449,52.52705222],[13.25979234,52.5273245],[13.26457085,52.52867187],[13.26586736,52.52882477],[13.27395304,52.52878677],[13.27553309,52.52908631],[13.27821668,52.53019684],[13.27932688,52.53032638],[13.28083901,52.53006683],[13.28124248,52.5305735],[13.28218242,52.53405054],[13.27603238,52.53571055],[13.27602139,52.53524799],[13.27364498,52.53595698],[13.27303004,52.53476234],[13.26564748,52.53565085],[13.2638534,52.53906144],[13.26286752,52.53928301],[13.25889053,52.54135334],[13.25923534,52.54152247],[13.25468137,52.54418411],[13.24889332,52.54713491],[13.24801482,52.54706058],[13.24820629,52.54552368],[13.24731857,52.54409902]]]},"properties":{"plr_id":"05300840","plr_name":"Nonnendammallee","bzr_name":"Siemensstadt","pgr_name":"Haselhorst / Siemensstadt","bez_id":"05","bez_name":"Spandau","ew":503,"mss_status_index":4,"mss_status_class":"sehr niedrig","mss_valid":true,"pet14h":34.47,"t2m04h":17.9,"canopy_pct":21.2,"veg_pct":41.7}},{"type":"Feature","geometry":{"type":"Polygon","coordinates":[[[13.27627587,52.5356387],[13.27532132,52.5376053],[13.27307738,52.53870442],[13.27230707,52.53886673],[13.27220409,52.53859925],[13.263981,52.53880903],[13.26564748,52.53565085],[13.27303004,52.53476234],[13.27364498,52.53595698],[13.27602139,52.53524799],[13.27603238,52.53571055],[13.27627587,52.5356387]]]},"properties":{"plr_id":"05300841","plr_name":"Siemensdamm","bzr_name":"Siemensstadt","pgr_name":"Haselhorst / Siemensstadt","bez_id":"05","bez_name":"Spandau","ew":4605,"mss_status_index":2,"mss_status_class":"mittel","mss_valid":true,"pet14h":35.39,"t2m04h":18.83,"canopy_pct":24.3,"veg_pct":38.1}},{"type":"Feature","geometry":{"type":"Polygon","coordinates":[[[13.16244297,52.46494434],[13.15365644,52.45989743],[13.15608343,52.45888703],[13.1555068,52.4575342],[13.15392506,52.45560314],[13.15382557,52.45482007],[13.15556012,52.45556926],[13.15703291,52.45498354],[13.15735061,52.455142],[13.15788708,52.45473008],[13.15954708,52.45527728],[13.16101233,52.45662636],[13.16182632,52.45702332],[13.16208186,52.45763397],[13.16345766,52.45923122],[13.16563038,52.45992952],[13.1723068,52.46040844],[13.177482,52.46212959],[13.17798983,52.46206977],[13.17820557,52.46237834],[13.17905348,52.46236871],[13.17999153,52.46321699],[13.1803477,52.46503365],[13.17995193,52.46539419],[13.1796798,52.46647531],[13.18020656,52.46724474],[13.18663398,52.46654735],[13.18817003,52.47183692],[13.18829487,52.47408401],[13.18724801,52.47865441],[13.19016718,52.48261939],[13.18981155,52.4843345],[13.18714865,52.48712837],[13.18659686,52.48929203],[13.18754926,52.49120981],[13.18953425,52.49293367],[13.18945485,52.49498235],[13.18984046,52.4975455],[13.19169933,52.49867568],[13.18548744,52.49996704],[13.1572153,52.50162383],[13.1495904,52.49631487],[13.13555334,52.485407],[13.14065322,52.48288822],[13.14069896,52.4819849],[13.14009231,52.47891445],[13.14121341,52.47774023],[13.14312346,52.47820168],[13.14339362,52.47774502],[13.14947184,52.47848919],[13.15189723,52.47819342],[13.15404391,52.4785066],[13.15422871,52.47693422],[13.15359677,52.47661447],[13.15368641,52.4754974],[13.15424908,52.47524981],[13.15200245,52.47386921],[13.15210994,52.47368622],[13.16246051,52.46826269],[13.16395005,52.46944757],[13.16669677,52.46829379],[13.16244297,52.46494434]]]},"properties":{"plr_id":"05400942","plr_name":"Alt-Gatow","bzr_name":"Gatow/Kladow","pgr_name":"Gatow / Kladow","bez_id":"05","bez_name":"Spandau","ew":3691,"mss_status_index":1,"mss_status_class":"hoch","mss_valid":true,"pet14h":32.05,"t2m04h":16.39,"canopy_pct":40.1,"veg_pct":83.7}},{"type":"Feature","geometry":{"type":"Polygon","coordinates":[[[13.13494331,52.45229887],[13.1386048,52.45224441],[13.14379753,52.45326135],[13.14419024,52.45359136],[13.14450437,52.45442002],[13.14140192,52.45574223],[13.13476765,52.46106058],[13.13592729,52.46227743],[13.1346279,52.46303916],[13.13488011,52.4640077],[13.13634013,52.46342322],[13.14229665,52.46725815],[13.14992841,52.46421212],[13.15023448,52.46448664],[13.15350174,52.46313814],[13.15181229,52.46169322],[13.15477814,52.4604936],[13.16244297,52.46494434],[13.16669677,52.46829379],[13.16395005,52.46944757],[13.16246051,52.46826269],[13.15210994,52.47368622],[13.15200245,52.47386921],[13.15424908,52.47524981],[13.15368641,52.4754974],[13.15359677,52.47661447],[13.15422871,52.47693422],[13.15404391,52.4785066],[13.15189723,52.47819342],[13.14947184,52.47848919],[13.14339362,52.47774502],[13.14312346,52.47820168],[13.14121341,52.47774023],[13.14009231,52.47891445],[13.14069896,52.4819849],[13.14065322,52.48288822],[13.13555334,52.485407],[13.12833353,52.47982057],[13.12627668,52.47865695],[13.11769327,52.47732033],[13.11755184,52.47457852],[13.11723453,52.47327992],[13.1162061,52.47167999],[13.11378788,52.46979968],[13.11395419,52.4686191],[13.11185522,52.46744666],[13.11055654,52.4656575],[13.11142867,52.46372772],[13.11134083,52.46186351],[13.11050269,52.45999699],[13.11240945,52.45899492],[13.11267419,52.45769429],[13.1118245,52.45398498],[13.13494331,52.45229887]]]},"properties":{"plr_id":"05400943","plr_name":"Jägerallee","bzr_name":"Gatow/Kladow","pgr_name":"Gatow / Kladow","bez_id":"05","bez_name":"Spandau","ew":10533,"mss_status_index":1,"mss_status_class":"hoch","mss_valid":true,"pet14h":34.61,"t2m04h":16.59,"canopy_pct":27.7,"veg_pct":72.2}},{"type":"Feature","geometry":{"type":"Polygon","coordinates":[[[13.11909626,52.44283619],[13.11993063,52.44152117],[13.12312112,52.43961502],[13.12411955,52.44067609],[13.12688206,52.44114596],[13.12804592,52.44096205],[13.13080575,52.44141385],[13.13172381,52.44110138],[13.13327164,52.44208753],[13.14852088,52.44337442],[13.15451641,52.44659795],[13.16172677,52.4521348],[13.17085011,52.45611607],[13.17741326,52.45591679],[13.1812155,52.4596249],[13.18530541,52.46257908],[13.18663398,52.46654735],[13.18020656,52.46724474],[13.1796798,52.46647531],[13.17995193,52.46539419],[13.1803477,52.46503365],[13.17999153,52.46321699],[13.17905348,52.46236871],[13.17820557,52.46237834],[13.17798983,52.46206977],[13.177482,52.46212959],[13.1723068,52.46040844],[13.16563038,52.45992952],[13.16345766,52.45923122],[13.16208186,52.45763397],[13.16182632,52.45702332],[13.16101233,52.45662636],[13.15954708,52.45527728],[13.15788708,52.45473008],[13.15735061,52.455142],[13.15703291,52.45498354],[13.15556012,52.45556926],[13.15382557,52.45482007],[13.15392506,52.45560314],[13.1555068,52.4575342],[13.15608343,52.45888703],[13.15365644,52.45989743],[13.15471182,52.46052012],[13.15181229,52.46169322],[13.15350174,52.46313814],[13.15023448,52.46448664],[13.14992841,52.46421212],[13.14229665,52.46725815],[13.13634013,52.46342322],[13.13488011,52.4640077],[13.1346279,52.46303916],[13.13592729,52.46227743],[13.13476765,52.46106058],[13.14140192,52.45574223],[13.14450437,52.45442002],[13.14413162,52.45351508],[13.14333038,52.45317605],[13.14479088,52.4526567],[13.14374111,52.45051216],[13.13863673,52.44882726],[13.13531661,52.44720812],[13.13382899,52.44692975],[13.13118127,52.44561667],[13.12855267,52.44501243],[13.12651362,52.44390786],[13.12481031,52.44418744],[13.12371566,52.4433451],[13.12114171,52.4425471],[13.11909626,52.44283619]]]},"properties":{"plr_id":"05400944","plr_name":"Kladower Damm","bzr_name":"Gatow/Kladow","pgr_name":"Gatow / Kladow","bez_id":"05","bez_name":"Spandau","ew":2183,"mss_status_index":1,"mss_status_class":"hoch","mss_valid":true,"pet14h":33.91,"t2m04h":16.35,"canopy_pct":13.4,"veg_pct":39.9}},{"type":"Feature","geometry":{"type":"Polygon","coordinates":[[[13.11909626,52.44283619],[13.12114171,52.4425471],[13.12371566,52.4433451],[13.12481031,52.44418744],[13.12651362,52.44390786],[13.12855267,52.44501243],[13.13122735,52.44563424],[13.13382899,52.44692975],[13.13531661,52.44720812],[13.13863673,52.44882726],[13.14368904,52.45047032],[13.14479088,52.4526567],[13.14333038,52.45317605],[13.1386048,52.45224441],[13.13674971,52.45222189],[13.1118245,52.45398498],[13.10929634,52.45063553],[13.11536473,52.44565208],[13.11901112,52.44400926],[13.11909626,52.44283619]]]},"properties":{"plr_id":"05400945","plr_name":"Kafkastraße","bzr_name":"Gatow/Kladow","pgr_name":"Gatow / Kladow","bez_id":"05","bez_name":"Spandau","ew":3671,"mss_status_index":1,"mss_status_class":"hoch","mss_valid":true,"pet14h":34.27,"t2m04h":16.83,"canopy_pct":31.7,"veg_pct":68.5}},{"type":"Feature","geometry":{"type":"Polygon","coordinates":[[[13.31350572,52.45260575],[13.31885636,52.45425855],[13.3210902,52.45696758],[13.3158049,52.45878941],[13.31782514,52.46110777],[13.31272064,52.46297362],[13.31453753,52.46488953],[13.30951182,52.46682895],[13.30818469,52.46611206],[13.30614658,52.46568729],[13.30498037,52.46320221],[13.30425632,52.45863367],[13.30715562,52.45915201],[13.30681614,52.45775644],[13.30914097,52.45585807],[13.30853706,52.45555602],[13.31018754,52.45404404],[13.31350572,52.45260575]]]},"properties":{"plr_id":"06100101","plr_name":"Fichtenberg","bzr_name":"Schloßstraße","pgr_name":"Steglitz","bez_id":"06","bez_name":"Steglitz-Zehlendorf","ew":6912,"mss_status_index":1,"mss_status_class":"hoch","mss_valid":true,"pet14h":34.27,"t2m04h":17.86,"canopy_pct":33.9,"veg_pct":58.6}},{"type":"Feature","geometry":{"type":"Polygon","coordinates":[[[13.31837341,52.45408255],[13.31916434,52.45322046],[13.31955679,52.45349665],[13.31990348,52.4531619],[13.32291161,52.45538593],[13.32430264,52.45482569],[13.32535047,52.45560491],[13.32557674,52.45551198],[13.32642471,52.45647458],[13.32454891,52.45650062],[13.32414754,52.45616484],[13.32287454,52.45661038],[13.32663235,52.45958035],[13.32435077,52.46038369],[13.32507784,52.46116163],[13.31453753,52.46488953],[13.31272064,52.46297362],[13.31782514,52.46110777],[13.3158049,52.45878941],[13.3210902,52.45696758],[13.31885636,52.45425855],[13.31837341,52.45408255]]]},"properties":{"plr_id":"06100102","plr_name":"Schloßstraße","bzr_name":"Schloßstraße","pgr_name":"Steglitz","bez_id":"06","bez_name":"Steglitz-Zehlendorf","ew":9048,"mss_status_index":2,"mss_status_class":"mittel","mss_valid":true,"pet14h":36.19,"t2m04h":18.63,"canopy_pct":19.8,"veg_pct":31.4}},{"type":"Feature","geometry":{"type":"Polygon","coordinates":[[[13.32936502,52.46557297],[13.32816422,52.46433312],[13.32099276,52.46696316],[13.31138896,52.46712493],[13.3106543,52.46690202],[13.30994156,52.46722795],[13.30951182,52.46682895],[13.32507784,52.46116163],[13.32435077,52.46038369],[13.32663235,52.45958035],[13.32688423,52.45979036],[13.32646786,52.46128331],[13.33062941,52.46515188],[13.32936502,52.46557297]]]},"properties":{"plr_id":"06100103","plr_name":"Markelstraße","bzr_name":"Schloßstraße","pgr_name":"Steglitz","bez_id":"06","bez_name":"Steglitz-Zehlendorf","ew":6186,"mss_status_index":1,"mss_status_class":"hoch","mss_valid":true,"pet14h":35.84,"t2m04h":18.58,"canopy_pct":18.8,"veg_pct":29.6}},{"type":"Feature","geometry":{"type":"Polygon","coordinates":[[[13.33848821,52.45122125],[13.35742892,52.44869104],[13.35918919,52.44824564],[13.36067115,52.44694113],[13.36105208,52.4470154],[13.35611939,52.45561189],[13.35420037,52.45564182],[13.35368306,52.45670078],[13.35294724,52.45712361],[13.35089321,52.45661945],[13.34907839,52.45677481],[13.34904365,52.4587649],[13.347559,52.45898967],[13.3394743,52.45856825],[13.33897337,52.45385381],[13.33834072,52.45155268],[13.33857284,52.45152889],[13.33848821,52.45122125]]]},"properties":{"plr_id":"06100204","plr_name":"Munsterdamm","bzr_name":"Albrechtstraße","pgr_name":"Steglitz","bez_id":"06","bez_name":"Steglitz-Zehlendorf","ew":6803,"mss_status_index":2,"mss_status_class":"mittel","mss_valid":true,"pet14h":31.82,"t2m04h":17.26,"canopy_pct":40.8,"veg_pct":69.1}},{"type":"Feature","geometry":{"type":"Polygon","coordinates":[[[13.34647983,52.4447955],[13.35567077,52.4430096],[13.356985,52.44298279],[13.36017561,52.4434798],[13.36238405,52.44457294],[13.36120472,52.44684931],[13.36067115,52.44694113],[13.35890217,52.44836251],[13.35327092,52.44940196],[13.33848821,52.45122125],[13.33805579,52.45051969],[13.33750686,52.45015987],[13.33947157,52.44859468],[13.34244148,52.44708605],[13.34292767,52.44706164],[13.34286618,52.4468122],[13.3448074,52.44571176],[13.34626728,52.44545085],[13.34647983,52.4447955]]]},"properties":{"plr_id":"06100205","plr_name":"Südende","bzr_name":"Albrechtstraße","pgr_name":"Steglitz","bez_id":"06","bez_name":"Steglitz-Zehlendorf","ew":9988,"mss_status_index":2,"mss_status_class":"mittel","mss_valid":true,"pet14h":34.6,"t2m04h":17.87,"canopy_pct":29.7,"veg_pct":52.0}},{"type":"Feature","geometry":{"type":"Polygon","coordinates":[[[13.33947157,52.44859468],[13.33750686,52.45015987],[13.33805579,52.45051969],[13.33848821,52.45122125],[13.33578877,52.45142699],[13.33148969,52.45316839],[13.32558263,52.44651774],[13.32318958,52.44493445],[13.3257465,52.44334867],[13.32933331,52.44490398],[13.333386,52.44556412],[13.34008845,52.44539218],[13.34647983,52.4447955],[13.34626728,52.44545085],[13.34487808,52.44567391],[13.34286618,52.4468122],[13.34292767,52.44706164],[13.34244148,52.44708605],[13.33947157,52.44859468]]]},"properties":{"plr_id":"06100206","plr_name":"Stadtpark","bzr_name":"Albrechtstraße","pgr_name":"Steglitz","bez_id":"06","bez_name":"Steglitz-Zehlendorf","ew":7751,"mss_status_index":2,"mss_status_class":"mittel","mss_valid":true,"pet14h":32.28,"t2m04h":17.77,"canopy_pct":36.4,"veg_pct":57.4}},{"type":"Feature","geometry":{"type":"Polygon","coordinates":[[[13.31547694,52.45326326],[13.31516204,52.45052154],[13.31780963,52.45178347],[13.31859326,52.45053035],[13.31996542,52.44909407],[13.32037225,52.44808353],[13.32000639,52.44779784],[13.32247245,52.44476403],[13.32285094,52.44475189],[13.32558263,52.44651774],[13.33148969,52.45316839],[13.32535047,52.45560491],[13.32430264,52.45482569],[13.32291161,52.45538593],[13.31990348,52.4531619],[13.31955679,52.45349665],[13.31916434,52.45322046],[13.31837341,52.45408255],[13.31547694,52.45326326]]]},"properties":{"plr_id":"06100207","plr_name":"Mittelstraße","bzr_name":"Albrechtstraße","pgr_name":"Steglitz","bez_id":"06","bez_name":"Steglitz-Zehlendorf","ew":8168,"mss_status_index":2,"mss_status_class":"mittel","mss_valid":true,"pet14h":34.58,"t2m04h":17.94,"canopy_pct":30.4,"veg_pct":51.5}},{"type":"Feature","geometry":{"type":"Polygon","coordinates":[[[13.33848821,52.45122125],[13.33857284,52.45152889],[13.33834072,52.45155268],[13.33897337,52.45385381],[13.3394743,52.45856825],[13.33232017,52.45815893],[13.33050103,52.4590039],[13.32943933,52.45918963],[13.32938075,52.45959491],[13.3291222,52.45971178],[13.32856405,52.45953085],[13.32822655,52.45968593],[13.32856739,52.45996134],[13.32754178,52.46037384],[13.32287724,52.45661846],[13.32414754,52.45616484],[13.32454891,52.45650062],[13.32642471,52.45647458],[13.32557674,52.45551198],[13.33563915,52.45147444],[13.33848821,52.45122125]]]},"properties":{"plr_id":"06100208","plr_name":"Bergstraße","bzr_name":"Albrechtstraße","pgr_name":"Steglitz","bez_id":"06","bez_name":"Steglitz-Zehlendorf","ew":7065,"mss_status_index":2,"mss_status_class":"mittel","mss_valid":true,"pet14h":36.12,"t2m04h":18.46,"canopy_pct":21.3,"veg_pct":36.3}},{"type":"Feature","geometry":{"type":"Polygon","coordinates":[[[13.33141131,52.46585738],[13.32646786,52.46128331],[13.32688423,52.45979036],[13.32754178,52.46037384],[13.32856739,52.45996134],[13.32822655,52.45968593],[13.32856405,52.45953085],[13.3291222,52.45971178],[13.32938075,52.45959491],[13.32943933,52.45918963],[13.33050103,52.4590039],[13.33232017,52.45815893],[13.3394743,52.45856825],[13.33958609,52.46098389],[13.33897507,52.46507947],[13.33940038,52.46526201],[13.33890559,52.46556412],[13.33877262,52.46656941],[13.33848174,52.46638169],[13.33627429,52.46741658],[13.33483179,52.46620135],[13.33141131,52.46585738]]]},"properties":{"plr_id":"06100209","plr_name":"Feuerbachstraße","bzr_name":"Albrechtstraße","pgr_name":"Steglitz","bez_id":"06","bez_name":"Steglitz-Zehlendorf","ew":9322,"mss_status_index":2,"mss_status_class":"mittel","mss_valid":true,"pet14h":35.68,"t2m04h":18.48,"canopy_pct":24.5,"veg_pct":38.4}},{"type":"Feature","geometry":{"type":"Polygon","coordinates":[[[13.3394743,52.45856825],[13.347559,52.45898967],[13.34782102,52.45924632],[13.34495596,52.46171868],[13.33940038,52.46526201],[13.33897507,52.46507947],[13.33958609,52.46098389],[13.3394743,52.45856825]]]},"properties":{"plr_id":"06100210","plr_name":"Bismarckstraße","bzr_name":"Albrechtstraße","pgr_name":"Steglitz","bez_id":"06","bez_name":"Steglitz-Zehlendorf","ew":5004,"mss_status_index":2,"mss_status_class":"mittel","mss_valid":true,"pet14h":34.41,"t2m04h":18.41,"canopy_pct":27.2,"veg_pct":43.9}},{"type":"Feature","geometry":{"type":"Polygon","coordinates":[[[13.35228552,52.43602819],[13.35006957,52.43405644],[13.35275247,52.4332097],[13.36425099,52.43479108],[13.36766836,52.4356013],[13.36242598,52.44459667],[13.36017561,52.4434798],[13.35748765,52.4430065],[13.35567077,52.4430096],[13.34997206,52.44401101],[13.34924781,52.44379774],[13.34964862,52.44361987],[13.3488401,52.44308087],[13.35207558,52.43982184],[13.35432603,52.4384612],[13.35228552,52.43602819]]]},"properties":{"plr_id":"06200311","plr_name":"Alt-Lankwitz","bzr_name":"Lankwitz","pgr_name":"Lankwitz/Lichterfelde Ost","bez_id":"06","bez_name":"Steglitz-Zehlendorf","ew":4873,"mss_status_index":2,"mss_status_class":"mittel","mss_valid":true,"pet14h":35.12,"t2m04h":17.6,"canopy_pct":28.5,"veg_pct":54.6}},{"type":"Feature","geometry":{"type":"Polygon","coordinates":[[[13.34327157,52.43963185],[13.34955657,52.44404075],[13.34444794,52.44508702],[13.33528666,52.44560079],[13.33097514,52.44529063],[13.32762471,52.44431149],[13.32812231,52.44401852],[13.32883634,52.44298929],[13.32804159,52.44269827],[13.32780004,52.44153992],[13.3285068,52.44082977],[13.32707785,52.44000513],[13.33027775,52.43399995],[13.33064233,52.43348386],[13.33211893,52.43276106],[13.33373118,52.43383682],[13.33469798,52.43395674],[13.34224519,52.43913429],[13.3419351,52.43930437],[13.34327157,52.43963185]]]},"properties":{"plr_id":"06200312","plr_name":"Komponistenviertel Lankwitz","bzr_name":"Lankwitz","pgr_name":"Lankwitz/Lichterfelde Ost","bez_id":"06","bez_name":"Steglitz-Zehlendorf","ew":6285,"mss_status_index":2,"mss_status_class":"mittel","mss_valid":true,"pet14h":34.21,"t2m04h":17.57,"canopy_pct":32.6,"veg_pct":56.5}},{"type":"Feature","geometry":{"type":"Polygon","coordinates":[[[13.34908466,52.44383165],[13.34327157,52.43963185],[13.3419351,52.43930437],[13.34224519,52.43913429],[13.33933432,52.43713369],[13.34012729,52.43591583],[13.34278415,52.43419014],[13.34437386,52.43280541],[13.34513081,52.43178051],[13.34763297,52.43197677],[13.35221179,52.43591215],[13.35432603,52.4384612],[13.35207558,52.43982184],[13.3488401,52.44308087],[13.34964862,52.44361987],[13.34908466,52.44383165]]]},"properties":{"plr_id":"06200313","plr_name":"Lankwitz Kirche","bzr_name":"Lankwitz","pgr_name":"Lankwitz/Lichterfelde Ost","bez_id":"06","bez_name":"Steglitz-Zehlendorf","ew":7395,"mss_status_index":2,"mss_status_class":"mittel","mss_valid":true,"pet14h":35.46,"t2m04h":17.7,"canopy_pct":27.9,"veg_pct":52.7}},{"type":"Feature","geometry":{"type":"Polygon","coordinates":[[[13.33448263,52.42441731],[13.34312482,52.42786704],[13.34086985,52.4298031],[13.34513081,52.43178051],[13.34437386,52.43280541],[13.34278415,52.43419014],[13.34012729,52.43591583],[13.33933432,52.43713369],[13.33453119,52.43384942],[13.33364999,52.43379708],[13.33078457,52.43199738],[13.33194116,52.43117663],[13.33272461,52.42970189],[13.3317822,52.42946382],[13.33345268,52.42697939],[13.33309286,52.42688939],[13.33448263,52.42441731]]]},"properties":{"plr_id":"06200314","plr_name":"Kaiser-Wilhelm-Straße","bzr_name":"Lankwitz","pgr_name":"Lankwitz/Lichterfelde Ost","bez_id":"06","bez_name":"Steglitz-Zehlendorf","ew":7210,"mss_status_index":2,"mss_status_class":"mittel","mss_valid":true,"pet14h":35.94,"t2m04h":17.83,"canopy_pct":28.1,"veg_pct":51.7}},{"type":"Feature","geometry":{"type":"Polygon","coordinates":[[[13.33353408,52.42323654],[13.33563399,52.42273766],[13.33648696,52.42149151],[13.33860899,52.42194318],[13.34217589,52.42157634],[13.34405104,52.42174007],[13.34423405,52.42150965],[13.34911453,52.42236577],[13.34881967,52.42276121],[13.35647207,52.42459938],[13.35486013,52.42792897],[13.35283081,52.4331672],[13.35015185,52.43406454],[13.34763297,52.43197677],[13.34530731,52.43194168],[13.34086985,52.4298031],[13.34312482,52.42786704],[13.33500613,52.42454694],[13.33318762,52.4240966],[13.33353408,52.42323654]]]},"properties":{"plr_id":"06200315","plr_name":"Gallwitzallee","bzr_name":"Lankwitz","pgr_name":"Lankwitz/Lichterfelde Ost","bez_id":"06","bez_name":"Steglitz-Zehlendorf","ew":6890,"mss_status_index":2,"mss_status_class":"mittel","mss_valid":true,"pet14h":35.59,"t2m04h":17.12,"canopy_pct":25.1,"veg_pct":58.7}},{"type":"Feature","geometry":{"type":"Polygon","coordinates":[[[13.35647207,52.42459938],[13.36178762,52.42561046],[13.36151344,52.42629235],[13.36271514,52.42815819],[13.36312704,52.43000292],[13.364669,52.43011044],[13.36509211,52.43162505],[13.36649999,52.43148078],[13.36684491,52.43333676],[13.3666655,52.43525968],[13.35275247,52.4332097],[13.35486013,52.42792897],[13.35647207,52.42459938]]]},"properties":{"plr_id":"06200316","plr_name":"Belßstraße","bzr_name":"Lankwitz","pgr_name":"Lankwitz/Lichterfelde Ost","bez_id":"06","bez_name":"Steglitz-Zehlendorf","ew":5788,"mss_status_index":2,"mss_status_class":"mittel","mss_valid":true,"pet14h":35.78,"t2m04h":17.82,"canopy_pct":26.3,"veg_pct":47.8}},{"type":"Feature","geometry":{"type":"Polygon","coordinates":[[[13.33648696,52.42149151],[13.34039448,52.41632059],[13.34583332,52.41519499],[13.34597401,52.41544229],[13.3592699,52.41994435],[13.36029147,52.42057473],[13.36340249,52.42148965],[13.36791836,52.42761135],[13.36854469,52.42760792],[13.37159541,52.42911652],[13.36766836,52.4356013],[13.36658728,52.43528565],[13.36685159,52.43353708],[13.36649999,52.43148078],[13.36509211,52.43162505],[13.364669,52.43011044],[13.36312704,52.43000292],[13.36271514,52.42815819],[13.36151344,52.42629235],[13.36178762,52.42561046],[13.35451141,52.42420549],[13.34881967,52.42276121],[13.34911453,52.42236577],[13.34423405,52.42150965],[13.34405104,52.42174007],[13.34217589,52.42157634],[13.33860899,52.42194318],[13.33648696,52.42149151]]]},"properties":{"plr_id":"06200317","plr_name":"Lankwitz Süd","bzr_name":"Lankwitz","pgr_name":"Lankwitz/Lichterfelde Ost","bez_id":"06","bez_name":"Steglitz-Zehlendorf","ew":6257,"mss_status_index":2,"mss_status_class":"mittel","mss_valid":true,"pet14h":37.17,"t2m04h":17.21,"canopy_pct":25.1,"veg_pct":61.6}},{"type":"Feature","geometry":{"type":"Polygon","coordinates":[[[13.3271069,52.40564862],[13.32205055,52.41032301],[13.31358629,52.41089842],[13.3106384,52.41088877],[13.30948596,52.41074639],[13.3084727,52.4089483],[13.30670056,52.40448915],[13.31206439,52.3991054],[13.31413743,52.40061933],[13.3271069,52.40564862]]]},"properties":{"plr_id":"06200418","plr_name":"Landweg","bzr_name":"Ostpreußendamm","pgr_name":"Lankwitz/Lichterfelde Ost","bez_id":"06","bez_name":"Steglitz-Zehlendorf","ew":0,"mss_status_index":null,"mss_status_class":"Planungsraum ohne Zuordnung","mss_valid":false,"pet14h":32.55,"t2m04h":15.86,"canopy_pct":40.1,"veg_pct":93.9}},{"type":"Feature","geometry":{"type":"Polygon","coordinates":[[[13.32205055,52.41032301],[13.31427229,52.41755812],[13.31372418,52.41732661],[13.31081143,52.41310185],[13.31003258,52.41157662],[13.31049595,52.41151324],[13.31048565,52.4108705],[13.31358629,52.41089842],[13.32205055,52.41032301]]]},"properties":{"plr_id":"06200419","plr_name":"Thermometersiedlung","bzr_name":"Ostpreußendamm","pgr_name":"Lankwitz/Lichterfelde Ost","bez_id":"06","bez_name":"Steglitz-Zehlendorf","ew":4539,"mss_status_index":2,"mss_status_class":"mittel","mss_valid":true,"pet14h":33.54,"t2m04h":17.48,"canopy_pct":33.5,"veg_pct":57.5}},{"type":"Feature","geometry":{"type":"Polygon","coordinates":[[[13.29593279,52.41450434],[13.30670056,52.40448915],[13.3084727,52.4089483],[13.30948596,52.41074639],[13.31048565,52.4108705],[13.31049595,52.41151324],[13.31003258,52.41157662],[13.3103903,52.41239429],[13.31252391,52.41578248],[13.31374481,52.41735037],[13.31427229,52.41755812],[13.31375183,52.41815577],[13.31379105,52.41849111],[13.31358817,52.41822636],[13.31040916,52.42123923],[13.31166268,52.42192296],[13.30852018,52.42415888],[13.30635585,52.42498549],[13.30189949,52.4191661],[13.29964781,52.41763112],[13.29660812,52.41642722],[13.29709161,52.41577721],[13.2969583,52.41505017],[13.29672382,52.41474217],[13.29593279,52.41450434]]]},"properties":{"plr_id":"06200420","plr_name":"Lichterfelde Süd","bzr_name":"Ostpreußendamm","pgr_name":"Lankwitz/Lichterfelde Ost","bez_id":"06","bez_name":"Steglitz-Zehlendorf","ew":7403,"mss_status_index":2,"mss_status_class":"mittel","mss_valid":true,"pet14h":34.95,"t2m04h":17.24,"canopy_pct":27.1,"veg_pct":60.5}},{"type":"Feature","geometry":{"type":"Polygon","coordinates":[[[13.31145959,52.43070382],[13.31121042,52.43049223],[13.31083876,52.43061956],[13.30999724,52.42983595],[13.30635585,52.42498549],[13.30852018,52.42415888],[13.31166268,52.42192296],[13.31040916,52.42123923],[13.31358817,52.41822636],[13.31443575,52.41945264],[13.31821767,52.42292365],[13.32255424,52.42613972],[13.32539393,52.42763501],[13.32667785,52.42907642],[13.32898556,52.43064009],[13.32876986,52.43075034],[13.33062867,52.4320545],[13.33211893,52.43276106],[13.33064233,52.43348386],[13.33027775,52.43399995],[13.32707785,52.44000513],[13.3285068,52.44082977],[13.32779782,52.44149403],[13.32804159,52.44269827],[13.32883634,52.44298929],[13.32859828,52.44307173],[13.32847062,52.44361877],[13.32771253,52.4442459],[13.32450382,52.44255427],[13.31865038,52.43640298],[13.31107546,52.43083036],[13.31145959,52.43070382]]]},"properties":{"plr_id":"06200421","plr_name":"Königsberger Straße","bzr_name":"Ostpreußendamm","pgr_name":"Lankwitz/Lichterfelde Ost","bez_id":"06","bez_name":"Steglitz-Zehlendorf","ew":8417,"mss_status_index":2,"mss_status_class":"mittel","mss_valid":true,"pet14h":34.4,"t2m04h":17.6,"canopy_pct":29.4,"veg_pct":54.3}},{"type":"Feature","geometry":{"type":"Polygon","coordinates":[[[13.33353408,52.42323654],[13.33318762,52.4240966],[13.33448263,52.42441731],[13.33309286,52.42688939],[13.33345268,52.42697939],[13.3317822,52.42946382],[13.33272461,52.42970189],[13.33194116,52.43117663],[13.33062867,52.4320545],[13.32667785,52.42907642],[13.32539393,52.42763501],[13.32255424,52.42613972],[13.31795526,52.42271443],[13.31443575,52.41945264],[13.31375774,52.41856552],[13.31434138,52.4180497],[13.3153372,52.41917324],[13.32938586,52.41815769],[13.34029385,52.41614625],[13.34039448,52.41632059],[13.33563399,52.42273766],[13.33353408,52.42323654]]]},"properties":{"plr_id":"06200422","plr_name":"Oberhofer Platz","bzr_name":"Ostpreußendamm","pgr_name":"Lankwitz/Lichterfelde Ost","bez_id":"06","bez_name":"Steglitz-Zehlendorf","ew":7009,"mss_status_index":1,"mss_status_class":"hoch","mss_valid":true,"pet14h":36.81,"t2m04h":17.64,"canopy_pct":26.6,"veg_pct":58.1}},{"type":"Feature","geometry":{"type":"Polygon","coordinates":[[[13.31391989,52.41836662],[13.31375183,52.41815577],[13.31438711,52.41742637],[13.3271069,52.40564862],[13.34334723,52.41172172],[13.34293614,52.41172721],[13.34309756,52.41330045],[13.34274207,52.41416664],[13.34553386,52.41527769],[13.32938586,52.41815769],[13.3153372,52.41917324],[13.31434138,52.4180497],[13.31391989,52.41836662]]]},"properties":{"plr_id":"06200423","plr_name":"Schütte-Lanz-Straße","bzr_name":"Ostpreußendamm","pgr_name":"Lankwitz/Lichterfelde Ost","bez_id":"06","bez_name":"Steglitz-Zehlendorf","ew":8606,"mss_status_index":2,"mss_status_class":"mittel","mss_valid":true,"pet14h":36.69,"t2m04h":17.04,"canopy_pct":23.8,"veg_pct":62.7}},{"type":"Feature","geometry":{"type":"Polygon","coordinates":[[[13.25019227,52.42828632],[13.24887936,52.42934355],[13.24558086,52.43126673],[13.24483818,52.43113726],[13.24470458,52.43157376],[13.24039355,52.4335472],[13.22948318,52.43103922],[13.22968929,52.42961939],[13.22950355,52.42776157],[13.23693179,52.42536932],[13.23913834,52.42503499],[13.22526584,52.42083809],[13.23314146,52.42034334],[13.23563346,52.42087148],[13.24595197,52.42117513],[13.24714584,52.4188996],[13.24741515,52.41747829],[13.24908691,52.41958428],[13.25054239,52.42241273],[13.25254733,52.42559168],[13.25741042,52.43030971],[13.25019227,52.42828632]]]},"properties":{"plr_id":"06300524","plr_name":"Berlepschstraße","bzr_name":"Teltower Damm","pgr_name":"Zehlendorf Süd/Lichterfelde West","bez_id":"06","bez_name":"Steglitz-Zehlendorf","ew":5624,"mss_status_index":2,"mss_status_class":"mittel","mss_valid":true,"pet14h":35.52,"t2m04h":17.2,"canopy_pct":28.5,"veg_pct":65.7}},{"type":"Feature","geometry":{"type":"Polygon","coordinates":[[[13.25851855,52.41625339],[13.25429729,52.41591015],[13.25417167,52.41648078],[13.24883258,52.4193272],[13.24741502,52.41746236],[13.24903576,52.41176361],[13.24898359,52.40896021],[13.24874026,52.40840846],[13.24914971,52.40790426],[13.24978063,52.40498199],[13.25330925,52.40603538],[13.25805745,52.4063951],[13.26086453,52.40600077],[13.26359869,52.40499342],[13.2659326,52.40444088],[13.2690139,52.40423573],[13.26829516,52.40662187],[13.26770674,52.4073162],[13.26759518,52.40914343],[13.26712341,52.40911202],[13.26689512,52.41017367],[13.26660379,52.41019975],[13.26656314,52.41047121],[13.26530083,52.4104137],[13.25957734,52.41373464],[13.25851855,52.41625339]]]},"properties":{"plr_id":"06300525","plr_name":"Zehlendorf Süd","bzr_name":"Teltower Damm","pgr_name":"Zehlendorf Süd/Lichterfelde West","bez_id":"06","bez_name":"Steglitz-Zehlendorf","ew":5820,"mss_status_index":2,"mss_status_class":"mittel","mss_valid":true,"pet14h":34.11,"t2m04h":16.84,"canopy_pct":26.1,"veg_pct":68.7}},{"type":"Feature","geometry":{"type":"Polygon","coordinates":[[[13.25646086,52.43595191],[13.24039355,52.4335472],[13.24470458,52.43157376],[13.24483818,52.43113726],[13.24558086,52.43126673],[13.24887936,52.42934355],[13.25019227,52.42828632],[13.25662376,52.4302323],[13.25741042,52.43030971],[13.25596281,52.42877669],[13.26133452,52.4293215],[13.26331633,52.43036344],[13.26642519,52.43055883],[13.26332073,52.43527539],[13.26172363,52.43508703],[13.25646086,52.43595191]]]},"properties":{"plr_id":"06300526","plr_name":"Zehlendorf Mitte","bzr_name":"Teltower Damm","pgr_name":"Zehlendorf Süd/Lichterfelde West","bez_id":"06","bez_name":"Steglitz-Zehlendorf","ew":3350,"mss_status_index":2,"mss_status_class":"mittel","mss_valid":true,"pet14h":34.26,"t2m04h":17.98,"canopy_pct":32.7,"veg_pct":55.2}},{"type":"Feature","geometry":{"type":"Polygon","coordinates":[[[13.28311538,52.44218473],[13.26939936,52.43790282],[13.26567871,52.43594959],[13.26332073,52.43527539],[13.26642519,52.43055883],[13.27342745,52.43071627],[13.27975562,52.43231806],[13.28020387,52.43310209],[13.28194007,52.43853056],[13.28230874,52.43873545],[13.28193967,52.43888194],[13.28311538,52.44218473]]]},"properties":{"plr_id":"06300527","plr_name":"Sundgauer Straße","bzr_name":"Teltower Damm","pgr_name":"Zehlendorf Süd/Lichterfelde West","bez_id":"06","bez_name":"Steglitz-Zehlendorf","ew":8541,"mss_status_index":2,"mss_status_class":"mittel","mss_valid":true,"pet14h":36.05,"t2m04h":17.57,"canopy_pct":26.8,"veg_pct":55.1}},{"type":"Feature","geometry":{"type":"Polygon","coordinates":[[[13.2722006,52.41321548],[13.27653645,52.42544933],[13.27975562,52.43231806],[13.27342745,52.43071627],[13.26353732,52.43039535],[13.26274787,52.43017863],[13.26133452,52.4293215],[13.25596281,52.42877669],[13.25254733,52.42559168],[13.24883258,52.4193272],[13.25417167,52.41648078],[13.25429729,52.41591015],[13.25851855,52.41625339],[13.25953544,52.41376627],[13.26530083,52.4104137],[13.26656314,52.41047121],[13.26660379,52.41019975],[13.26699131,52.41000267],[13.26712341,52.40911202],[13.26759518,52.40914343],[13.26763969,52.40883473],[13.27126543,52.40915848],[13.27364307,52.40974153],[13.2722006,52.41321548]]]},"properties":{"plr_id":"06300528","plr_name":"Teltower Damm","bzr_name":"Teltower Damm","pgr_name":"Zehlendorf Süd/Lichterfelde West","bez_id":"06","bez_name":"Steglitz-Zehlendorf","ew":10947,"mss_status_index":1,"mss_status_class":"hoch","mss_valid":true,"pet14h":34.79,"t2m04h":17.3,"canopy_pct":35.0,"veg_pct":68.3}},{"type":"Feature","geometry":{"type":"Polygon","coordinates":[[[13.31547694,52.45326326],[13.31350572,52.45260575],[13.31018754,52.45404404],[13.30853706,52.45555602],[13.30914097,52.45585807],[13.30681614,52.45775644],[13.30715562,52.45915201],[13.30425632,52.45863367],[13.30361044,52.45833921],[13.29549115,52.4504771],[13.29316801,52.44647247],[13.29376843,52.44598054],[13.28311538,52.44218473],[13.28206934,52.43926254],[13.29414562,52.4437182],[13.29989722,52.44544664],[13.31202139,52.44976014],[13.31205102,52.44995792],[13.31265736,52.45003152],[13.31522302,52.45123892],[13.31547694,52.45326326]]]},"properties":{"plr_id":"06300629","plr_name":"Botanischer Garten","bzr_name":"Drakestraße","pgr_name":"Zehlendorf Süd/Lichterfelde West","bez_id":"06","bez_name":"Steglitz-Zehlendorf","ew":6988,"mss_status_index":2,"mss_status_class":"mittel","mss_valid":true,"pet14h":34.06,"t2m04h":17.41,"canopy_pct":31.5,"veg_pct":58.8}},{"type":"Feature","geometry":{"type":"Polygon","coordinates":[[[13.31562771,52.45073135],[13.31585485,52.45035136],[13.31557108,52.4492714],[13.31551748,52.44690022],[13.31605966,52.44195808],[13.31660799,52.43964177],[13.31532103,52.43692968],[13.31341546,52.43518864],[13.31009592,52.43144953],[13.31107546,52.43083036],[13.31848243,52.43625388],[13.32346683,52.44166206],[13.3257465,52.44334867],[13.32318958,52.44493445],[13.32247245,52.44476403],[13.32000639,52.44779784],[13.32037225,52.44808353],[13.31996542,52.44909407],[13.31859326,52.45053035],[13.31780963,52.45178347],[13.31562771,52.45073135]]]},"properties":{"plr_id":"06300630","plr_name":"Hindenburgdamm","bzr_name":"Drakestraße","pgr_name":"Zehlendorf Süd/Lichterfelde West","bez_id":"06","bez_name":"Steglitz-Zehlendorf","ew":5667,"mss_status_index":2,"mss_status_class":"mittel","mss_valid":true,"pet14h":32.47,"t2m04h":17.57,"canopy_pct":34.2,"veg_pct":56.4}},{"type":"Feature","geometry":{"type":"Polygon","coordinates":[[[13.31145959,52.43070382],[13.31009592,52.43144953],[13.29892047,52.42195411],[13.29856837,52.42178139],[13.29818641,52.42198981],[13.2940309,52.41984026],[13.28283792,52.41681033],[13.27529485,52.4124369],[13.27603772,52.41240226],[13.27484272,52.41087535],[13.27351663,52.41004248],[13.27364307,52.40974153],[13.27118745,52.40914677],[13.26748613,52.4088227],[13.26770674,52.4073162],[13.26829516,52.40662187],[13.2690139,52.40423573],[13.27199764,52.40431652],[13.27581684,52.40519793],[13.28035139,52.40736494],[13.29322526,52.41456116],[13.29675296,52.41625256],[13.29660812,52.41642722],[13.30043162,52.41807934],[13.30256793,52.41981088],[13.30981951,52.4296357],[13.31083876,52.43061956],[13.31121042,52.43049223],[13.31145959,52.43070382]]]},"properties":{"plr_id":"06300631","plr_name":"Goerzwerke","bzr_name":"Drakestraße","pgr_name":"Zehlendorf Süd/Lichterfelde West","bez_id":"06","bez_name":"Steglitz-Zehlendorf","ew":2881,"mss_status_index":1,"mss_status_class":"hoch","mss_valid":true,"pet14h":34.61,"t2m04h":17.5,"canopy_pct":19.2,"veg_pct":41.5}},{"type":"Feature","geometry":{"type":"Polygon","coordinates":[[[13.27653645,52.42544933],[13.2722006,52.41321548],[13.27360832,52.41000834],[13.27484272,52.41087535],[13.27603772,52.41240226],[13.27529485,52.4124369],[13.28290559,52.41684271],[13.2940309,52.41984026],[13.29818641,52.42198981],[13.29856837,52.42178139],[13.29892047,52.42195411],[13.30970382,52.43110643],[13.30498589,52.4321177],[13.29290571,52.43264564],[13.28857657,52.43278221],[13.28642129,52.43258726],[13.2822272,52.43283416],[13.27975562,52.43231806],[13.27653645,52.42544933]]]},"properties":{"plr_id":"06300632","plr_name":"Schweizer Viertel","bzr_name":"Drakestraße","pgr_name":"Zehlendorf Süd/Lichterfelde West","bez_id":"06","bez_name":"Steglitz-Zehlendorf","ew":13695,"mss_status_index":1,"mss_status_class":"hoch","mss_valid":true,"pet14h":36.82,"t2m04h":17.08,"canopy_pct":22.9,"veg_pct":61.5}},{"type":"Feature","geometry":{"type":"Polygon","coordinates":[[[13.29556686,52.44415076],[13.30669634,52.43408524],[13.30929659,52.43185968],[13.31009592,52.43144953],[13.31341546,52.43518864],[13.31532103,52.43692968],[13.31660799,52.43964177],[13.31605966,52.44195808],[13.31551748,52.44690022],[13.31557108,52.4492714],[13.31585485,52.45035136],[13.31552398,52.4507787],[13.31516204,52.45052154],[13.31522302,52.45123892],[13.3107003,52.44926146],[13.30636725,52.44789488],[13.29989722,52.44544664],[13.29556686,52.44415076]]]},"properties":{"plr_id":"06300633","plr_name":"Augustaplatz","bzr_name":"Drakestraße","pgr_name":"Zehlendorf Süd/Lichterfelde West","bez_id":"06","bez_name":"Steglitz-Zehlendorf","ew":11955,"mss_status_index":2,"mss_status_class":"mittel","mss_valid":true,"pet14h":35.59,"t2m04h":17.81,"canopy_pct":29.2,"veg_pct":53.2}},{"type":"Feature","geometry":{"type":"Polygon","coordinates":[[[13.29588067,52.44386588],[13.29533408,52.44408739],[13.29422277,52.44374475],[13.28206857,52.43926226],[13.28193967,52.43888194],[13.28230874,52.43873545],[13.28194007,52.43853056],[13.28020387,52.43310209],[13.27975562,52.43231806],[13.28213238,52.432831],[13.28642129,52.43258726],[13.28910936,52.43277066],[13.30498589,52.4321177],[13.30970382,52.43110643],[13.31009592,52.43144953],[13.30929659,52.43185968],[13.30669634,52.43408524],[13.29588067,52.44386588]]]},"properties":{"plr_id":"06300634","plr_name":"Lichterfelde West","bzr_name":"Drakestraße","pgr_name":"Zehlendorf Süd/Lichterfelde West","bez_id":"06","bez_name":"Steglitz-Zehlendorf","ew":8285,"mss_status_index":1,"mss_status_class":"hoch","mss_valid":true,"pet14h":35.49,"t2m04h":17.54,"canopy_pct":31.6,"veg_pct":60.9}},{"type":"Feature","geometry":{"type":"Polygon","coordinates":[[[13.18691072,52.42617922],[13.18552262,52.42815519],[13.18516069,52.42903391],[13.18479933,52.42907668],[13.18484061,52.4297566],[13.18295191,52.42986546],[13.1735025,52.42815948],[13.16186332,52.45219367],[13.15451641,52.44659795],[13.14852088,52.44337442],[13.13327164,52.44208753],[13.13172381,52.44110138],[13.13080575,52.44141385],[13.12804592,52.44096205],[13.12688206,52.44114596],[13.12411955,52.44067609],[13.12312112,52.43961502],[13.1231531,52.4387089],[13.12214206,52.4378778],[13.11721805,52.4361645],[13.11393054,52.43296628],[13.1120738,52.43231028],[13.11278343,52.42919587],[13.10802181,52.42666058],[13.10691646,52.42564561],[13.10540948,52.4252831],[13.10456781,52.4239826],[13.10160087,52.42463628],[13.10094926,52.42516271],[13.09997562,52.42544775],[13.09931385,52.42534415],[13.09840049,52.42488893],[13.09772366,52.423466],[13.09583939,52.42197384],[13.0883476,52.41963127],[13.09021086,52.41354913],[13.09027496,52.41221426],[13.09076788,52.41156046],[13.09212377,52.41124217],[13.0934123,52.41053713],[13.09739208,52.40941999],[13.09863867,52.41026084],[13.09855127,52.41046078],[13.09897742,52.41095954],[13.09758673,52.41165496],[13.09645033,52.41308894],[13.10085914,52.41376056],[13.10073035,52.41299011],[13.10112185,52.411577],[13.10100281,52.41053895],[13.10618684,52.40956209],[13.10714076,52.40999328],[13.10741756,52.41208842],[13.10710904,52.41318011],[13.10778027,52.41333253],[13.10962407,52.41294114],[13.11013686,52.41128603],[13.11151175,52.4114133],[13.11179745,52.41047998],[13.11042452,52.41035208],[13.11063064,52.40944338],[13.10850611,52.40924303],[13.10693317,52.40948561],[13.10638269,52.40869005],[13.10861045,52.40847559],[13.10926713,52.40817863],[13.10944998,52.40804766],[13.10832528,52.40725562],[13.10969384,52.40653585],[13.11110278,52.40529787],[13.11120409,52.40451017],[13.11181926,52.40398551],[13.11633734,52.40232331],[13.11775036,52.40211938],[13.1202323,52.39984857],[13.12478132,52.39686944],[13.12742406,52.39664006],[13.1325231,52.39866329],[13.13350945,52.39936649],[13.1349565,52.39859649],[13.13810256,52.39785619],[13.13804409,52.39768331],[13.13512958,52.39737394],[13.13571195,52.39617528],[13.13895019,52.39599236],[13.13449297,52.39368649],[13.13174568,52.39179942],[13.13149099,52.39188181],[13.1301674,52.39049682],[13.12985215,52.3906959],[13.13119789,52.39183612],[13.12729385,52.39160843],[13.126734,52.38958367],[13.13108524,52.38725177],[13.13198618,52.38751715],[13.1331808,52.3873046],[13.13397947,52.38873594],[13.13287415,52.38874344],[13.13037364,52.39036622],[13.1347076,52.39356342],[13.1418185,52.39709966],[13.14198693,52.39696088],[13.14320447,52.39724774],[13.14313412,52.39667346],[13.14385879,52.3961391],[13.14577101,52.39549703],[13.15329048,52.39484002],[13.15886918,52.39393902],[13.16876875,52.39439557],[13.17175746,52.39564235],[13.1711657,52.39782674],[13.16874028,52.39735801],[13.15779554,52.39635575],[13.15778255,52.39722676],[13.15938877,52.39990655],[13.1592337,52.40277509],[13.18523024,52.41150308],[13.17490982,52.41640937],[13.17463538,52.41667082],[13.17439276,52.41772942],[13.1747157,52.4181445],[13.17713904,52.41907973],[13.18033148,52.4185185],[13.18072854,52.42062072],[13.18521801,52.42304609],[13.18498729,52.4232025],[13.18534121,52.42336927],[13.18431237,52.42394058],[13.18642227,52.42524074],[13.18691072,52.42617922]]]},"properties":{"plr_id":"06400735","plr_name":"Wannsee","bzr_name":"Zehlendorf Südwest","pgr_name":"Zehlendorf Nord/Wannsee","bez_id":"06","bez_name":"Steglitz-Zehlendorf","ew":10188,"mss_status_index":1,"mss_status_class":"hoch","mss_valid":true,"pet14h":27.47,"t2m04h":17.57,"canopy_pct":53.9,"veg_pct":69.3}},{"type":"Feature","geometry":{"type":"Polygon","coordinates":[[[13.1999961,52.42184432],[13.19547812,52.42019243],[13.19268173,52.41945333],[13.19275528,52.41926812],[13.18188434,52.41842745],[13.17713904,52.41907973],[13.1747157,52.4181445],[13.17439276,52.41772942],[13.17463538,52.41667082],[13.17490982,52.41640937],[13.18523024,52.41150308],[13.19724649,52.41553785],[13.1994444,52.41540984],[13.20232104,52.41560998],[13.20971306,52.41679853],[13.21422564,52.4180406],[13.21709231,52.41916917],[13.22359181,52.42076877],[13.22506038,52.42107814],[13.22526087,52.42091734],[13.23913834,52.42503499],[13.23693179,52.42536932],[13.22950355,52.42776157],[13.22968929,52.42961939],[13.22954288,52.43066766],[13.21066922,52.42629585],[13.20250927,52.42306356],[13.1999961,52.42184432]]]},"properties":{"plr_id":"06400736","plr_name":"Düppel","bzr_name":"Zehlendorf Südwest","pgr_name":"Zehlendorf Nord/Wannsee","bez_id":"06","bez_name":"Steglitz-Zehlendorf","ew":5139,"mss_status_index":1,"mss_status_class":"hoch","mss_valid":true,"pet14h":29.43,"t2m04h":17.42,"canopy_pct":62.3,"veg_pct":83.9}},{"type":"Feature","geometry":{"type":"Polygon","coordinates":[[[13.22445566,52.42949287],[13.21875004,52.432634],[13.21458807,52.44003665],[13.21357896,52.44243632],[13.20779736,52.4451813],[13.2172964,52.45280594],[13.21778798,52.45272671],[13.21815855,52.45299118],[13.21886044,52.45404686],[13.23714872,52.46845081],[13.23833493,52.46916987],[13.2351015,52.46966109],[13.23146965,52.47075629],[13.22377646,52.46998596],[13.2161592,52.47009808],[13.21323021,52.46953084],[13.21147502,52.46943906],[13.2045737,52.47052733],[13.20221153,52.47015811],[13.20063895,52.46904469],[13.19915229,52.4687457],[13.19792814,52.46913489],[13.19761942,52.4697319],[13.1975762,52.47063979],[13.19662227,52.47134069],[13.19523189,52.47124876],[13.1945596,52.47097791],[13.18817003,52.47183692],[13.18530541,52.46257908],[13.1812155,52.4596249],[13.17741326,52.45591679],[13.17085011,52.45611607],[13.16186332,52.45219367],[13.1735025,52.42815948],[13.18295191,52.42986546],[13.18484061,52.4297566],[13.18479933,52.42907668],[13.18516069,52.42903391],[13.18555562,52.42810221],[13.18678708,52.42659204],[13.18690104,52.42598141],[13.18659556,52.42540067],[13.18431237,52.42394058],[13.18534121,52.42336927],[13.18498729,52.4232025],[13.18521801,52.42304609],[13.18072854,52.42062072],[13.18033148,52.4185185],[13.18245109,52.41844718],[13.19275528,52.41926812],[13.19268173,52.41945333],[13.19547812,52.42019243],[13.20016445,52.42186645],[13.20250927,52.42306356],[13.21057273,52.42626591],[13.22445566,52.42949287]]]},"properties":{"plr_id":"06400737","plr_name":"Nikolassee","bzr_name":"Zehlendorf Südwest","pgr_name":"Zehlendorf Nord/Wannsee","bez_id":"06","bez_name":"Steglitz-Zehlendorf","ew":11337,"mss_status_index":1,"mss_status_class":"hoch","mss_valid":true,"pet14h":27.78,"t2m04h":17.67,"canopy_pct":55.9,"veg_pct":69.6}},{"type":"Feature","geometry":{"type":"Polygon","coordinates":[[[13.25050057,52.45359951],[13.24991573,52.45790169],[13.24900867,52.4586555],[13.24746196,52.46077184],[13.24750931,52.46674215],[13.2475774,52.46732598],[13.24784172,52.46753912],[13.23834853,52.46919445],[13.21886044,52.45404686],[13.21815855,52.45299118],[13.21778798,52.45272671],[13.2172964,52.45280594],[13.20779736,52.4451813],[13.21357896,52.44243632],[13.21458807,52.44003665],[13.21875004,52.432634],[13.22445566,52.42949287],[13.22953108,52.43066652],[13.22948318,52.43103922],[13.23027518,52.43126076],[13.22996104,52.43298067],[13.23022013,52.43465444],[13.23183849,52.43707112],[13.23452299,52.43907542],[13.23915386,52.4415526],[13.24061077,52.44261032],[13.24042959,52.44272038],[13.24060688,52.44296896],[13.24276795,52.44493951],[13.24645503,52.44749788],[13.24075357,52.45216919],[13.25050057,52.45359951]]]},"properties":{"plr_id":"06400838","plr_name":"Krumme Lanke","bzr_name":"Zehlendorf Nord","pgr_name":"Zehlendorf Nord/Wannsee","bez_id":"06","bez_name":"Steglitz-Zehlendorf","ew":7341,"mss_status_index":1,"mss_status_class":"hoch","mss_valid":true,"pet14h":27.82,"t2m04h":17.74,"canopy_pct":69.6,"veg_pct":84.1}},{"type":"Feature","geometry":{"type":"Polygon","coordinates":[[[13.25503493,52.44280908],[13.24779034,52.44864986],[13.24616784,52.44773034],[13.24645503,52.44749788],[13.24266703,52.44485704],[13.24060688,52.44296896],[13.24042959,52.44272038],[13.24061077,52.44261032],[13.24034965,52.44241886],[13.23782506,52.44070316],[13.23445053,52.43903014],[13.23183849,52.43707112],[13.23072407,52.43566896],[13.23016327,52.43449124],[13.22996059,52.43301371],[13.23019011,52.43129802],[13.2410189,52.43368528],[13.24781144,52.43472219],[13.25646086,52.43595191],[13.25872084,52.43553165],[13.2555741,52.43992731],[13.25503493,52.44280908]]]},"properties":{"plr_id":"06400839","plr_name":"Fischerhüttenstraße","bzr_name":"Zehlendorf Nord","pgr_name":"Zehlendorf Nord/Wannsee","bez_id":"06","bez_name":"Steglitz-Zehlendorf","ew":5370,"mss_status_index":1,"mss_status_class":"hoch","mss_valid":true,"pet14h":33.65,"t2m04h":17.44,"canopy_pct":38.4,"veg_pct":70.3}},{"type":"Feature","geometry":{"type":"Polygon","coordinates":[[[13.25014615,52.45711751],[13.25050057,52.45359951],[13.24075357,52.45216919],[13.24616784,52.44773034],[13.24779034,52.44864986],[13.24814207,52.44845381],[13.25503493,52.44280908],[13.25495966,52.4425754],[13.25748873,52.44308045],[13.26121799,52.44459836],[13.26745194,52.44596501],[13.26339322,52.44921907],[13.26342566,52.44992335],[13.26225802,52.45083491],[13.26233094,52.45132204],[13.26160622,52.4513788],[13.25995733,52.45253709],[13.25439459,52.4571342],[13.2528582,52.45744191],[13.25131113,52.45675384],[13.25060235,52.45694454],[13.25051873,52.45717567],[13.25014615,52.45711751]]]},"properties":{"plr_id":"06400840","plr_name":"Fischtal","bzr_name":"Zehlendorf Nord","pgr_name":"Zehlendorf Nord/Wannsee","bez_id":"06","bez_name":"Steglitz-Zehlendorf","ew":7080,"mss_status_index":1,"mss_status_class":"hoch","mss_valid":true,"pet14h":32.84,"t2m04h":17.41,"canopy_pct":42.8,"veg_pct":73.2}},{"type":"Feature","geometry":{"type":"Polygon","coordinates":[[[13.2703129,52.44245273],[13.26991162,52.44392374],[13.26745194,52.44596501],[13.26121799,52.44459836],[13.25748873,52.44308045],[13.25495966,52.4425754],[13.2555741,52.43992731],[13.25872084,52.43553165],[13.26184897,52.43507857],[13.26533359,52.43582524],[13.26909521,52.43757527],[13.26939936,52.43790282],[13.2815323,52.44169115],[13.27777238,52.44216982],[13.2703129,52.44245273]]]},"properties":{"plr_id":"06400841","plr_name":"Zehlendorf Eiche","bzr_name":"Zehlendorf Nord","pgr_name":"Zehlendorf Nord/Wannsee","bez_id":"06","bez_name":"Steglitz-Zehlendorf","ew":6191,"mss_status_index":2,"mss_status_class":"mittel","mss_valid":true,"pet14h":36.54,"t2m04h":17.55,"canopy_pct":27.1,"veg_pct":60.6}},{"type":"Feature","geometry":{"type":"Polygon","coordinates":[[[13.2745751,52.46052926],[13.27596785,52.46332399],[13.2777849,52.46599723],[13.27805948,52.46838031],[13.27833394,52.4686394],[13.26400114,52.46697405],[13.26231499,52.46717341],[13.26162551,52.46777284],[13.25909299,52.46649914],[13.25263104,52.46674696],[13.24784172,52.46753912],[13.24755043,52.46724404],[13.24746196,52.46077184],[13.24900867,52.4586555],[13.24991573,52.45790169],[13.25008195,52.45710751],[13.25051873,52.45717567],[13.25060235,52.45694454],[13.25131113,52.45675384],[13.2528582,52.45744191],[13.25439459,52.4571342],[13.25995733,52.45253709],[13.26160622,52.4513788],[13.26233094,52.45132204],[13.26225802,52.45083491],[13.26342566,52.44992335],[13.26339322,52.44921907],[13.26803212,52.4455068],[13.26881812,52.44728037],[13.27100219,52.45077171],[13.27027493,52.4508179],[13.27266149,52.45491998],[13.2745751,52.46052926]]]},"properties":{"plr_id":"06400842","plr_name":"Hüttenweg","bzr_name":"Zehlendorf Nord","pgr_name":"Zehlendorf Nord/Wannsee","bez_id":"06","bez_name":"Steglitz-Zehlendorf","ew":4773,"mss_status_index":1,"mss_status_class":"hoch","mss_valid":true,"pet14h":28.32,"t2m04h":17.65,"canopy_pct":71.3,"veg_pct":86.6}},{"type":"Feature","geometry":{"type":"Polygon","coordinates":[[[13.29316801,52.44647247],[13.29519703,52.45011921],[13.2959857,52.45106147],[13.30361044,52.45833921],[13.30418582,52.45848454],[13.30416565,52.45882187],[13.29885102,52.45788692],[13.29075415,52.4581348],[13.28604733,52.45291906],[13.2829217,52.45123917],[13.27974705,52.4499187],[13.27092982,52.45075715],[13.26797334,52.44561206],[13.26994224,52.4438844],[13.27032351,52.4424495],[13.27777238,52.44216982],[13.2815323,52.44169115],[13.28647193,52.44324628],[13.29376843,52.44598054],[13.29316801,52.44647247]]]},"properties":{"plr_id":"06400843","plr_name":"Thielallee","bzr_name":"Zehlendorf Nord","pgr_name":"Zehlendorf Nord/Wannsee","bez_id":"06","bez_name":"Steglitz-Zehlendorf","ew":4690,"mss_status_index":1,"mss_status_class":"hoch","mss_valid":true,"pet14h":35.28,"t2m04h":17.32,"canopy_pct":28.2,"veg_pct":59.4}},{"type":"Feature","geometry":{"type":"Polygon","coordinates":[[[13.30633282,52.46741386],[13.29017612,52.47032965],[13.28988486,52.46989198],[13.28908286,52.47052864],[13.28109218,52.46884905],[13.27833154,52.46857037],[13.27805948,52.46838031],[13.2777849,52.46599723],[13.27521299,52.461892],[13.27266149,52.45491998],[13.27027493,52.4508179],[13.27974705,52.4499187],[13.2829217,52.45123917],[13.28604733,52.45291906],[13.29075415,52.4581348],[13.29885102,52.45788692],[13.30416565,52.45882187],[13.30498037,52.46320221],[13.30614658,52.46568729],[13.30822874,52.46612854],[13.30994156,52.46722795],[13.30909816,52.46771492],[13.30856628,52.4674216],[13.30747673,52.46788049],[13.30633282,52.46741386]]]},"properties":{"plr_id":"06400844","plr_name":"Dahlem","bzr_name":"Zehlendorf Nord","pgr_name":"Zehlendorf Nord/Wannsee","bez_id":"06","bez_name":"Steglitz-Zehlendorf","ew":7263,"mss_status_index":1,"mss_status_class":"hoch","mss_valid":true,"pet14h":34.28,"t2m04h":17.13,"canopy_pct":34.4,"veg_pct":69.9}},{"type":"Feature","geometry":{"type":"Polygon","coordinates":[[[13.34142104,52.50486769],[13.3369783,52.50069096],[13.33892314,52.49991258],[13.3389902,52.4994174],[13.33782048,52.4973919],[13.33730686,52.49598558],[13.33745722,52.49418908],[13.34615597,52.49421195],[13.34638567,52.49466363],[13.34567664,52.49466419],[13.34589953,52.49547738],[13.34568227,52.49989385],[13.34584346,52.50040444],[13.34525437,52.50057687],[13.34710211,52.50192882],[13.34923239,52.5030727],[13.34142104,52.50486769]]]},"properties":{"plr_id":"07100101","plr_name":"Wittenbergplatz","bzr_name":"Schöneberg Nordwest","pgr_name":"Schöneberg Nord","bez_id":"07","bez_name":"Tempelhof-Schöneberg","ew":9794,"mss_status_index":2,"mss_status_class":"mittel","mss_valid":true,"pet14h":36.41,"t2m04h":18.85,"canopy_pct":18.0,"veg_pct":26.4}},{"type":"Feature","geometry":{"type":"Polygon","coordinates":[[[13.34584346,52.50040444],[13.34589953,52.49547738],[13.34567664,52.49466419],[13.34638567,52.49466363],[13.34615597,52.49421195],[13.35186615,52.49473338],[13.35543169,52.49453166],[13.35437926,52.49867009],[13.35458502,52.49904003],[13.35489148,52.49905952],[13.35505743,52.49958301],[13.35409906,52.50038359],[13.35356983,52.50159945],[13.35368265,52.50203506],[13.34923239,52.5030727],[13.34710211,52.50192882],[13.34525437,52.50057687],[13.34584346,52.50040444]]]},"properties":{"plr_id":"07100102","plr_name":"Kalckreuthstraße","bzr_name":"Schöneberg Nordwest","pgr_name":"Schöneberg Nord","bez_id":"07","bez_name":"Tempelhof-Schöneberg","ew":8696,"mss_status_index":2,"mss_status_class":"mittel","mss_valid":true,"pet14h":36.12,"t2m04h":18.76,"canopy_pct":19.9,"veg_pct":28.0}},{"type":"Feature","geometry":{"type":"Polygon","coordinates":[[[13.3607781,52.49414592],[13.36090742,52.49579474],[13.36253754,52.49966273],[13.35751904,52.50110489],[13.35353807,52.50194483],[13.35412359,52.50034336],[13.35505743,52.49958301],[13.35489148,52.49905952],[13.35458502,52.49904003],[13.35437926,52.49867009],[13.35543169,52.49453166],[13.3607781,52.49414592]]]},"properties":{"plr_id":"07100103","plr_name":"Frobenstraße","bzr_name":"Schöneberg Nordwest","pgr_name":"Schöneberg Nord","bez_id":"07","bez_name":"Tempelhof-Schöneberg","ew":7897,"mss_status_index":2,"mss_status_class":"mittel","mss_valid":true,"pet14h":36.08,"t2m04h":18.43,"canopy_pct":19.3,"veg_pct":28.9}},{"type":"Feature","geometry":{"type":"Polygon","coordinates":[[[13.3452883,52.48926698],[13.36014169,52.49076435],[13.36065859,52.4919177],[13.3607781,52.49414592],[13.35242968,52.49474728],[13.34615597,52.49421195],[13.34537956,52.49316215],[13.3452883,52.48926698]]]},"properties":{"plr_id":"07100204","plr_name":"Barbarossaplatz","bzr_name":"Schöneberg Nordost","pgr_name":"Schöneberg Nord","bez_id":"07","bez_name":"Tempelhof-Schöneberg","ew":10425,"mss_status_index":2,"mss_status_class":"mittel","mss_valid":true,"pet14h":34.51,"t2m04h":18.39,"canopy_pct":24.8,"veg_pct":36.9}},{"type":"Feature","geometry":{"type":"Polygon","coordinates":[[[13.3607781,52.49414592],[13.36796872,52.49297117],[13.36810697,52.49310555],[13.36858145,52.49395561],[13.36841292,52.49448242],[13.36867842,52.49738544],[13.36960066,52.49810933],[13.36972769,52.49877542],[13.36253754,52.49966273],[13.36090742,52.49579474],[13.3607781,52.49414592]]]},"properties":{"plr_id":"07100205","plr_name":"Alvenslebenstraße","bzr_name":"Schöneberg Nordost","pgr_name":"Schöneberg Nord","bez_id":"07","bez_name":"Tempelhof-Schöneberg","ew":5177,"mss_status_index":3,"mss_status_class":"niedrig","mss_valid":true,"pet14h":35.16,"t2m04h":18.45,"canopy_pct":23.9,"veg_pct":34.7}},{"type":"Feature","geometry":{"type":"Polygon","coordinates":[[[13.36796872,52.49297117],[13.3607781,52.49414592],[13.36065859,52.4919177],[13.36025971,52.49081479],[13.36084637,52.49064077],[13.36065773,52.4904306],[13.36084486,52.49031814],[13.36055734,52.49013373],[13.3638728,52.48822596],[13.3684508,52.48818546],[13.37350231,52.48774589],[13.37473117,52.48938038],[13.37539925,52.48943203],[13.37547527,52.49045639],[13.37640414,52.49143269],[13.37643412,52.49167602],[13.36923777,52.4932814],[13.3682576,52.49332245],[13.36796872,52.49297117]]]},"properties":{"plr_id":"07100206","plr_name":"Großgörschenstraße","bzr_name":"Schöneberg Nordost","pgr_name":"Schöneberg Nord","bez_id":"07","bez_name":"Tempelhof-Schöneberg","ew":8355,"mss_status_index":2,"mss_status_class":"mittel","mss_valid":true,"pet14h":33.71,"t2m04h":18.13,"canopy_pct":27.2,"veg_pct":44.2}},{"type":"Feature","geometry":{"type":"Polygon","coordinates":[[[13.34529624,52.48583682],[13.34537956,52.49316215],[13.34615597,52.49421195],[13.33745722,52.49418908],[13.33708725,52.49100962],[13.3375332,52.49071621],[13.33697061,52.4903813],[13.33690378,52.48987173],[13.33721042,52.48806213],[13.33705315,52.4859214],[13.34350951,52.48564338],[13.34529624,52.48583682]]]},"properties":{"plr_id":"07200307","plr_name":"Bayerischer Platz","bzr_name":"Schöneberg Südwest","pgr_name":"Schöneberg Süd","bez_id":"07","bez_name":"Tempelhof-Schöneberg","ew":10549,"mss_status_index":2,"mss_status_class":"mittel","mss_valid":true,"pet14h":35.68,"t2m04h":18.73,"canopy_pct":20.8,"veg_pct":33.8}},{"type":"Feature","geometry":{"type":"Polygon","coordinates":[[[13.33712281,52.48591672],[13.33706666,52.47839733],[13.34290937,52.47859897],[13.34343976,52.47855606],[13.34377825,52.47813635],[13.34627759,52.47815119],[13.3519503,52.47954645],[13.35271433,52.48007206],[13.34688426,52.48278533],[13.34570528,52.48418273],[13.34531417,52.48494431],[13.34529624,52.48583682],[13.34350951,52.48564338],[13.33712281,52.48591672]]]},"properties":{"plr_id":"07200308","plr_name":"Volkspark (Rudolph-Wilde-Park)","bzr_name":"Schöneberg Südwest","pgr_name":"Schöneberg Süd","bez_id":"07","bez_name":"Tempelhof-Schöneberg","ew":10698,"mss_status_index":2,"mss_status_class":"mittel","mss_valid":true,"pet14h":35.26,"t2m04h":18.63,"canopy_pct":20.9,"veg_pct":32.8}},{"type":"Feature","geometry":{"type":"Polygon","coordinates":[[[13.3452883,52.48926698],[13.34531417,52.48494431],[13.34688426,52.48278533],[13.3482281,52.48202625],[13.35053096,52.48359141],[13.35627983,52.48632546],[13.36025971,52.49081479],[13.3452883,52.48926698]]]},"properties":{"plr_id":"07200409","plr_name":"Belziger Straße","bzr_name":"Schöneberg Südost","pgr_name":"Schöneberg Süd","bez_id":"07","bez_name":"Tempelhof-Schöneberg","ew":9300,"mss_status_index":2,"mss_status_class":"mittel","mss_valid":true,"pet14h":35.32,"t2m04h":18.47,"canopy_pct":19.5,"veg_pct":31.4}},{"type":"Feature","geometry":{"type":"Polygon","coordinates":[[[13.34826753,52.48205357],[13.35265873,52.48009668],[13.36029596,52.48619358],[13.35820599,52.48637751],[13.35674171,52.48690188],[13.35618124,52.48625655],[13.35053096,52.48359141],[13.34826753,52.48205357]]]},"properties":{"plr_id":"07200410","plr_name":"Feurigstraße","bzr_name":"Schöneberg Südost","pgr_name":"Schöneberg Süd","bez_id":"07","bez_name":"Tempelhof-Schöneberg","ew":5538,"mss_status_index":2,"mss_status_class":"mittel","mss_valid":true,"pet14h":37.43,"t2m04h":18.76,"canopy_pct":12.8,"veg_pct":21.4}},{"type":"Feature","geometry":{"type":"Polygon","coordinates":[[[13.36416493,52.4881933],[13.36055734,52.49013373],[13.36084486,52.49031814],[13.36065773,52.4904306],[13.36084637,52.49064077],[13.36025971,52.49081479],[13.35674171,52.48690188],[13.35820599,52.48637751],[13.35982713,52.4863488],[13.36098142,52.48596264],[13.3616321,52.48613487],[13.36416493,52.4881933]]]},"properties":{"plr_id":"07200411","plr_name":"Julius-Leber-Brücke","bzr_name":"Schöneberg Südost","pgr_name":"Schöneberg Süd","bez_id":"07","bez_name":"Tempelhof-Schöneberg","ew":2741,"mss_status_index":2,"mss_status_class":"mittel","mss_valid":true,"pet14h":36.35,"t2m04h":18.89,"canopy_pct":18.1,"veg_pct":25.6}},{"type":"Feature","geometry":{"type":"Polygon","coordinates":[[[13.36534024,52.47349433],[13.36568871,52.47434552],[13.36417757,52.47677045],[13.36328711,52.47763872],[13.36194244,52.47835907],[13.36018236,52.47905589],[13.35756063,52.47957944],[13.35535217,52.47959644],[13.35390855,52.47929839],[13.35766592,52.47663252],[13.36026763,52.4753704],[13.36313671,52.4744868],[13.36534024,52.47349433]]]},"properties":{"plr_id":"07200412","plr_name":"Schöneberger Linse","bzr_name":"Schöneberg Südost","pgr_name":"Schöneberg Süd","bez_id":"07","bez_name":"Tempelhof-Schöneberg","ew":2611,"mss_status_index":2,"mss_status_class":"mittel","mss_valid":true,"pet14h":39.61,"t2m04h":18.98,"canopy_pct":5.3,"veg_pct":13.0}},{"type":"Feature","geometry":{"type":"Polygon","coordinates":[[[13.3715694,52.48495058],[13.36363621,52.48498086],[13.3603083,52.48619918],[13.35265873,52.48009668],[13.35390855,52.47929839],[13.35535217,52.47959644],[13.35756063,52.47957944],[13.36018236,52.47905589],[13.36194244,52.47835907],[13.36328711,52.47763872],[13.36417757,52.47677045],[13.36568871,52.47434552],[13.36558271,52.47371692],[13.36591241,52.47382176],[13.36685548,52.47284077],[13.36928408,52.47139554],[13.3709969,52.47115522],[13.3710836,52.47203405],[13.36970918,52.47224885],[13.3680434,52.47298823],[13.36674362,52.47424145],[13.3664922,52.47517141],[13.36671713,52.47676375],[13.3715694,52.48495058]]]},"properties":{"plr_id":"07200413","plr_name":"Cheruskerstraße","bzr_name":"Schöneberg Südost","pgr_name":"Schöneberg Süd","bez_id":"07","bez_name":"Tempelhof-Schöneberg","ew":7708,"mss_status_index":2,"mss_status_class":"mittel","mss_valid":true,"pet14h":36.71,"t2m04h":18.31,"canopy_pct":16.1,"veg_pct":33.3}},{"type":"Feature","geometry":{"type":"Polygon","coordinates":[[[13.37416364,52.48771108],[13.3684508,52.48818546],[13.36416493,52.4881933],[13.3616321,52.48613487],[13.36098142,52.48596264],[13.36363621,52.48498086],[13.3715694,52.48495058],[13.37164298,52.48518359],[13.37402098,52.48516972],[13.37416364,52.48771108]]]},"properties":{"plr_id":"07200414","plr_name":"Hohenfriedbergstraße","bzr_name":"Schöneberg Südost","pgr_name":"Schöneberg Süd","bez_id":"07","bez_name":"Tempelhof-Schöneberg","ew":3778,"mss_status_index":2,"mss_status_class":"mittel","mss_valid":true,"pet14h":36.71,"t2m04h":18.29,"canopy_pct":14.0,"veg_pct":31.8}},{"type":"Feature","geometry":{"type":"Polygon","coordinates":[[[13.32811343,52.47743393],[13.3204284,52.47747106],[13.32017057,52.47139758],[13.32355455,52.47145044],[13.32410335,52.47120495],[13.32466376,52.47143836],[13.32765637,52.47141893],[13.32812484,52.47108338],[13.32877151,52.471118],[13.32811676,52.47357688],[13.32811343,52.47743393]]]},"properties":{"plr_id":"07300515","plr_name":"Taunusstraße","bzr_name":"Friedenau West","pgr_name":"Friedenau","bez_id":"07","bez_name":"Tempelhof-Schöneberg","ew":6961,"mss_status_index":1,"mss_status_class":"hoch","mss_valid":true,"pet14h":34.82,"t2m04h":18.75,"canopy_pct":25.9,"veg_pct":39.2}},{"type":"Feature","geometry":{"type":"Polygon","coordinates":[[[13.32877151,52.471118],[13.32812484,52.47108338],[13.32765637,52.47141893],[13.32466376,52.47143836],[13.32410335,52.47120495],[13.32355455,52.47145044],[13.32025456,52.47146673],[13.32014288,52.47074498],[13.32052122,52.47013048],[13.32009604,52.46962943],[13.31998293,52.4669805],[13.32099276,52.46696316],[13.32816422,52.46433312],[13.33269461,52.46877752],[13.32877151,52.471118]]]},"properties":{"plr_id":"07300516","plr_name":"Odenwaldstraße","bzr_name":"Friedenau West","pgr_name":"Friedenau","bez_id":"07","bez_name":"Tempelhof-Schöneberg","ew":8896,"mss_status_index":1,"mss_status_class":"hoch","mss_valid":true,"pet14h":35.67,"t2m04h":18.84,"canopy_pct":22.6,"veg_pct":32.4}},{"type":"Feature","geometry":{"type":"Polygon","coordinates":[[[13.32811343,52.47743393],[13.32811676,52.47357688],[13.32877151,52.471118],[13.33269461,52.46877752],[13.33620774,52.47210968],[13.34382192,52.47811119],[13.34320773,52.47858226],[13.33894848,52.47853354],[13.33706666,52.47839733],[13.33706772,52.47813247],[13.33298611,52.47784723],[13.33286815,52.47741486],[13.32811343,52.47743393]]]},"properties":{"plr_id":"07300517","plr_name":"Perelsplatz","bzr_name":"Friedenau West","pgr_name":"Friedenau","bez_id":"07","bez_name":"Tempelhof-Schöneberg","ew":10082,"mss_status_index":2,"mss_status_class":"mittel","mss_valid":true,"pet14h":36.18,"t2m04h":18.57,"canopy_pct":19.7,"veg_pct":31.3}},{"type":"Feature","geometry":{"type":"Polygon","coordinates":[[[13.34351354,52.47787717],[13.33620774,52.47210968],[13.32936502,52.46557297],[13.33062941,52.46515188],[13.33141131,52.46585738],[13.33483179,52.46620135],[13.33627429,52.46741658],[13.33729532,52.46699204],[13.3433643,52.47169921],[13.34357609,52.47190089],[13.34345768,52.47245461],[13.34758907,52.47582105],[13.34469834,52.47801425],[13.34351354,52.47787717]]]},"properties":{"plr_id":"07300618","plr_name":"Ceciliengärten","bzr_name":"Friedenau Ost","pgr_name":"Friedenau","bez_id":"07","bez_name":"Tempelhof-Schöneberg","ew":9243,"mss_status_index":2,"mss_status_class":"mittel","mss_valid":true,"pet14h":35.23,"t2m04h":18.33,"canopy_pct":23.3,"veg_pct":39.6}},{"type":"Feature","geometry":{"type":"Polygon","coordinates":[[[13.35597649,52.45562163],[13.35570268,52.45717345],[13.35598557,52.45728347],[13.35579317,52.4581196],[13.35598789,52.46067345],[13.35844406,52.46421118],[13.3637428,52.47345499],[13.36350595,52.47353119],[13.36392278,52.47416834],[13.36115347,52.47497309],[13.35766592,52.47663252],[13.35271433,52.48007206],[13.3519503,52.47954645],[13.34627759,52.47815119],[13.34377825,52.47813635],[13.34351354,52.47787717],[13.34496159,52.47786139],[13.34758907,52.47582105],[13.34345768,52.47245461],[13.34357609,52.47190089],[13.3433643,52.47169921],[13.33729532,52.46699204],[13.33848174,52.46638169],[13.33877262,52.46656941],[13.33890559,52.46556412],[13.34495596,52.46171868],[13.34782102,52.45924632],[13.347559,52.45898967],[13.34904365,52.4587649],[13.34907839,52.45677481],[13.35089321,52.45661945],[13.35294724,52.45712361],[13.35368306,52.45670078],[13.35420037,52.45564182],[13.35597649,52.45562163]]]},"properties":{"plr_id":"07300619","plr_name":"Grazer Platz","bzr_name":"Friedenau Ost","pgr_name":"Friedenau","bez_id":"07","bez_name":"Tempelhof-Schöneberg","ew":12219,"mss_status_index":2,"mss_status_class":"mittel","mss_valid":true,"pet14h":35.72,"t2m04h":17.07,"canopy_pct":19.7,"veg_pct":57.5}},{"type":"Feature","geometry":{"type":"Polygon","coordinates":[[[13.3715694,52.48495058],[13.36671713,52.47676375],[13.36649134,52.47477111],[13.36738784,52.47347855],[13.36926767,52.47240418],[13.3710836,52.47203405],[13.3709969,52.47115522],[13.37753753,52.47019248],[13.38525997,52.47011666],[13.38534646,52.47043616],[13.38590703,52.47032311],[13.38594935,52.47148649],[13.38236635,52.47155099],[13.37808768,52.47200219],[13.37803104,52.4742825],[13.37579603,52.47453265],[13.37414419,52.47535438],[13.37500586,52.47598913],[13.37437333,52.47709638],[13.37428118,52.47900854],[13.3748978,52.48030994],[13.37595728,52.4810331],[13.37827719,52.48144095],[13.37986876,52.48120584],[13.38225834,52.48046135],[13.38615892,52.48027069],[13.38626852,52.48486364],[13.3715694,52.48495058]]]},"properties":{"plr_id":"07400720","plr_name":"Gontermannstraße","bzr_name":"Tempelhof Nord","pgr_name":"Tempelhof","bez_id":"07","bez_name":"Tempelhof-Schöneberg","ew":11668,"mss_status_index":2,"mss_status_class":"mittel","mss_valid":true,"pet14h":36.77,"t2m04h":17.8,"canopy_pct":17.7,"veg_pct":44.1}},{"type":"Feature","geometry":{"type":"Polygon","coordinates":[[[13.41687962,52.46539646],[13.41348821,52.47870853],[13.41088482,52.47772373],[13.40662293,52.4782336],[13.40680216,52.47886227],[13.40606327,52.48098596],[13.40639525,52.4827705],[13.40022885,52.48390536],[13.39424001,52.48410476],[13.39425346,52.48577153],[13.38629095,52.48582651],[13.38615892,52.48027069],[13.38225834,52.48046135],[13.37986876,52.48120584],[13.3777198,52.48146351],[13.37525215,52.48066072],[13.37473202,52.48007283],[13.37428118,52.47900854],[13.37437333,52.47709638],[13.37500586,52.47598913],[13.37414419,52.47535438],[13.37579603,52.47453265],[13.37803104,52.4742825],[13.37808768,52.47200219],[13.38236635,52.47155099],[13.38594935,52.47148649],[13.38597543,52.47009142],[13.38779691,52.46986991],[13.39105365,52.46902577],[13.39694605,52.46660738],[13.40150286,52.46522645],[13.40639083,52.46461918],[13.41334889,52.46513632],[13.41239939,52.46443984],[13.41421824,52.46511444],[13.41687962,52.46539646]]]},"properties":{"plr_id":"07400721","plr_name":"Paradestraße","bzr_name":"Tempelhof Nord","pgr_name":"Tempelhof","bez_id":"07","bez_name":"Tempelhof-Schöneberg","ew":7639,"mss_status_index":2,"mss_status_class":"mittel","mss_valid":true,"pet14h":39.37,"t2m04h":16.45,"canopy_pct":7.0,"veg_pct":66.3}},{"type":"Feature","geometry":{"type":"Polygon","coordinates":[[[13.36392278,52.47416834],[13.36350595,52.47353119],[13.3637428,52.47345499],[13.35819476,52.46378872],[13.35636605,52.46097244],[13.35613561,52.46097927],[13.35583574,52.45969114],[13.35581168,52.45746412],[13.3590866,52.45680358],[13.35968086,52.45640626],[13.36144185,52.4559942],[13.37016881,52.45561355],[13.3696014,52.45652761],[13.36974821,52.45839724],[13.37060886,52.45870065],[13.37094946,52.45939887],[13.3707582,52.46011399],[13.36991559,52.46052823],[13.37074299,52.47026937],[13.3709969,52.47115522],[13.3691195,52.47147571],[13.36685548,52.47284077],[13.36591241,52.47382176],[13.36537631,52.47372691],[13.36534024,52.47349433],[13.36392278,52.47416834]]]},"properties":{"plr_id":"07400822","plr_name":"Lindenhofsiedlung","bzr_name":"Tempelhof Südwest","pgr_name":"Tempelhof","bez_id":"07","bez_name":"Tempelhof-Schöneberg","ew":3291,"mss_status_index":2,"mss_status_class":"mittel","mss_valid":true,"pet14h":34.25,"t2m04h":17.98,"canopy_pct":26.7,"veg_pct":47.0}},{"type":"Feature","geometry":{"type":"Polygon","coordinates":[[[13.37093891,52.45931852],[13.37058073,52.45867884],[13.36974821,52.45839724],[13.3696014,52.45652761],[13.37016881,52.45561355],[13.37478479,52.45536097],[13.37525725,52.45513381],[13.3759974,52.4555121],[13.37579972,52.45629506],[13.37799396,52.46581229],[13.37848674,52.46698733],[13.37809598,52.46854524],[13.37809022,52.47019482],[13.3709969,52.47115522],[13.37074299,52.47026937],[13.36991559,52.46052823],[13.3707582,52.46011399],[13.37093891,52.45931852]]]},"properties":{"plr_id":"07400823","plr_name":"Wittekindstraße","bzr_name":"Tempelhof Südwest","pgr_name":"Tempelhof","bez_id":"07","bez_name":"Tempelhof-Schöneberg","ew":9690,"mss_status_index":2,"mss_status_class":"mittel","mss_valid":true,"pet14h":36.61,"t2m04h":18.09,"canopy_pct":19.8,"veg_pct":41.4}},{"type":"Feature","geometry":{"type":"Polygon","coordinates":[[[13.37668495,52.45995502],[13.38467248,52.45923518],[13.38577729,52.46404034],[13.3859792,52.4702611],[13.38534646,52.47043616],[13.38525997,52.47011666],[13.37809022,52.47019482],[13.37809598,52.46854524],[13.37848674,52.46698733],[13.37799396,52.46581229],[13.37668495,52.45995502]]]},"properties":{"plr_id":"07400824","plr_name":"Bosepark","bzr_name":"Tempelhof Südwest","pgr_name":"Tempelhof","bez_id":"07","bez_name":"Tempelhof-Schöneberg","ew":7387,"mss_status_index":2,"mss_status_class":"mittel","mss_valid":true,"pet14h":35.2,"t2m04h":18.3,"canopy_pct":24.1,"veg_pct":40.2}},{"type":"Feature","geometry":{"type":"Polygon","coordinates":[[[13.38480084,52.45283561],[13.38413436,52.45692855],[13.38467248,52.45923518],[13.37668495,52.45995502],[13.3757748,52.45582787],[13.37590806,52.45533784],[13.37743331,52.45359906],[13.37830034,52.45208791],[13.38252095,52.45311176],[13.38285578,52.45256939],[13.38480084,52.45283561]]]},"properties":{"plr_id":"07400825","plr_name":"Friedrich-Karl-Straße","bzr_name":"Tempelhof Südwest","pgr_name":"Tempelhof","bez_id":"07","bez_name":"Tempelhof-Schöneberg","ew":7213,"mss_status_index":2,"mss_status_class":"mittel","mss_valid":true,"pet14h":35.71,"t2m04h":18.62,"canopy_pct":19.7,"veg_pct":30.9}},{"type":"Feature","geometry":{"type":"Polygon","coordinates":[[[13.35597649,52.45562163],[13.36264456,52.44414863],[13.3656272,52.44547099],[13.36637667,52.44611887],[13.37470376,52.450702],[13.37830034,52.45208791],[13.37743331,52.45359906],[13.37587881,52.45538495],[13.37525725,52.45513381],[13.37478479,52.45536097],[13.36179976,52.45595273],[13.35995764,52.45631763],[13.3590866,52.45680358],[13.35580372,52.45728557],[13.35597649,52.45562163]]]},"properties":{"plr_id":"07400826","plr_name":"Marienhöhe","bzr_name":"Tempelhof Südwest","pgr_name":"Tempelhof","bez_id":"07","bez_name":"Tempelhof-Schöneberg","ew":5110,"mss_status_index":2,"mss_status_class":"mittel","mss_valid":true,"pet14h":34.46,"t2m04h":17.24,"canopy_pct":26.6,"veg_pct":57.2}},{"type":"Feature","geometry":{"type":"Polygon","coordinates":[[[13.39776723,52.46632401],[13.38937767,52.46950446],[13.38597543,52.47009142],[13.38576074,52.46391217],[13.38413436,52.45692855],[13.38480084,52.45283561],[13.39165157,52.45339412],[13.39201355,52.45313587],[13.40498414,52.45285966],[13.4082701,52.45260102],[13.40877449,52.45331313],[13.41613638,52.4523329],[13.41654508,52.45169881],[13.41683685,52.45223951],[13.41768267,52.45220174],[13.42088139,52.45641804],[13.41860365,52.45673654],[13.41320881,52.45798784],[13.41356932,52.45819421],[13.41179468,52.45842136],[13.41129235,52.45985506],[13.41215239,52.46421558],[13.41334889,52.46513632],[13.40639083,52.46461918],[13.40310607,52.4649617],[13.39776723,52.46632401]]]},"properties":{"plr_id":"07400927","plr_name":"Rathaus Tempelhof","bzr_name":"Tempelhof Südost","pgr_name":"Tempelhof","bez_id":"07","bez_name":"Tempelhof-Schöneberg","ew":11415,"mss_status_index":2,"mss_status_class":"mittel","mss_valid":true,"pet14h":36.11,"t2m04h":18.08,"canopy_pct":17.5,"veg_pct":36.3}},{"type":"Feature","geometry":{"type":"Polygon","coordinates":[[[13.42300921,52.46131853],[13.42197195,52.46151624],[13.42214036,52.46251162],[13.42170956,52.46349675],[13.42154212,52.4658386],[13.41441804,52.46515488],[13.41215239,52.46421558],[13.41131505,52.45936569],[13.41179468,52.45842136],[13.41356932,52.45819421],[13.41320881,52.45798784],[13.41887198,52.45668461],[13.42088139,52.45641804],[13.42119658,52.45675226],[13.42656967,52.45669991],[13.42461558,52.45789801],[13.42060784,52.45936814],[13.42142513,52.46065545],[13.42323264,52.46040407],[13.42300921,52.46131853]]]},"properties":{"plr_id":"07400928","plr_name":"Germaniagarten","bzr_name":"Tempelhof Südost","pgr_name":"Tempelhof","bez_id":"07","bez_name":"Tempelhof-Schöneberg","ew":3965,"mss_status_index":4,"mss_status_class":"sehr niedrig","mss_valid":true,"pet14h":35.44,"t2m04h":18.0,"canopy_pct":21.0,"veg_pct":40.8}},{"type":"Feature","geometry":{"type":"Polygon","coordinates":[[[13.36264456,52.44414863],[13.36766836,52.4356013],[13.37041363,52.4363535],[13.38055902,52.43775967],[13.38199498,52.43939938],[13.38147479,52.44103953],[13.3796611,52.44495808],[13.378686,52.45134226],[13.37830372,52.45202027],[13.37470376,52.450702],[13.36637667,52.44611887],[13.3656272,52.44547099],[13.36264456,52.44414863]]]},"properties":{"plr_id":"07501029","plr_name":"Ringstraße","bzr_name":"Mariendorf Nord","pgr_name":"Mariendorf","bez_id":"07","bez_name":"Tempelhof-Schöneberg","ew":8544,"mss_status_index":2,"mss_status_class":"mittel","mss_valid":true,"pet14h":36.23,"t2m04h":17.57,"canopy_pct":16.5,"veg_pct":40.8}},{"type":"Feature","geometry":{"type":"Polygon","coordinates":[[[13.38480084,52.45283561],[13.38285578,52.45256939],[13.38252095,52.45311176],[13.3782668,52.45207976],[13.378686,52.45134226],[13.3796611,52.44495808],[13.38147479,52.44103953],[13.38199498,52.43939938],[13.38740376,52.4404169],[13.38639978,52.44329415],[13.38480084,52.45283561]]]},"properties":{"plr_id":"07501030","plr_name":"Machonstraße","bzr_name":"Mariendorf Nord","pgr_name":"Mariendorf","bez_id":"07","bez_name":"Tempelhof-Schöneberg","ew":8753,"mss_status_index":2,"mss_status_class":"mittel","mss_valid":true,"pet14h":35.87,"t2m04h":18.05,"canopy_pct":22.6,"veg_pct":40.5}},{"type":"Feature","geometry":{"type":"Polygon","coordinates":[[[13.38480084,52.45283561],[13.38639978,52.44329415],[13.38740376,52.4404169],[13.3903166,52.44086577],[13.39247117,52.44090897],[13.39351697,52.4408475],[13.39477119,52.4403371],[13.39582512,52.44036553],[13.4082701,52.45260102],[13.40498414,52.45285966],[13.39201355,52.45313587],[13.39165157,52.45339412],[13.38480084,52.45283561]]]},"properties":{"plr_id":"07501031","plr_name":"Eisenacher Straße","bzr_name":"Mariendorf Nord","pgr_name":"Mariendorf","bez_id":"07","bez_name":"Tempelhof-Schöneberg","ew":9124,"mss_status_index":2,"mss_status_class":"mittel","mss_valid":true,"pet14h":34.46,"t2m04h":17.06,"canopy_pct":28.0,"veg_pct":62.2}},{"type":"Feature","geometry":{"type":"Polygon","coordinates":[[[13.41573167,52.44926675],[13.41654508,52.45169881],[13.41613638,52.4523329],[13.40877449,52.45331313],[13.40832265,52.45264979],[13.39581612,52.44037933],[13.41125775,52.43912273],[13.41398517,52.44594548],[13.41476748,52.44701126],[13.41510477,52.44847508],[13.41573167,52.44926675]]]},"properties":{"plr_id":"07501032","plr_name":"Imbrosweg","bzr_name":"Mariendorf Nord","pgr_name":"Mariendorf","bez_id":"07","bez_name":"Tempelhof-Schöneberg","ew":6284,"mss_status_index":2,"mss_status_class":"mittel","mss_valid":true,"pet14h":36.06,"t2m04h":16.62,"canopy_pct":25.0,"veg_pct":66.6}},{"type":"Feature","geometry":{"type":"Polygon","coordinates":[[[13.36766836,52.4356013],[13.37155028,52.42919317],[13.37520778,52.42871574],[13.37501801,52.42834398],[13.37823887,52.42781354],[13.37837,52.4279498],[13.38349711,52.4269484],[13.38765816,52.42743561],[13.38835349,52.42490825],[13.39483789,52.42624897],[13.38825793,52.43766908],[13.3879614,52.43863639],[13.38826708,52.43866803],[13.38826647,52.43918723],[13.38795371,52.43935919],[13.38740376,52.4404169],[13.38199498,52.43939938],[13.38055902,52.43775967],[13.37041363,52.4363535],[13.36766836,52.4356013]]]},"properties":{"plr_id":"07501133","plr_name":"Fritz-Werner-Straße","bzr_name":"Mariendorf Süd","pgr_name":"Mariendorf","bez_id":"07","bez_name":"Tempelhof-Schöneberg","ew":8254,"mss_status_index":2,"mss_status_class":"mittel","mss_valid":true,"pet14h":37.83,"t2m04h":17.86,"canopy_pct":14.8,"veg_pct":36.7}},{"type":"Feature","geometry":{"type":"Polygon","coordinates":[[[13.4062058,52.42743352],[13.40686685,52.43013932],[13.40860567,52.43272971],[13.40915752,52.43421065],[13.4103796,52.43614448],[13.41056818,52.43745301],[13.41125775,52.43912273],[13.39477119,52.4403371],[13.39303677,52.44089138],[13.3903166,52.44086577],[13.38740376,52.4404169],[13.38795371,52.43935919],[13.38826647,52.43918723],[13.38826708,52.43866803],[13.3879614,52.43863639],[13.38835383,52.43748716],[13.39949717,52.41801934],[13.40012149,52.41877353],[13.40481522,52.4200031],[13.40546815,52.42176382],[13.40260125,52.42216094],[13.40537309,52.42583389],[13.4062058,52.42743352]]]},"properties":{"plr_id":"07501134","plr_name":"Hundsteinweg","bzr_name":"Mariendorf Süd","pgr_name":"Mariendorf","bez_id":"07","bez_name":"Tempelhof-Schöneberg","ew":10548,"mss_status_index":2,"mss_status_class":"mittel","mss_valid":true,"pet14h":35.63,"t2m04h":16.94,"canopy_pct":26.6,"veg_pct":66.3}},{"type":"Feature","geometry":{"type":"Polygon","coordinates":[[[13.39483789,52.42624897],[13.38705085,52.42463505],[13.38253599,52.42323304],[13.38547299,52.42175885],[13.39031676,52.42023797],[13.39835099,52.41673713],[13.39871415,52.41720364],[13.39844327,52.41731887],[13.39918155,52.41747419],[13.3990654,52.41767982],[13.39943324,52.41813272],[13.39483789,52.42624897]]]},"properties":{"plr_id":"07501135","plr_name":"Birnhornweg","bzr_name":"Mariendorf Süd","pgr_name":"Mariendorf","bez_id":"07","bez_name":"Tempelhof-Schöneberg","ew":2257,"mss_status_index":1,"mss_status_class":"hoch","mss_valid":true,"pet14h":38.37,"t2m04h":17.46,"canopy_pct":21.3,"veg_pct":59.9}},{"type":"Feature","geometry":{"type":"Polygon","coordinates":[[[13.35911948,52.41990446],[13.34597401,52.41544229],[13.34583332,52.41519499],[13.35463638,52.41349674],[13.35916307,52.41306843],[13.36256234,52.41235367],[13.37235646,52.42414887],[13.37402526,52.42516739],[13.37367459,52.42576636],[13.37320743,52.42576568],[13.37132269,52.42899111],[13.36854469,52.42760792],[13.36791836,52.42761135],[13.36350627,52.42155389],[13.36029147,52.42057473],[13.35911948,52.41990446]]]},"properties":{"plr_id":"07601236","plr_name":"Marienfelder Allee Nordwest","bzr_name":"Marienfelde Nord","pgr_name":"Marienfelde / Lichtenrade","bez_id":"07","bez_name":"Tempelhof-Schöneberg","ew":10335,"mss_status_index":3,"mss_status_class":"niedrig","mss_valid":true,"pet14h":37.26,"t2m04h":17.65,"canopy_pct":22.9,"veg_pct":51.9}},{"type":"Feature","geometry":{"type":"Polygon","coordinates":[[[13.38172426,52.41108944],[13.38007552,52.41392111],[13.38045408,52.41409447],[13.37808571,52.41807457],[13.37789217,52.41780816],[13.37613708,52.42014324],[13.37643969,52.42035821],[13.37478167,52.42302884],[13.37436181,52.42448282],[13.37352147,52.42484655],[13.37235646,52.42414887],[13.36256234,52.41235367],[13.36887308,52.40993935],[13.37279522,52.40923272],[13.37699737,52.40946924],[13.38172426,52.41108944]]]},"properties":{"plr_id":"07601237","plr_name":"Kirchstraße","bzr_name":"Marienfelde Nord","pgr_name":"Marienfelde / Lichtenrade","bez_id":"07","bez_name":"Tempelhof-Schöneberg","ew":4785,"mss_status_index":1,"mss_status_class":"hoch","mss_valid":true,"pet14h":37.16,"t2m04h":17.47,"canopy_pct":23.4,"veg_pct":57.5}},{"type":"Feature","geometry":{"type":"Polygon","coordinates":[[[13.38835349,52.42490825],[13.38765816,52.42743561],[13.38349711,52.4269484],[13.37837,52.4279498],[13.37823887,52.42781354],[13.37501801,52.42834398],[13.37520778,52.42871574],[13.37155028,52.42919317],[13.37132269,52.42899111],[13.37320743,52.42576568],[13.37367459,52.42576636],[13.37402526,52.42516739],[13.37352097,52.4248213],[13.37436181,52.42448282],[13.37478167,52.42302884],[13.37643969,52.42035821],[13.37613708,52.42014324],[13.37789217,52.41780816],[13.37808571,52.41807457],[13.38045408,52.41409447],[13.38007552,52.41392111],[13.38066975,52.41282325],[13.38947519,52.39813302],[13.38983223,52.39822903],[13.38952499,52.39869692],[13.38976068,52.39881497],[13.38605516,52.40510879],[13.38678989,52.40526324],[13.38665533,52.40614833],[13.38731322,52.40589966],[13.39269624,52.41294531],[13.39255358,52.41324132],[13.3930436,52.41340064],[13.396317,52.41757822],[13.39378509,52.41864473],[13.3938185,52.41886645],[13.39249156,52.41921149],[13.39031676,52.42023797],[13.38547299,52.42175885],[13.38253599,52.42323304],[13.38835349,52.42490825]]]},"properties":{"plr_id":"07601238","plr_name":"Marienfelde Nordost","bzr_name":"Marienfelde Nord","pgr_name":"Marienfelde / Lichtenrade","bez_id":"07","bez_name":"Tempelhof-Schöneberg","ew":2877,"mss_status_index":2,"mss_status_class":"mittel","mss_valid":true,"pet14h":38.55,"t2m04h":17.69,"canopy_pct":11.8,"veg_pct":33.6}},{"type":"Feature","geometry":{"type":"Polygon","coordinates":[[[13.34334723,52.41172172],[13.34305774,52.40768645],[13.34616399,52.40577079],[13.35051472,52.4069978],[13.35078126,52.40877006],[13.34989516,52.41237637],[13.35045925,52.41443861],[13.34537502,52.41522103],[13.34274207,52.41416664],[13.34309756,52.41330045],[13.34293614,52.41172721],[13.34334723,52.41172172]]]},"properties":{"plr_id":"07601339","plr_name":"Tirschenreuther Ring West","bzr_name":"Marienfelde Süd","pgr_name":"Marienfelde / Lichtenrade","bez_id":"07","bez_name":"Tempelhof-Schöneberg","ew":5721,"mss_status_index":3,"mss_status_class":"niedrig","mss_valid":true,"pet14h":33.9,"t2m04h":17.35,"canopy_pct":35.2,"veg_pct":60.9}},{"type":"Feature","geometry":{"type":"Polygon","coordinates":[[[13.3592395,52.40896169],[13.36256234,52.41235367],[13.35916307,52.41306843],[13.35452902,52.41351515],[13.35045925,52.41443861],[13.34989516,52.41237637],[13.35078126,52.40877006],[13.35051472,52.4069978],[13.35327923,52.40769768],[13.35307224,52.40821124],[13.35461514,52.40879157],[13.35627777,52.40851594],[13.3592395,52.40896169]]]},"properties":{"plr_id":"07601340","plr_name":"Tirschenreuther Ring Ost","bzr_name":"Marienfelde Süd","pgr_name":"Marienfelde / Lichtenrade","bez_id":"07","bez_name":"Tempelhof-Schöneberg","ew":6416,"mss_status_index":3,"mss_status_class":"niedrig","mss_valid":true,"pet14h":35.04,"t2m04h":17.4,"canopy_pct":26.5,"veg_pct":54.5}},{"type":"Feature","geometry":{"type":"Polygon","coordinates":[[[13.38238881,52.38832037],[13.38219953,52.39003914],[13.37981871,52.39147359],[13.38093968,52.39416458],[13.38161373,52.39381003],[13.38219976,52.39807687],[13.38804167,52.39920785],[13.3884184,52.39852659],[13.38908967,52.39860684],[13.3851901,52.40554567],[13.38172426,52.41108944],[13.37699737,52.40946924],[13.37279522,52.40923272],[13.36887308,52.40993935],[13.36256234,52.41235367],[13.36070598,52.4106087],[13.35939785,52.40892137],[13.35869113,52.40902668],[13.35622505,52.40851416],[13.35461514,52.40879157],[13.35307224,52.40821124],[13.35327923,52.40769768],[13.34616399,52.40577079],[13.35083176,52.40290304],[13.35936611,52.39847033],[13.37195088,52.39379749],[13.37035523,52.38842725],[13.37785043,52.38814626],[13.38238881,52.38832037]]]},"properties":{"plr_id":"07601341","plr_name":"Diedersdorfer Weg","bzr_name":"Marienfelde Süd","pgr_name":"Marienfelde / Lichtenrade","bez_id":"07","bez_name":"Tempelhof-Schöneberg","ew":2225,"mss_status_index":2,"mss_status_class":"mittel","mss_valid":true,"pet14h":36.48,"t2m04h":16.69,"canopy_pct":18.4,"veg_pct":62.2}},{"type":"Feature","geometry":{"type":"Polygon","coordinates":[[[13.40703896,52.40448112],[13.39943324,52.41813272],[13.3990654,52.41767982],[13.39918155,52.41747419],[13.39844327,52.41731887],[13.39871415,52.41720364],[13.39831213,52.4167294],[13.39621582,52.41755707],[13.3930436,52.41340064],[13.39255358,52.41324132],[13.39269624,52.41294531],[13.38731322,52.40589966],[13.38665533,52.40614833],[13.38678989,52.40526324],[13.38605516,52.40510879],[13.38975137,52.39874369],[13.39191314,52.39899226],[13.39182783,52.39875964],[13.40253964,52.39425299],[13.40451276,52.39392362],[13.40712472,52.39395506],[13.40693448,52.39410316],[13.40647611,52.40431408],[13.40703896,52.40448112]]]},"properties":{"plr_id":"07601442","plr_name":"Kettinger Straße","bzr_name":"Lichtenrade Nord","pgr_name":"Marienfelde / Lichtenrade","bez_id":"07","bez_name":"Tempelhof-Schöneberg","ew":10408,"mss_status_index":2,"mss_status_class":"mittel","mss_valid":true,"pet14h":38.34,"t2m04h":17.15,"canopy_pct":21.8,"veg_pct":60.8}},{"type":"Feature","geometry":{"type":"Polygon","coordinates":[[[13.40250484,52.41271054],[13.40703896,52.40448112],[13.40647611,52.40431408],[13.40693448,52.39410316],[13.40749974,52.39397664],[13.41118691,52.39444341],[13.423777,52.39513629],[13.41841857,52.40707812],[13.41829611,52.40799401],[13.4187476,52.40997907],[13.41958354,52.41018408],[13.41967703,52.4104906],[13.41816137,52.41079833],[13.4142674,52.41231375],[13.41058391,52.41332024],[13.40756089,52.41340148],[13.40250484,52.41271054]]]},"properties":{"plr_id":"07601443","plr_name":"Töpchiner Weg","bzr_name":"Lichtenrade Nord","pgr_name":"Marienfelde / Lichtenrade","bez_id":"07","bez_name":"Tempelhof-Schöneberg","ew":10849,"mss_status_index":2,"mss_status_class":"mittel","mss_valid":true,"pet14h":39.31,"t2m04h":17.39,"canopy_pct":15.8,"veg_pct":53.7}},{"type":"Feature","geometry":{"type":"Polygon","coordinates":[[[13.39924529,52.38267349],[13.40058928,52.38329643],[13.40074409,52.38314718],[13.4101899,52.38753798],[13.40863177,52.38855961],[13.40743146,52.3901883],[13.40704991,52.39150945],[13.40712472,52.39395506],[13.40425421,52.39394342],[13.40200984,52.39441444],[13.39182783,52.39875964],[13.39191314,52.39899226],[13.38952499,52.39869692],[13.39132996,52.39557273],[13.39161607,52.39564034],[13.39626147,52.38826195],[13.39924529,52.38267349]]]},"properties":{"plr_id":"07601544","plr_name":"John-Locke-Straße","bzr_name":"Lichtenrade Süd","pgr_name":"Marienfelde / Lichtenrade","bez_id":"07","bez_name":"Tempelhof-Schöneberg","ew":9262,"mss_status_index":2,"mss_status_class":"mittel","mss_valid":true,"pet14h":37.46,"t2m04h":17.42,"canopy_pct":21.2,"veg_pct":51.2}},{"type":"Feature","geometry":{"type":"Polygon","coordinates":[[[13.42665055,52.3885688],[13.423777,52.39513629],[13.41118691,52.39444341],[13.40712472,52.39395506],[13.40696307,52.39346498],[13.40707808,52.39130865],[13.40755577,52.38994391],[13.40880384,52.3883987],[13.4101899,52.38753798],[13.4178918,52.38790914],[13.41853921,52.38775821],[13.41873978,52.38811501],[13.42665055,52.3885688]]]},"properties":{"plr_id":"07601545","plr_name":"Nahariyastraße","bzr_name":"Lichtenrade Süd","pgr_name":"Marienfelde / Lichtenrade","bez_id":"07","bez_name":"Tempelhof-Schöneberg","ew":8570,"mss_status_index":4,"mss_status_class":"sehr niedrig","mss_valid":true,"pet14h":35.71,"t2m04h":17.41,"canopy_pct":27.5,"veg_pct":59.1}},{"type":"Feature","geometry":{"type":"Polygon","coordinates":[[[13.38983223,52.39822903],[13.38947519,52.39813302],[13.3891474,52.39861879],[13.3884184,52.39852659],[13.38804167,52.39920785],[13.38219976,52.39807687],[13.38161373,52.39381003],[13.38093968,52.39416458],[13.37981871,52.39147359],[13.38219953,52.39003914],[13.38238881,52.38832037],[13.38730017,52.3885744],[13.38822501,52.38213072],[13.38809013,52.37935998],[13.38843197,52.37786211],[13.40197179,52.37721321],[13.40040649,52.38000953],[13.40016185,52.37994912],[13.40007938,52.38013158],[13.40030983,52.38018624],[13.39904597,52.38231434],[13.39940777,52.3824102],[13.39713734,52.386765],[13.39161607,52.39564034],[13.39132996,52.39557273],[13.38983223,52.39822903]]]},"properties":{"plr_id":"07601546","plr_name":"Franziusweg","bzr_name":"Lichtenrade Süd","pgr_name":"Marienfelde / Lichtenrade","bez_id":"07","bez_name":"Tempelhof-Schöneberg","ew":6977,"mss_status_index":1,"mss_status_class":"hoch","mss_valid":true,"pet14h":36.4,"t2m04h":17.24,"canopy_pct":27.8,"veg_pct":62.3}},{"type":"Feature","geometry":{"type":"Polygon","coordinates":[[[13.39924529,52.38267349],[13.39940777,52.3824102],[13.39904597,52.38231434],[13.40030983,52.38018624],[13.40007938,52.38013158],[13.40016185,52.37994912],[13.40040649,52.38000953],[13.40197179,52.37721321],[13.40988856,52.37658541],[13.41283471,52.37687788],[13.4126427,52.37641029],[13.41816142,52.37622795],[13.4180452,52.37670962],[13.41767167,52.37692104],[13.41568344,52.37953409],[13.4101899,52.38753798],[13.40074409,52.38314718],[13.40058928,52.38329643],[13.39924529,52.38267349]]]},"properties":{"plr_id":"07601547","plr_name":"Horstwalder Straße","bzr_name":"Lichtenrade Süd","pgr_name":"Marienfelde / Lichtenrade","bez_id":"07","bez_name":"Tempelhof-Schöneberg","ew":3828,"mss_status_index":2,"mss_status_class":"mittel","mss_valid":true,"pet14h":34.95,"t2m04h":16.96,"canopy_pct":31.5,"veg_pct":67.5}},{"type":"Feature","geometry":{"type":"Polygon","coordinates":[[[13.4101899,52.38753798],[13.41568344,52.37953409],[13.41767167,52.37692104],[13.4180452,52.37670962],[13.41816142,52.37622795],[13.42081296,52.37613993],[13.42745669,52.38578165],[13.42665055,52.3885688],[13.41873978,52.38811501],[13.41853921,52.38775821],[13.4178918,52.38790914],[13.4101899,52.38753798]]]},"properties":{"plr_id":"07601548","plr_name":"Wittelsbacherstraße","bzr_name":"Lichtenrade Süd","pgr_name":"Marienfelde / Lichtenrade","bez_id":"07","bez_name":"Tempelhof-Schöneberg","ew":2896,"mss_status_index":2,"mss_status_class":"mittel","mss_valid":true,"pet14h":35.41,"t2m04h":16.94,"canopy_pct":34.6,"veg_pct":68.3}},{"type":"Feature","geometry":{"type":"Polygon","coordinates":[[[13.40771988,52.48875165],[13.40852943,52.48714203],[13.40686469,52.48548038],[13.40639525,52.4827705],[13.41830961,52.48023477],[13.4248269,52.48087298],[13.42457246,52.48375573],[13.42388711,52.48560604],[13.42393775,52.48628318],[13.42084299,52.48716823],[13.40771988,52.48875165]]]},"properties":{"plr_id":"08100101","plr_name":"Hasenheide","bzr_name":"Schillerpromenade","pgr_name":"Neukölln","bez_id":"08","bez_name":"Neukölln","ew":4626,"mss_status_index":2,"mss_status_class":"mittel","mss_valid":true,"pet14h":29.39,"t2m04h":16.99,"canopy_pct":48.8,"veg_pct":76.9}},{"type":"Feature","geometry":{"type":"Polygon","coordinates":[[[13.41803462,52.4802743],[13.40639525,52.4827705],[13.40606327,52.48098596],[13.40680216,52.47886227],[13.40662293,52.4782336],[13.41088482,52.47772373],[13.41348821,52.47870853],[13.41361858,52.47905054],[13.41621756,52.47849208],[13.41641828,52.47776138],[13.41796167,52.47780401],[13.41894236,52.47511224],[13.4271035,52.4760586],[13.42553511,52.48000655],[13.42511952,52.47996772],[13.4248269,52.48087298],[13.41932325,52.48020592],[13.41803462,52.4802743]]]},"properties":{"plr_id":"08100102","plr_name":"Schillerpromenade Nord","bzr_name":"Schillerpromenade","pgr_name":"Neukölln","bez_id":"08","bez_name":"Neukölln","ew":8181,"mss_status_index":2,"mss_status_class":"mittel","mss_valid":true,"pet14h":32.91,"t2m04h":17.55,"canopy_pct":29.9,"veg_pct":54.9}},{"type":"Feature","geometry":{"type":"Polygon","coordinates":[[[13.41988664,52.47207622],[13.42852409,52.47302955],[13.4271035,52.4760586],[13.41894236,52.47511224],[13.41796167,52.47780401],[13.41641828,52.47776138],[13.41621756,52.47849208],[13.41361858,52.47905054],[13.41348821,52.47870853],[13.41603933,52.46915163],[13.41753704,52.47036101],[13.42031555,52.47087571],[13.42053264,52.47106507],[13.42030176,52.4718009],[13.41988664,52.47207622]]]},"properties":{"plr_id":"08100103","plr_name":"Schillerpromenade Süd","bzr_name":"Schillerpromenade","pgr_name":"Neukölln","bez_id":"08","bez_name":"Neukölln","ew":7205,"mss_status_index":2,"mss_status_class":"mittel","mss_valid":true,"pet14h":36.64,"t2m04h":17.17,"canopy_pct":10.8,"veg_pct":52.1}},{"type":"Feature","geometry":{"type":"Polygon","coordinates":[[[13.4212662,52.46581278],[13.42105706,52.46663538],[13.43131613,52.46778727],[13.42852409,52.47302955],[13.41988664,52.47207622],[13.42030176,52.4718009],[13.42053264,52.47106507],[13.42031555,52.47087571],[13.41753704,52.47036101],[13.41603933,52.46915163],[13.41687962,52.46539646],[13.4212662,52.46581278]]]},"properties":{"plr_id":"08100104","plr_name":"Wartheplatz","bzr_name":"Schillerpromenade","pgr_name":"Neukölln","bez_id":"08","bez_name":"Neukölln","ew":6699,"mss_status_index":4,"mss_status_class":"sehr niedrig","mss_valid":true,"pet14h":32.0,"t2m04h":17.2,"canopy_pct":37.1,"veg_pct":64.2}},{"type":"Feature","geometry":{"type":"Polygon","coordinates":[[[13.42105706,52.46663538],[13.4212662,52.46581278],[13.42154212,52.4658386],[13.42170956,52.46349675],[13.42214036,52.46251162],[13.42197195,52.46151624],[13.42300921,52.46131853],[13.4263566,52.46166933],[13.43454155,52.46285864],[13.43308359,52.46462094],[13.43137322,52.46779553],[13.42105706,52.46663538]]]},"properties":{"plr_id":"08100105","plr_name":"Silbersteinstraße","bzr_name":"Schillerpromenade","pgr_name":"Neukölln","bez_id":"08","bez_name":"Neukölln","ew":6338,"mss_status_index":3,"mss_status_class":"niedrig","mss_valid":true,"pet14h":33.24,"t2m04h":17.54,"canopy_pct":32.8,"veg_pct":53.3}},{"type":"Feature","geometry":{"type":"Polygon","coordinates":[[[13.42393775,52.48628318],[13.42388711,52.48560604],[13.42457246,52.48375573],[13.42469359,52.48128137],[13.42511952,52.47996772],[13.42553511,52.48000655],[13.42608362,52.47828133],[13.42875448,52.47861446],[13.42902057,52.47806034],[13.43729141,52.47903868],[13.43325278,52.48210457],[13.42393775,52.48628318]]]},"properties":{"plr_id":"08100206","plr_name":"Flughafenstraße","bzr_name":"Neuköllner Mitte/Zentrum","pgr_name":"Neukölln","bez_id":"08","bez_name":"Neukölln","ew":9350,"mss_status_index":2,"mss_status_class":"mittel","mss_valid":true,"pet14h":36.18,"t2m04h":18.85,"canopy_pct":14.9,"veg_pct":23.2}},{"type":"Feature","geometry":{"type":"Polygon","coordinates":[[[13.43818636,52.47895302],[13.4379612,52.47911991],[13.42902057,52.47806034],[13.42875448,52.47861446],[13.42608362,52.47828133],[13.42766307,52.47471703],[13.43128815,52.47517375],[13.43487868,52.47438801],[13.43785326,52.47448858],[13.44009477,52.47382884],[13.44071047,52.47389778],[13.43937233,52.47666622],[13.43780229,52.47883483],[13.43818636,52.47895302]]]},"properties":{"plr_id":"08100207","plr_name":"Rollberg","bzr_name":"Neuköllner Mitte/Zentrum","pgr_name":"Neukölln","bez_id":"08","bez_name":"Neukölln","ew":7442,"mss_status_index":4,"mss_status_class":"sehr niedrig","mss_valid":true,"pet14h":35.17,"t2m04h":18.09,"canopy_pct":22.0,"veg_pct":37.2}},{"type":"Feature","geometry":{"type":"Polygon","coordinates":[[[13.44191105,52.46933703],[13.44126508,52.47279723],[13.44071047,52.47389778],[13.44009477,52.47382884],[13.43785326,52.47448858],[13.43487868,52.47438801],[13.43128815,52.47517375],[13.42766307,52.47471703],[13.43131613,52.46778727],[13.44191105,52.46933703]]]},"properties":{"plr_id":"08100208","plr_name":"Körnerpark","bzr_name":"Neuköllner Mitte/Zentrum","pgr_name":"Neukölln","bez_id":"08","bez_name":"Neukölln","ew":11955,"mss_status_index":2,"mss_status_class":"mittel","mss_valid":true,"pet14h":33.41,"t2m04h":18.03,"canopy_pct":28.6,"veg_pct":46.6}},{"type":"Feature","geometry":{"type":"Polygon","coordinates":[[[13.44812053,52.46965536],[13.44198419,52.46891452],[13.44191105,52.46933703],[13.43137322,52.46779553],[13.43308359,52.46462094],[13.43454155,52.46285864],[13.4441784,52.46384876],[13.44452148,52.46367567],[13.44820248,52.46435915],[13.44463187,52.4679098],[13.44816966,52.46828146],[13.44790465,52.46926223],[13.44812053,52.46965536]]]},"properties":{"plr_id":"08100209","plr_name":"Glasower Straße","bzr_name":"Neuköllner Mitte/Zentrum","pgr_name":"Neukölln","bez_id":"08","bez_name":"Neukölln","ew":8834,"mss_status_index":3,"mss_status_class":"niedrig","mss_valid":true,"pet14h":37.88,"t2m04h":18.72,"canopy_pct":13.1,"veg_pct":21.0}},{"type":"Feature","geometry":{"type":"Polygon","coordinates":[[[13.43543465,52.4912766],[13.42248682,52.49544735],[13.42040115,52.49586386],[13.42358604,52.49101725],[13.42761427,52.49139541],[13.42926546,52.49124496],[13.43397549,52.48971783],[13.43543465,52.4912766]]]},"properties":{"plr_id":"08100310","plr_name":"Maybachufer","bzr_name":"Reuterstraße","pgr_name":"Neukölln","bez_id":"08","bez_name":"Neukölln","ew":7560,"mss_status_index":2,"mss_status_class":"mittel","mss_valid":true,"pet14h":34.75,"t2m04h":18.95,"canopy_pct":19.5,"veg_pct":25.5}},{"type":"Feature","geometry":{"type":"Polygon","coordinates":[[[13.42493835,52.4877843],[13.43023099,52.48592049],[13.43397549,52.48971783],[13.42926546,52.49124496],[13.42761427,52.49139541],[13.42358604,52.49101725],[13.42541101,52.48808526],[13.42493835,52.4877843]]]},"properties":{"plr_id":"08100311","plr_name":"Reuterplatz","bzr_name":"Reuterstraße","pgr_name":"Neukölln","bez_id":"08","bez_name":"Neukölln","ew":7076,"mss_status_index":2,"mss_status_class":"mittel","mss_valid":true,"pet14h":35.39,"t2m04h":18.93,"canopy_pct":20.3,"veg_pct":28.8}},{"type":"Feature","geometry":{"type":"Polygon","coordinates":[[[13.44010396,52.48149828],[13.44467457,52.48498628],[13.44087226,52.48702508],[13.44031358,52.4877579],[13.4396176,52.4896576],[13.43926403,52.48961049],[13.43827103,52.49037582],[13.43543465,52.4912766],[13.43023099,52.48592049],[13.43345007,52.48477929],[13.44010396,52.48149828]]]},"properties":{"plr_id":"08100312","plr_name":"Weichselplatz","bzr_name":"Reuterstraße","pgr_name":"Neukölln","bez_id":"08","bez_name":"Neukölln","ew":11499,"mss_status_index":2,"mss_status_class":"mittel","mss_valid":true,"pet14h":34.52,"t2m04h":18.52,"canopy_pct":22.6,"veg_pct":33.9}},{"type":"Feature","geometry":{"type":"Polygon","coordinates":[[[13.43965717,52.48990875],[13.44063551,52.487255],[13.44467457,52.48498628],[13.44884371,52.48795881],[13.4467635,52.48895542],[13.44444428,52.48745758],[13.43965717,52.48990875]]]},"properties":{"plr_id":"08100313","plr_name":"Bouchéstraße","bzr_name":"Reuterstraße","pgr_name":"Neukölln","bez_id":"08","bez_name":"Neukölln","ew":3740,"mss_status_index":2,"mss_status_class":"mittel","mss_valid":true,"pet14h":35.07,"t2m04h":18.37,"canopy_pct":23.0,"veg_pct":40.1}},{"type":"Feature","geometry":{"type":"Polygon","coordinates":[[[13.42368154,52.48635832],[13.43325278,52.48210457],[13.4351376,52.48075737],[13.44010396,52.48149828],[13.43345007,52.48477929],[13.4252457,52.48774864],[13.42493835,52.4877843],[13.42368154,52.48635832]]]},"properties":{"plr_id":"08100314","plr_name":"Donaustraße","bzr_name":"Reuterstraße","pgr_name":"Neukölln","bez_id":"08","bez_name":"Neukölln","ew":7930,"mss_status_index":2,"mss_status_class":"mittel","mss_valid":true,"pet14h":36.73,"t2m04h":19.25,"canopy_pct":13.0,"veg_pct":17.1}},{"type":"Feature","geometry":{"type":"Polygon","coordinates":[[[13.44876285,52.47549232],[13.45039205,52.47679776],[13.4403805,52.48175313],[13.44010396,52.48149828],[13.4351376,52.48075737],[13.43729141,52.47903868],[13.4379612,52.47911991],[13.43925701,52.47821127],[13.44166188,52.47872219],[13.44538833,52.47642809],[13.44793077,52.47595674],[13.44876285,52.47549232]]]},"properties":{"plr_id":"08100415","plr_name":"Ganghoferstraße","bzr_name":"Rixdorf","pgr_name":"Neukölln","bez_id":"08","bez_name":"Neukölln","ew":6388,"mss_status_index":2,"mss_status_class":"mittel","mss_valid":true,"pet14h":36.5,"t2m04h":18.97,"canopy_pct":15.9,"veg_pct":23.9}},{"type":"Feature","geometry":{"type":"Polygon","coordinates":[[[13.44921607,52.47503369],[13.44793077,52.47595674],[13.44538833,52.47642809],[13.44166188,52.47872219],[13.43925701,52.47821127],[13.43818636,52.47895302],[13.43780229,52.47883483],[13.43981847,52.47582604],[13.4401291,52.47482407],[13.44126508,52.47279723],[13.44147461,52.47179025],[13.44241908,52.47243107],[13.44283501,52.47226911],[13.44306623,52.47175974],[13.44582371,52.47208186],[13.44570849,52.47243503],[13.4481339,52.47285903],[13.44903456,52.47362316],[13.44933016,52.47447686],[13.44921607,52.47503369]]]},"properties":{"plr_id":"08100416","plr_name":"Alt-Rixdorf","bzr_name":"Rixdorf","pgr_name":"Neukölln","bez_id":"08","bez_name":"Neukölln","ew":6577,"mss_status_index":2,"mss_status_class":"mittel","mss_valid":true,"pet14h":36.36,"t2m04h":18.49,"canopy_pct":19.3,"veg_pct":33.7}},{"type":"Feature","geometry":{"type":"Polygon","coordinates":[[[13.44876285,52.47549232],[13.44921607,52.47503369],[13.44933016,52.47447686],[13.44903456,52.47362316],[13.4481339,52.47285903],[13.44570849,52.47243503],[13.44582371,52.47208186],[13.44306623,52.47175974],[13.44283501,52.47226911],[13.44241908,52.47243107],[13.44147461,52.47179025],[13.44198419,52.46891452],[13.44812053,52.46965536],[13.44916989,52.47005639],[13.4522965,52.47056205],[13.45327162,52.47107076],[13.45457029,52.47113639],[13.45434863,52.47145114],[13.45574603,52.47251242],[13.45633072,52.47346216],[13.45650075,52.47340108],[13.45656321,52.47371705],[13.45039205,52.47679776],[13.44876285,52.47549232]]]},"properties":{"plr_id":"08100417","plr_name":"Braunschweiger Straße","bzr_name":"Rixdorf","pgr_name":"Neukölln","bez_id":"08","bez_name":"Neukölln","ew":9569,"mss_status_index":3,"mss_status_class":"niedrig","mss_valid":true,"pet14h":35.48,"t2m04h":18.75,"canopy_pct":20.8,"veg_pct":30.7}},{"type":"Feature","geometry":{"type":"Polygon","coordinates":[[[13.4403805,52.48175313],[13.45789891,52.47307582],[13.45884589,52.47768298],[13.45759871,52.47834058],[13.45764401,52.47863559],[13.45246089,52.48125031],[13.45225855,52.48108948],[13.44467457,52.48498628],[13.4403805,52.48175313]]]},"properties":{"plr_id":"08100418","plr_name":"Hertzbergplatz","bzr_name":"Rixdorf","pgr_name":"Neukölln","bez_id":"08","bez_name":"Neukölln","ew":9193,"mss_status_index":2,"mss_status_class":"mittel","mss_valid":true,"pet14h":34.89,"t2m04h":18.31,"canopy_pct":18.4,"veg_pct":36.1}},{"type":"Feature","geometry":{"type":"Polygon","coordinates":[[[13.44884371,52.48795881],[13.44467457,52.48498628],[13.45225855,52.48108948],[13.45246089,52.48125031],[13.45714737,52.4789633],[13.45856051,52.48551797],[13.45813482,52.48581985],[13.4560669,52.48425413],[13.44884371,52.48795881]]]},"properties":{"plr_id":"08100419","plr_name":"Treptower Straße Nord","bzr_name":"Rixdorf","pgr_name":"Neukölln","bez_id":"08","bez_name":"Neukölln","ew":7192,"mss_status_index":4,"mss_status_class":"sehr niedrig","mss_valid":true,"pet14h":36.04,"t2m04h":17.91,"canopy_pct":19.6,"veg_pct":41.7}},{"type":"Feature","geometry":{"type":"Polygon","coordinates":[[[13.45856051,52.48551797],[13.45706699,52.47889462],[13.45764401,52.47863559],[13.45759871,52.47834058],[13.45884589,52.47768298],[13.45720426,52.47033822],[13.4628354,52.46914116],[13.47176179,52.47031228],[13.47241057,52.47065344],[13.46961831,52.47366971],[13.47057328,52.47690633],[13.45856051,52.48551797]]]},"properties":{"plr_id":"08100520","plr_name":"Weiße Siedlung","bzr_name":"Köllnische Heide","pgr_name":"Neukölln","bez_id":"08","bez_name":"Neukölln","ew":5737,"mss_status_index":4,"mss_status_class":"sehr niedrig","mss_valid":true,"pet14h":36.85,"t2m04h":16.9,"canopy_pct":15.3,"veg_pct":44.4}},{"type":"Feature","geometry":{"type":"Polygon","coordinates":[[[13.47496722,52.45882042],[13.47497994,52.45947276],[13.47579799,52.4609132],[13.47719744,52.46199292],[13.47854932,52.46398129],[13.47847914,52.46498671],[13.47241057,52.47065344],[13.47176179,52.47031228],[13.46565511,52.4694139],[13.4628354,52.46914116],[13.4613601,52.4693679],[13.45720426,52.47033822],[13.45789891,52.47307582],[13.45656321,52.47371705],[13.45574603,52.47251242],[13.45434863,52.47145114],[13.45457029,52.47113639],[13.45327162,52.47107076],[13.45184802,52.47044079],[13.44832747,52.46983038],[13.44790465,52.46926223],[13.44816966,52.46828146],[13.44463187,52.4679098],[13.44820248,52.46435915],[13.45275447,52.46514354],[13.45237261,52.46407285],[13.45290147,52.46282494],[13.454754,52.46089229],[13.45517959,52.46098759],[13.4554333,52.46079425],[13.45698049,52.45910816],[13.45722971,52.45925877],[13.47496722,52.45882042]]]},"properties":{"plr_id":"08100521","plr_name":"Schulenburgpark","bzr_name":"Köllnische Heide","pgr_name":"Neukölln","bez_id":"08","bez_name":"Neukölln","ew":9457,"mss_status_index":4,"mss_status_class":"sehr niedrig","mss_valid":true,"pet14h":36.91,"t2m04h":18.42,"canopy_pct":14.3,"veg_pct":31.0}},{"type":"Feature","geometry":{"type":"Polygon","coordinates":[[[13.45483024,52.46068715],[13.45250519,52.463435],[13.45246699,52.46472865],[13.45275447,52.46514354],[13.44452148,52.46367567],[13.4441784,52.46384876],[13.43418127,52.46275515],[13.4359132,52.45827346],[13.44111539,52.45867553],[13.44958636,52.45976582],[13.45497646,52.45966786],[13.4550177,52.45981752],[13.45329549,52.45988243],[13.45303328,52.46027026],[13.45483024,52.46068715]]]},"properties":{"plr_id":"08200622","plr_name":"Jahnstraße","bzr_name":"Britz Nord","pgr_name":"Britz/Buckow","bez_id":"08","bez_name":"Neukölln","ew":5860,"mss_status_index":4,"mss_status_class":"sehr niedrig","mss_valid":true,"pet14h":35.91,"t2m04h":18.4,"canopy_pct":17.8,"veg_pct":34.7}},{"type":"Feature","geometry":{"type":"Polygon","coordinates":[[[13.45698049,52.45910816],[13.45517959,52.46098759],[13.45478738,52.46089977],[13.45483024,52.46068715],[13.45303457,52.46027889],[13.45329549,52.45988243],[13.4550177,52.45981752],[13.45497646,52.45966786],[13.44958636,52.45976582],[13.44111539,52.45867553],[13.4359132,52.45827346],[13.43821549,52.45305158],[13.43833262,52.45273059],[13.43815302,52.45248803],[13.44083215,52.45260917],[13.44501347,52.45224698],[13.45185335,52.45234931],[13.45540515,52.45297378],[13.45675991,52.45293259],[13.45904987,52.45236099],[13.46098321,52.45100314],[13.46205001,52.45082319],[13.46285904,52.45112276],[13.45698049,52.45910816]]]},"properties":{"plr_id":"08200623","plr_name":"Park am Buschkrug","bzr_name":"Britz Nord","pgr_name":"Britz/Buckow","bez_id":"08","bez_name":"Neukölln","ew":6692,"mss_status_index":2,"mss_status_class":"mittel","mss_valid":true,"pet14h":34.99,"t2m04h":17.79,"canopy_pct":21.3,"veg_pct":42.4}},{"type":"Feature","geometry":{"type":"Polygon","coordinates":[[[13.4359463,52.44885013],[13.43666541,52.45007123],[13.43796497,52.45151072],[13.43819428,52.45192788],[13.43814986,52.45272481],[13.43833262,52.45273059],[13.43680897,52.45650121],[13.43568453,52.45862956],[13.43418127,52.46275515],[13.42300921,52.46131853],[13.42323264,52.46040407],[13.42142513,52.46065545],[13.42060784,52.45936814],[13.42461558,52.45789801],[13.42656967,52.45669991],[13.42119658,52.45675226],[13.41768267,52.45220174],[13.41683685,52.45223951],[13.41638893,52.45140844],[13.42069023,52.45209437],[13.43290588,52.45227771],[13.43434185,52.45113016],[13.4359463,52.44885013]]]},"properties":{"plr_id":"08200624","plr_name":"Tempelhofer Weg","bzr_name":"Britz Nord","pgr_name":"Britz/Buckow","bez_id":"08","bez_name":"Neukölln","ew":8988,"mss_status_index":3,"mss_status_class":"niedrig","mss_valid":true,"pet14h":35.29,"t2m04h":17.99,"canopy_pct":21.7,"veg_pct":40.3}},{"type":"Feature","geometry":{"type":"Polygon","coordinates":[[[13.41117231,52.43888515],[13.43014427,52.44275263],[13.43341623,52.44378],[13.43316285,52.44500579],[13.4359463,52.44885013],[13.43434185,52.45113016],[13.43290588,52.45227771],[13.42069023,52.45209437],[13.41638893,52.45140844],[13.41573167,52.44926675],[13.41510477,52.44847508],[13.41476748,52.44701126],[13.41398517,52.44594548],[13.41117231,52.43888515]]]},"properties":{"plr_id":"08200725","plr_name":"Mohriner Allee Nord","bzr_name":"Britz","pgr_name":"Britz/Buckow","bez_id":"08","bez_name":"Neukölln","ew":2524,"mss_status_index":2,"mss_status_class":"mittel","mss_valid":true,"pet14h":37.68,"t2m04h":16.66,"canopy_pct":15.5,"veg_pct":59.0}},{"type":"Feature","geometry":{"type":"Polygon","coordinates":[[[13.44302857,52.44565942],[13.4553573,52.44533255],[13.45258789,52.45247136],[13.44501347,52.45224698],[13.44083215,52.45260917],[13.43815302,52.45248803],[13.43796497,52.45151072],[13.4362225,52.44946904],[13.43316567,52.44479237],[13.43354406,52.4434788],[13.43631069,52.44443406],[13.43657768,52.4443484],[13.43777296,52.44543814],[13.43769293,52.44523762],[13.43845861,52.4448897],[13.44302857,52.44565942]]]},"properties":{"plr_id":"08200726","plr_name":"Hufeisensiedlung","bzr_name":"Britz","pgr_name":"Britz/Buckow","bez_id":"08","bez_name":"Neukölln","ew":6109,"mss_status_index":2,"mss_status_class":"mittel","mss_valid":true,"pet14h":34.8,"t2m04h":17.48,"canopy_pct":31.4,"veg_pct":60.0}},{"type":"Feature","geometry":{"type":"Polygon","coordinates":[[[13.45906568,52.44449778],[13.45906791,52.44512785],[13.45884956,52.44519594],[13.44353949,52.44569602],[13.43845861,52.4448897],[13.43769293,52.44523762],[13.43777296,52.44543814],[13.43657768,52.4443484],[13.43631069,52.44443406],[13.43354406,52.4434788],[13.43434201,52.44157034],[13.43451213,52.44046175],[13.43576172,52.44038352],[13.43731243,52.43959676],[13.44352987,52.43728831],[13.44557052,52.43703022],[13.45051653,52.43702735],[13.45161624,52.4367691],[13.45170509,52.43740008],[13.45303431,52.43935449],[13.45818103,52.44429506],[13.45906568,52.44449778]]]},"properties":{"plr_id":"08200727","plr_name":"Parchimer Allee Süd","bzr_name":"Britz","pgr_name":"Britz/Buckow","bez_id":"08","bez_name":"Neukölln","ew":8115,"mss_status_index":2,"mss_status_class":"mittel","mss_valid":true,"pet14h":33.39,"t2m04h":17.68,"canopy_pct":41.9,"veg_pct":65.8}},{"type":"Feature","geometry":{"type":"Polygon","coordinates":[[[13.45906568,52.44449778],[13.4622378,52.44411611],[13.46689176,52.44187312],[13.46828831,52.44083468],[13.46897174,52.43981357],[13.46963235,52.44017293],[13.47299068,52.43871288],[13.47361977,52.43820172],[13.47774061,52.4422534],[13.47868546,52.44273744],[13.46561508,52.44910186],[13.46391461,52.45019167],[13.46300936,52.45112441],[13.46205001,52.45082319],[13.46098321,52.45100314],[13.45904987,52.45236099],[13.45675991,52.45293259],[13.45540515,52.45297378],[13.45258789,52.45247136],[13.4553573,52.44533255],[13.45893189,52.445184],[13.45906568,52.44449778]]]},"properties":{"plr_id":"08200728","plr_name":"Ortolanweg","bzr_name":"Britz","pgr_name":"Britz/Buckow","bez_id":"08","bez_name":"Neukölln","ew":1206,"mss_status_index":3,"mss_status_class":"niedrig","mss_valid":true,"pet14h":35.69,"t2m04h":16.36,"canopy_pct":16.2,"veg_pct":66.5}},{"type":"Feature","geometry":{"type":"Polygon","coordinates":[[[13.41505336,52.42292869],[13.41574808,52.42286947],[13.42164424,52.42441475],[13.42894428,52.42484903],[13.4301931,52.42665778],[13.43481066,52.42787199],[13.43458657,52.4299785],[13.43491059,52.43326381],[13.43447107,52.44094184],[13.43341623,52.44378],[13.43014427,52.44275263],[13.41117231,52.43888515],[13.41056818,52.43745301],[13.4103796,52.43614448],[13.40915752,52.43421065],[13.40860567,52.43272971],[13.40686685,52.43013932],[13.40623845,52.42752725],[13.41257496,52.42514548],[13.41446015,52.42399004],[13.41505336,52.42292869]]]},"properties":{"plr_id":"08200729","plr_name":"Britzer Garten","bzr_name":"Britz","pgr_name":"Britz/Buckow","bez_id":"08","bez_name":"Neukölln","ew":1869,"mss_status_index":1,"mss_status_class":"hoch","mss_valid":true,"pet14h":33.61,"t2m04h":16.02,"canopy_pct":29.6,"veg_pct":77.3}},{"type":"Feature","geometry":{"type":"Polygon","coordinates":[[[13.43914787,52.4241868],[13.44652193,52.42704326],[13.44591527,52.42754074],[13.44661441,52.42791161],[13.4475402,52.42902062],[13.44924174,52.43301561],[13.45053385,52.4333797],[13.45088557,52.43540563],[13.45161624,52.4367691],[13.45051653,52.43702735],[13.44557052,52.43703022],[13.44352987,52.43728831],[13.43731243,52.43959676],[13.43576172,52.44038352],[13.43451213,52.44046175],[13.43491059,52.43326381],[13.43458657,52.4299785],[13.4348062,52.42690028],[13.43533803,52.42688126],[13.43546565,52.42530961],[13.43581218,52.42466079],[13.43669492,52.42376421],[13.43914787,52.4241868]]]},"properties":{"plr_id":"08200730","plr_name":"Handwerker-Siedlung","bzr_name":"Britz","pgr_name":"Britz/Buckow","bez_id":"08","bez_name":"Neukölln","ew":3373,"mss_status_index":2,"mss_status_class":"mittel","mss_valid":true,"pet14h":35.8,"t2m04h":16.79,"canopy_pct":27.5,"veg_pct":61.4}},{"type":"Feature","geometry":{"type":"Polygon","coordinates":[[[13.4062058,52.42743352],[13.40537309,52.42583389],[13.40260125,52.42216094],[13.40546815,52.42176382],[13.40481522,52.4200031],[13.40012149,52.41877353],[13.39949717,52.41801934],[13.40250484,52.41271054],[13.40756089,52.41340148],[13.41058391,52.41332024],[13.4142674,52.41231375],[13.41839573,52.41074169],[13.41968185,52.41241583],[13.42093383,52.41294499],[13.42073814,52.41463523],[13.41987099,52.41577703],[13.41774979,52.41682049],[13.41683681,52.41806083],[13.41510925,52.42089575],[13.41475486,52.42295396],[13.41505336,52.42292869],[13.4147636,52.42364586],[13.41409876,52.42427392],[13.41218303,52.42533726],[13.4062058,52.42743352]]]},"properties":{"plr_id":"08200831","plr_name":"Buckow West","bzr_name":"Buckow","pgr_name":"Britz/Buckow","bez_id":"08","bez_name":"Neukölln","ew":8275,"mss_status_index":2,"mss_status_class":"mittel","mss_valid":true,"pet14h":38.44,"t2m04h":17.1,"canopy_pct":18.6,"veg_pct":58.0}},{"type":"Feature","geometry":{"type":"Polygon","coordinates":[[[13.43751114,52.42278723],[13.43560042,52.42501213],[13.43533803,52.42688126],[13.4348062,52.42690028],[13.43476572,52.42786016],[13.4301931,52.42665778],[13.42894428,52.42484903],[13.42164424,52.42441475],[13.41574808,52.42286947],[13.41475486,52.42295396],[13.41520336,52.4206759],[13.41756227,52.41703152],[13.41990455,52.41575223],[13.42073067,52.41466066],[13.42093383,52.41294499],[13.41968185,52.41241583],[13.41839573,52.41074169],[13.41967703,52.4104906],[13.41958354,52.41018408],[13.42177844,52.41053264],[13.42795366,52.41189296],[13.43193206,52.412515],[13.43891434,52.41445296],[13.43832704,52.41694521],[13.43836283,52.41952471],[13.43810093,52.42129852],[13.43751114,52.42278723]]]},"properties":{"plr_id":"08200832","plr_name":"Buckow Mitte","bzr_name":"Buckow","pgr_name":"Britz/Buckow","bez_id":"08","bez_name":"Neukölln","ew":12116,"mss_status_index":2,"mss_status_class":"mittel","mss_valid":true,"pet14h":37.48,"t2m04h":17.08,"canopy_pct":18.2,"veg_pct":56.0}},{"type":"Feature","geometry":{"type":"Polygon","coordinates":[[[13.43669492,52.42376421],[13.43751114,52.42278723],[13.43810093,52.42129852],[13.43836283,52.41952471],[13.43832704,52.41694521],[13.43891434,52.41445296],[13.44705551,52.41668514],[13.44790326,52.41715877],[13.45468537,52.41945436],[13.46089384,52.42074991],[13.46164541,52.42145299],[13.45007859,52.42401717],[13.44720181,52.42492111],[13.44762797,52.42510134],[13.4463503,52.42573059],[13.44543184,52.4266195],[13.43994033,52.42443843],[13.43669492,52.42376421]]]},"properties":{"plr_id":"08200833","plr_name":"Buckow Ost","bzr_name":"Buckow","pgr_name":"Britz/Buckow","bez_id":"08","bez_name":"Neukölln","ew":9255,"mss_status_index":2,"mss_status_class":"mittel","mss_valid":true,"pet14h":37.99,"t2m04h":17.49,"canopy_pct":18.9,"veg_pct":51.8}},{"type":"Feature","geometry":{"type":"Polygon","coordinates":[[[13.46491002,52.42596522],[13.47133474,52.43007069],[13.47252133,52.43141961],[13.47299425,52.43240973],[13.47224488,52.43202618],[13.47156129,52.43237264],[13.47210487,52.43283202],[13.47133176,52.43250127],[13.47035524,52.4329896],[13.47058746,52.43314555],[13.47038649,52.43325771],[13.46959975,52.4334395],[13.46690944,52.4317451],[13.46762556,52.43145931],[13.4650728,52.42972933],[13.46148728,52.4311112],[13.46045362,52.43180495],[13.46016201,52.43214552],[13.46246993,52.43287241],[13.4628012,52.43334602],[13.4616322,52.43415634],[13.45988217,52.43479411],[13.4566468,52.43140941],[13.45441279,52.43201959],[13.45616765,52.43440292],[13.45332689,52.4353565],[13.45175152,52.43662532],[13.45128777,52.43643609],[13.45078977,52.43509798],[13.45061104,52.43319972],[13.45185508,52.43147304],[13.45356319,52.42980048],[13.45282899,52.42950005],[13.45486103,52.42799554],[13.45724745,52.42662983],[13.45724974,52.42587478],[13.46491002,52.42596522]]]},"properties":{"plr_id":"08300934","plr_name":"Gropiusstadt Nord-West","bzr_name":"Gropiusstadt West","pgr_name":"Gropiusstadt","bez_id":"08","bez_name":"Neukölln","ew":12623,"mss_status_index":3,"mss_status_class":"niedrig","mss_valid":true,"pet14h":34.52,"t2m04h":17.69,"canopy_pct":30.0,"veg_pct":52.0}},{"type":"Feature","geometry":{"type":"Polygon","coordinates":[[[13.44554187,52.42666228],[13.4463503,52.42573059],[13.44762797,52.42510134],[13.44720181,52.42492111],[13.45007859,52.42401717],[13.45176203,52.42379554],[13.46122787,52.42152134],[13.4632791,52.42462325],[13.46491002,52.42596522],[13.45724974,52.42587478],[13.45724745,52.42662983],[13.45486103,52.42799554],[13.45282899,52.42950005],[13.45356319,52.42980048],[13.45178541,52.43155457],[13.45053385,52.4333797],[13.44924174,52.43301561],[13.4475402,52.42902062],[13.44661441,52.42791161],[13.44591527,52.42754074],[13.44652193,52.42704326],[13.44554187,52.42666228]]]},"properties":{"plr_id":"08300935","plr_name":"Gropiusstadt Süd-West","bzr_name":"Gropiusstadt West","pgr_name":"Gropiusstadt","bez_id":"08","bez_name":"Neukölln","ew":7611,"mss_status_index":2,"mss_status_class":"mittel","mss_valid":true,"pet14h":33.81,"t2m04h":17.61,"canopy_pct":35.9,"veg_pct":59.8}},{"type":"Feature","geometry":{"type":"Polygon","coordinates":[[[13.47299425,52.43240973],[13.4722238,52.43102398],[13.47067246,52.42950503],[13.46366779,52.42504263],[13.46130852,52.42153053],[13.46164541,52.42145299],[13.46154378,52.42129142],[13.46089384,52.42074991],[13.46354768,52.42108044],[13.46801801,52.42003284],[13.47364059,52.41967899],[13.47307343,52.42110155],[13.47323746,52.42355721],[13.47386449,52.42599456],[13.47396826,52.42755389],[13.47378202,52.42812359],[13.47401457,52.42821151],[13.47361347,52.42860604],[13.47658311,52.42974773],[13.47479998,52.43097986],[13.47446132,52.43077804],[13.47394384,52.43110565],[13.47474527,52.43158127],[13.47299425,52.43240973]]]},"properties":{"plr_id":"08301036","plr_name":"Gropiusstadt Mitte","bzr_name":"Gropiusstadt Ost","pgr_name":"Gropiusstadt","bez_id":"08","bez_name":"Neukölln","ew":7448,"mss_status_index":2,"mss_status_class":"mittel","mss_valid":true,"pet14h":32.55,"t2m04h":17.51,"canopy_pct":38.7,"veg_pct":60.2}},{"type":"Feature","geometry":{"type":"Polygon","coordinates":[[[13.47378777,52.42595169],[13.47323371,52.42353245],[13.4730741,52.42114137],[13.47365016,52.4197536],[13.47767178,52.4195949],[13.47977703,52.41999394],[13.48508268,52.42406239],[13.48272342,52.4258805],[13.48198348,52.42573005],[13.47378777,52.42595169]]]},"properties":{"plr_id":"08301037","plr_name":"Gropiusstadt Süd-Ost","bzr_name":"Gropiusstadt Ost","pgr_name":"Gropiusstadt","bez_id":"08","bez_name":"Neukölln","ew":11049,"mss_status_index":3,"mss_status_class":"niedrig","mss_valid":true,"pet14h":34.6,"t2m04h":17.75,"canopy_pct":29.2,"veg_pct":50.6}},{"type":"Feature","geometry":{"type":"Polygon","coordinates":[[[13.45665961,52.44280253],[13.4591847,52.44058807],[13.46397934,52.44290045],[13.46498788,52.44244558],[13.46532126,52.44261058],[13.46200248,52.44420366],[13.45885079,52.44451204],[13.45822455,52.44433069],[13.45665961,52.44280253]]]},"properties":{"plr_id":"08401138","plr_name":"Goldhähnchenweg","bzr_name":"Buckow Nord","pgr_name":"Buckow Nord/Rudow","bez_id":"08","bez_name":"Neukölln","ew":2900,"mss_status_index":4,"mss_status_class":"sehr niedrig","mss_valid":true,"pet14h":36.72,"t2m04h":17.82,"canopy_pct":20.8,"veg_pct":41.3}},{"type":"Feature","geometry":{"type":"Polygon","coordinates":[[[13.47133176,52.43250127],[13.47226137,52.43318935],[13.46938952,52.43436067],[13.46066492,52.43918815],[13.45665961,52.44280253],[13.45281266,52.43910415],[13.45158485,52.43701644],[13.45154052,52.43669231],[13.45311574,52.43546954],[13.45616765,52.43440292],[13.45441279,52.43201959],[13.4566468,52.43140941],[13.45988217,52.43479411],[13.4616322,52.43415634],[13.4628012,52.43334602],[13.46246993,52.43287241],[13.46016201,52.43214552],[13.46045362,52.43180495],[13.46148728,52.4311112],[13.4650728,52.42972933],[13.46762556,52.43145931],[13.46690944,52.4317451],[13.468715,52.43305023],[13.46891751,52.43294608],[13.46959975,52.4334395],[13.47038649,52.43325771],[13.47058746,52.43314555],[13.47035524,52.4329896],[13.47133176,52.43250127]]]},"properties":{"plr_id":"08401139","plr_name":"Vogelviertel Süd","bzr_name":"Buckow Nord","pgr_name":"Buckow Nord/Rudow","bez_id":"08","bez_name":"Neukölln","ew":4092,"mss_status_index":2,"mss_status_class":"mittel","mss_valid":true,"pet14h":38.15,"t2m04h":17.93,"canopy_pct":17.4,"veg_pct":42.5}},{"type":"Feature","geometry":{"type":"Polygon","coordinates":[[[13.46528525,52.44268278],[13.46498788,52.44244558],[13.46397934,52.44290045],[13.45909099,52.44059907],[13.45986253,52.43979487],[13.46189605,52.43842085],[13.46895581,52.43460076],[13.46961343,52.43474721],[13.47049004,52.43536998],[13.47361977,52.43820172],[13.47299068,52.43871288],[13.46963235,52.44017293],[13.46897174,52.43981357],[13.46817198,52.440934],[13.46528525,52.44268278]]]},"properties":{"plr_id":"08401140","plr_name":"Vogelviertel Nord","bzr_name":"Buckow Nord","pgr_name":"Buckow Nord/Rudow","bez_id":"08","bez_name":"Neukölln","ew":2670,"mss_status_index":2,"mss_status_class":"mittel","mss_valid":true,"pet14h":38.45,"t2m04h":17.63,"canopy_pct":17.0,"veg_pct":54.3}},{"type":"Feature","geometry":{"type":"Polygon","coordinates":[[[13.47868546,52.44273744],[13.47774061,52.4422534],[13.47049004,52.43536998],[13.46961343,52.43474721],[13.46895581,52.43460076],[13.47226137,52.43318935],[13.47156129,52.43237264],[13.47224488,52.43202618],[13.47292988,52.4324402],[13.47474527,52.43158127],[13.47394384,52.43110565],[13.47446132,52.43077804],[13.47479998,52.43097986],[13.47658311,52.42974773],[13.47361347,52.42860604],[13.47401457,52.42821151],[13.47378202,52.42812359],[13.4739693,52.42751484],[13.47378777,52.42595169],[13.48198348,52.42573005],[13.48272342,52.4258805],[13.48508268,52.42406239],[13.49759724,52.43354838],[13.47868546,52.44273744]]]},"properties":{"plr_id":"08401241","plr_name":"Blumenviertel","bzr_name":"Rudow","pgr_name":"Buckow Nord/Rudow","bez_id":"08","bez_name":"Neukölln","ew":8319,"mss_status_index":2,"mss_status_class":"mittel","mss_valid":true,"pet14h":38.81,"t2m04h":17.71,"canopy_pct":16.6,"veg_pct":51.3}},{"type":"Feature","geometry":{"type":"Polygon","coordinates":[[[13.48558438,52.42444026],[13.47996669,52.42006867],[13.47911407,52.4197902],[13.47767178,52.4195949],[13.47364059,52.41967899],[13.46800422,52.42006338],[13.47101066,52.41406212],[13.47732287,52.40370969],[13.48108637,52.40594722],[13.48329433,52.40764876],[13.48376658,52.40757214],[13.48613541,52.40989723],[13.48890962,52.41327904],[13.49010617,52.41333884],[13.48933708,52.41433565],[13.49041662,52.41536622],[13.49147836,52.41819376],[13.4895967,52.4197151],[13.49029876,52.42003227],[13.48855012,52.42198563],[13.48558438,52.42444026]]]},"properties":{"plr_id":"08401242","plr_name":"Zittauer Straße","bzr_name":"Rudow","pgr_name":"Buckow Nord/Rudow","bez_id":"08","bez_name":"Neukölln","ew":6893,"mss_status_index":2,"mss_status_class":"mittel","mss_valid":true,"pet14h":38.47,"t2m04h":17.04,"canopy_pct":16.0,"veg_pct":56.5}},{"type":"Feature","geometry":{"type":"Polygon","coordinates":[[[13.48558438,52.42444026],[13.48855012,52.42198563],[13.49004297,52.4202311],[13.49422353,52.41708479],[13.49651316,52.41594394],[13.50082683,52.41805247],[13.5054279,52.41857197],[13.51212104,52.41975068],[13.5176862,52.42182584],[13.51854795,52.42257154],[13.51843775,52.42290969],[13.52023269,52.42572747],[13.52050676,52.42655917],[13.51409161,52.42720952],[13.50975686,52.42815601],[13.50667597,52.42927428],[13.49759724,52.43354838],[13.48558438,52.42444026]]]},"properties":{"plr_id":"08401243","plr_name":"Alt-Rudow","bzr_name":"Rudow","pgr_name":"Buckow Nord/Rudow","bez_id":"08","bez_name":"Neukölln","ew":10078,"mss_status_index":2,"mss_status_class":"mittel","mss_valid":true,"pet14h":38.68,"t2m04h":17.99,"canopy_pct":14.6,"veg_pct":42.0}},{"type":"Feature","geometry":{"type":"Polygon","coordinates":[[[13.50833222,52.4070332],[13.5015428,52.41368131],[13.49925694,52.41509831],[13.49902734,52.41496218],[13.49502867,52.41659705],[13.49029876,52.42003227],[13.48960659,52.41975053],[13.4914947,52.41808954],[13.49041662,52.41536622],[13.48933708,52.41433565],[13.49010617,52.41333884],[13.48890962,52.41327904],[13.48613541,52.40989723],[13.48376658,52.40757214],[13.48329433,52.40764876],[13.48108637,52.40594722],[13.47732287,52.40370969],[13.47760989,52.4034294],[13.47760801,52.4027179],[13.478952,52.39998053],[13.47976201,52.39594608],[13.48354914,52.39693765],[13.48647041,52.39741496],[13.49055933,52.39775814],[13.50070926,52.39932887],[13.5005685,52.40376517],[13.50833222,52.4070332]]]},"properties":{"plr_id":"08401244","plr_name":"Waßmannsdorfer Chaussee","bzr_name":"Rudow","pgr_name":"Buckow Nord/Rudow","bez_id":"08","bez_name":"Neukölln","ew":7315,"mss_status_index":2,"mss_status_class":"mittel","mss_valid":true,"pet14h":37.68,"t2m04h":16.7,"canopy_pct":17.8,"veg_pct":63.8}},{"type":"Feature","geometry":{"type":"Polygon","coordinates":[[[13.50070926,52.39932887],[13.50574547,52.39990613],[13.51409739,52.40127775],[13.50833222,52.4070332],[13.5005685,52.40376517],[13.50070926,52.39932887]]]},"properties":{"plr_id":"08401245","plr_name":"Frauenviertel","bzr_name":"Rudow","pgr_name":"Buckow Nord/Rudow","bez_id":"08","bez_name":"Neukölln","ew":3720,"mss_status_index":2,"mss_status_class":"mittel","mss_valid":true,"pet14h":37.97,"t2m04h":17.35,"canopy_pct":14.1,"veg_pct":56.7}},{"type":"Feature","geometry":{"type":"Polygon","coordinates":[[[13.49651316,52.41594394],[13.49902734,52.41496218],[13.49925694,52.41509831],[13.50182795,52.41345911],[13.51409739,52.40127775],[13.5160032,52.40178774],[13.51598487,52.40218557],[13.51697957,52.40283866],[13.51665171,52.40333398],[13.51933076,52.4049402],[13.51905334,52.40512346],[13.52070665,52.40629332],[13.5205953,52.40640474],[13.52178878,52.40744224],[13.52320728,52.41081323],[13.52293385,52.41104053],[13.52348038,52.4116699],[13.52301358,52.41213536],[13.523446,52.4124216],[13.52322663,52.41265435],[13.52406331,52.41359239],[13.52226086,52.41443017],[13.52296083,52.41545041],[13.5222225,52.41692213],[13.52212324,52.4184319],[13.52084538,52.4195434],[13.52050362,52.42083627],[13.51948283,52.42142353],[13.51854795,52.42257154],[13.5176862,52.42182584],[13.51284414,52.41995043],[13.5054279,52.41857197],[13.50094183,52.41808253],[13.49651316,52.41594394]]]},"properties":{"plr_id":"08401246","plr_name":"Waltersdorfer Chaussee Ost","bzr_name":"Rudow","pgr_name":"Buckow Nord/Rudow","bez_id":"08","bez_name":"Neukölln","ew":7840,"mss_status_index":2,"mss_status_class":"mittel","mss_valid":true,"pet14h":36.87,"t2m04h":16.72,"canopy_pct":20.1,"veg_pct":69.2}},{"type":"Feature","geometry":{"type":"Polygon","coordinates":[[[13.4560669,52.48425413],[13.45854717,52.48636309],[13.45805591,52.48772368],[13.45770921,52.48805868],[13.45789913,52.48816936],[13.45740487,52.48842716],[13.45865549,52.48917728],[13.45886611,52.49017344],[13.45931748,52.49077403],[13.47296721,52.48156221],[13.4813309,52.48547112],[13.48182589,52.485957],[13.48295598,52.48604636],[13.48205573,52.48744351],[13.48168397,52.48763515],[13.47942273,52.48792346],[13.47863131,52.48703326],[13.47798551,52.48786529],[13.47768559,52.48878312],[13.47613005,52.48995587],[13.47378727,52.4910337],[13.47101888,52.49148727],[13.46705933,52.49268636],[13.46319966,52.49421552],[13.46398345,52.49502525],[13.4633835,52.49537939],[13.46192578,52.49558902],[13.45948317,52.496544],[13.45406749,52.49755889],[13.45142037,52.49732342],[13.4477287,52.49474935],[13.44581913,52.49471677],[13.44509978,52.49449048],[13.4400372,52.49073287],[13.43969662,52.4901185],[13.43965717,52.48990875],[13.44444428,52.48745758],[13.4467635,52.48895542],[13.4560669,52.48425413]]]},"properties":{"plr_id":"09100101","plr_name":"Alt-Treptow","bzr_name":"Alt-Treptow","pgr_name":"Treptow-Köpenick 1","bez_id":"09","bez_name":"Treptow-Köpenick","ew":13453,"mss_status_index":2,"mss_status_class":"mittel","mss_valid":true,"pet14h":32.62,"t2m04h":17.79,"canopy_pct":34.2,"veg_pct":59.2}},{"type":"Feature","geometry":{"type":"Polygon","coordinates":[[[13.45813482,52.48581985],[13.47057328,52.47690633],[13.46960715,52.47399421],[13.46994615,52.47314524],[13.47835108,52.47756131],[13.47272626,52.4813559],[13.47296721,52.48156221],[13.47174979,52.48242785],[13.45931748,52.49077403],[13.45886611,52.49017344],[13.45865549,52.48917728],[13.45740487,52.48842716],[13.45789913,52.48816936],[13.45770921,52.48805868],[13.45805591,52.48772368],[13.45854717,52.48636309],[13.45813482,52.48581985]]]},"properties":{"plr_id":"09100202","plr_name":"Plänterwald West","bzr_name":"Plänterwald","pgr_name":"Treptow-Köpenick 1","bez_id":"09","bez_name":"Treptow-Köpenick","ew":4280,"mss_status_index":2,"mss_status_class":"mittel","mss_valid":true,"pet14h":35.75,"t2m04h":16.99,"canopy_pct":22.1,"veg_pct":61.9}},{"type":"Feature","geometry":{"type":"Polygon","coordinates":[[[13.4813309,52.48547112],[13.47272626,52.4813559],[13.47835108,52.47756131],[13.46994615,52.47314524],[13.47265363,52.47042422],[13.47914692,52.47129735],[13.47947283,52.47106637],[13.48133071,52.47125492],[13.48415519,52.47108894],[13.48415408,52.4714328],[13.48390233,52.47158959],[13.48584493,52.47252782],[13.48377064,52.47391457],[13.48756354,52.4757098],[13.49248554,52.47021924],[13.49502564,52.47233087],[13.49448015,52.47518941],[13.49561906,52.47853648],[13.49492293,52.48132636],[13.49361991,52.48444875],[13.49286986,52.48564904],[13.49074768,52.4874283],[13.48850383,52.48783605],[13.48594613,52.48740262],[13.48291784,52.48603164],[13.48182589,52.485957],[13.4813309,52.48547112]]]},"properties":{"plr_id":"09100203","plr_name":"Plänterwald Ost","bzr_name":"Plänterwald","pgr_name":"Treptow-Köpenick 1","bez_id":"09","bez_name":"Treptow-Köpenick","ew":7473,"mss_status_index":2,"mss_status_class":"mittel","mss_valid":true,"pet14h":30.75,"t2m04h":17.56,"canopy_pct":55.6,"veg_pct":80.4}},{"type":"Feature","geometry":{"type":"Polygon","coordinates":[[[13.47947283,52.47106637],[13.47914692,52.47129735],[13.47265363,52.47042422],[13.47847914,52.46498671],[13.47854932,52.46398129],[13.47719744,52.46199292],[13.47579799,52.4609132],[13.47497994,52.45947276],[13.47496722,52.45882042],[13.48205097,52.45877399],[13.48521949,52.45932433],[13.48634848,52.45975841],[13.49214645,52.45816774],[13.49687487,52.45820996],[13.49747379,52.45835171],[13.50051148,52.46022097],[13.49691638,52.46270076],[13.49357636,52.46450072],[13.4939037,52.46482682],[13.49361452,52.46505567],[13.48415408,52.4714328],[13.48415519,52.47108894],[13.48133071,52.47125492],[13.47947283,52.47106637]]]},"properties":{"plr_id":"09100304","plr_name":"Baumschulenweg West","bzr_name":"Baumschulenweg","pgr_name":"Treptow-Köpenick 1","bez_id":"09","bez_name":"Treptow-Köpenick","ew":12007,"mss_status_index":2,"mss_status_class":"mittel","mss_valid":true,"pet14h":33.9,"t2m04h":17.41,"canopy_pct":31.2,"veg_pct":61.8}},{"type":"Feature","geometry":{"type":"Polygon","coordinates":[[[13.49902857,52.46899696],[13.4981069,52.46990732],[13.49647549,52.47049826],[13.49588959,52.4711946],[13.49607971,52.47125156],[13.49582458,52.47156234],[13.4955184,52.4714701],[13.49502564,52.47233087],[13.49248554,52.47021924],[13.48756354,52.4757098],[13.48377064,52.47391457],[13.48584493,52.47252782],[13.48390233,52.47158959],[13.49384738,52.46486317],[13.49788312,52.4690306],[13.49902857,52.46899696]]]},"properties":{"plr_id":"09100305","plr_name":"Baumschulenweg Ost","bzr_name":"Baumschulenweg","pgr_name":"Treptow-Köpenick 1","bez_id":"09","bez_name":"Treptow-Köpenick","ew":4338,"mss_status_index":2,"mss_status_class":"mittel","mss_valid":true,"pet14h":33.9,"t2m04h":17.96,"canopy_pct":26.9,"veg_pct":53.6}},{"type":"Feature","geometry":{"type":"Polygon","coordinates":[[[13.47889733,52.45873527],[13.45722971,52.45925877],[13.45697487,52.45915335],[13.46266561,52.45120284],[13.46300936,52.45112441],[13.46422108,52.44996761],[13.46614159,52.44882947],[13.48420333,52.44005659],[13.48876306,52.44291685],[13.48984167,52.44389789],[13.49072276,52.44353128],[13.49289674,52.44548247],[13.4932385,52.44527938],[13.49732372,52.44856884],[13.49156,52.45022779],[13.4885308,52.45138613],[13.48575787,52.45204957],[13.48265019,52.45216965],[13.48134025,52.45264624],[13.47929716,52.45428006],[13.47563064,52.45623304],[13.47889733,52.45873527]]]},"properties":{"plr_id":"09100306","plr_name":"Späthsfelde","bzr_name":"Baumschulenweg","pgr_name":"Treptow-Köpenick 1","bez_id":"09","bez_name":"Treptow-Köpenick","ew":3059,"mss_status_index":1,"mss_status_class":"hoch","mss_valid":true,"pet14h":37.57,"t2m04h":16.33,"canopy_pct":12.8,"veg_pct":68.0}},{"type":"Feature","geometry":{"type":"Polygon","coordinates":[[[13.50400337,52.43688619],[13.50283596,52.43826587],[13.49983509,52.44054899],[13.50686049,52.44651819],[13.50896519,52.45265847],[13.51014123,52.45352786],[13.50885896,52.45438208],[13.509093,52.45456278],[13.50586187,52.45648642],[13.50051148,52.46022097],[13.49747379,52.45835171],[13.49687487,52.45820996],[13.49214645,52.45816774],[13.48634848,52.45975841],[13.48521949,52.45932433],[13.48249918,52.45881856],[13.47889733,52.45873527],[13.47563064,52.45623304],[13.47929716,52.45428006],[13.48185889,52.4523927],[13.48296575,52.45212357],[13.48640951,52.45192712],[13.49732372,52.44856884],[13.4932385,52.44527938],[13.49289674,52.44548247],[13.49072276,52.44353128],[13.48984167,52.44389789],[13.48876306,52.44291685],[13.48420333,52.44005659],[13.49753057,52.4335697],[13.50197283,52.43617386],[13.50400337,52.43688619]]]},"properties":{"plr_id":"09100407","plr_name":"Johannisthal West","bzr_name":"Johannisthal","pgr_name":"Treptow-Köpenick 1","bez_id":"09","bez_name":"Treptow-Köpenick","ew":8670,"mss_status_index":2,"mss_status_class":"mittel","mss_valid":true,"pet14h":31.43,"t2m04h":17.38,"canopy_pct":48.6,"veg_pct":77.8}},{"type":"Feature","geometry":{"type":"Polygon","coordinates":[[[13.5172193,52.44776366],[13.51014123,52.45352786],[13.50896519,52.45265847],[13.50686049,52.44651819],[13.50010175,52.44086047],[13.4998455,52.44042947],[13.50283596,52.43826587],[13.50415509,52.43668559],[13.50655437,52.43748542],[13.5073667,52.43823359],[13.50804699,52.44193372],[13.50940921,52.44303009],[13.51064108,52.44450248],[13.5172193,52.44776366]]]},"properties":{"plr_id":"09100408","plr_name":"Johannisthal Ost","bzr_name":"Johannisthal","pgr_name":"Treptow-Köpenick 1","bez_id":"09","bez_name":"Treptow-Köpenick","ew":8870,"mss_status_index":2,"mss_status_class":"mittel","mss_valid":true,"pet14h":37.0,"t2m04h":18.15,"canopy_pct":20.3,"veg_pct":39.4}},{"type":"Feature","geometry":{"type":"Polygon","coordinates":[[[13.50400337,52.43688619],[13.50197283,52.43617386],[13.49753057,52.4335697],[13.50667597,52.42927428],[13.50975686,52.42815601],[13.51440573,52.42716381],[13.5199492,52.42672654],[13.51796956,52.43271029],[13.53048228,52.43991602],[13.52889371,52.44094935],[13.53142345,52.44233854],[13.52111501,52.44934418],[13.52061217,52.44964731],[13.51981654,52.4496926],[13.51228715,52.45454509],[13.51148552,52.45471028],[13.50979567,52.4537574],[13.5172193,52.44776366],[13.51064108,52.44450248],[13.50940921,52.44303009],[13.50803481,52.44191116],[13.50717004,52.43790818],[13.50651432,52.43746867],[13.50415509,52.43668559],[13.50400337,52.43688619]]]},"properties":{"plr_id":"09100409","plr_name":"Landschaftspark Adlershof","bzr_name":"Johannisthal","pgr_name":"Treptow-Köpenick 1","bez_id":"09","bez_name":"Treptow-Köpenick","ew":4096,"mss_status_index":2,"mss_status_class":"mittel","mss_valid":true,"pet14h":38.91,"t2m04h":16.77,"canopy_pct":8.9,"veg_pct":53.4}},{"type":"Feature","geometry":{"type":"Polygon","coordinates":[[[13.49924329,52.46863657],[13.50101875,52.46570136],[13.50282035,52.46353417],[13.50591914,52.46199185],[13.51028575,52.46045875],[13.51280389,52.45926087],[13.5143378,52.46256299],[13.51329138,52.46708739],[13.51354273,52.46760629],[13.51420233,52.46831953],[13.51472191,52.46834643],[13.51509839,52.46869109],[13.51502992,52.46884229],[13.51783043,52.47121977],[13.52047194,52.47400435],[13.5165186,52.47537307],[13.51471232,52.47569008],[13.5129681,52.47566131],[13.50784667,52.47490386],[13.50432415,52.47812455],[13.5018907,52.48257405],[13.49785321,52.48328363],[13.49417901,52.48312085],[13.49560937,52.47877167],[13.49550494,52.47785623],[13.49448015,52.47518941],[13.49483558,52.47278575],[13.49541193,52.47159723],[13.49582458,52.47156234],[13.49647549,52.47049826],[13.49821138,52.46984481],[13.49924329,52.46863657]]]},"properties":{"plr_id":"09200510","plr_name":"Helmholtz-Kiez","bzr_name":"Oberschöneweide","pgr_name":"Treptow-Köpenick 2","bez_id":"09","bez_name":"Treptow-Köpenick","ew":8024,"mss_status_index":2,"mss_status_class":"mittel","mss_valid":true,"pet14h":34.48,"t2m04h":17.48,"canopy_pct":19.4,"veg_pct":44.8}},{"type":"Feature","geometry":{"type":"Polygon","coordinates":[[[13.51509839,52.46869109],[13.51472191,52.46834643],[13.51420233,52.46831953],[13.51329138,52.46708739],[13.5143378,52.46256299],[13.5128076,52.45926993],[13.51513324,52.45829676],[13.51916205,52.45756418],[13.51989335,52.45700319],[13.52053378,52.45577559],[13.52169256,52.45454215],[13.52402214,52.45352677],[13.52851886,52.45267916],[13.53251055,52.4532758],[13.52939665,52.45636501],[13.52944081,52.45679071],[13.52861391,52.4570936],[13.52697393,52.45831744],[13.53272218,52.46183173],[13.5206514,52.46703362],[13.51772327,52.46771879],[13.51509839,52.46869109]]]},"properties":{"plr_id":"09200511","plr_name":"Griechischer Park","bzr_name":"Oberschöneweide","pgr_name":"Treptow-Köpenick 2","bez_id":"09","bez_name":"Treptow-Köpenick","ew":13207,"mss_status_index":2,"mss_status_class":"mittel","mss_valid":true,"pet14h":36.25,"t2m04h":18.54,"canopy_pct":12.7,"veg_pct":28.9}},{"type":"Feature","geometry":{"type":"Polygon","coordinates":[[[13.51502992,52.46884229],[13.51772327,52.46771879],[13.5206514,52.46703362],[13.53272218,52.46183173],[13.52697393,52.45831744],[13.52861391,52.4570936],[13.52944081,52.45679071],[13.52939665,52.45636501],[13.53251055,52.4532758],[13.53536271,52.45421569],[13.53748885,52.45539371],[13.54014989,52.45561001],[13.54542988,52.45514654],[13.55408021,52.4531954],[13.55771007,52.45312331],[13.55761217,52.45435439],[13.55738499,52.45436903],[13.55732989,52.45590612],[13.56363032,52.45676963],[13.56150741,52.45870471],[13.55290531,52.46839496],[13.55258958,52.46886032],[13.5530536,52.46942859],[13.5528757,52.46964797],[13.55084791,52.47010808],[13.53984843,52.47497858],[13.53077195,52.46793769],[13.52366761,52.47386377],[13.52158083,52.47521756],[13.51788254,52.47126992],[13.51502992,52.46884229]]]},"properties":{"plr_id":"09200512","plr_name":"Wuhlheide","bzr_name":"Oberschöneweide","pgr_name":"Treptow-Köpenick 2","bez_id":"09","bez_name":"Treptow-Köpenick","ew":4433,"mss_status_index":2,"mss_status_class":"mittel","mss_valid":true,"pet14h":28.95,"t2m04h":17.44,"canopy_pct":56.4,"veg_pct":76.9}},{"type":"Feature","geometry":{"type":"Polygon","coordinates":[[[13.50108286,52.46561112],[13.49879111,52.46910729],[13.49790339,52.46904585],[13.49357636,52.46450072],[13.49831761,52.4618176],[13.50586187,52.45648642],[13.509093,52.45456278],[13.50885896,52.45438208],[13.50979567,52.4537574],[13.51148552,52.45471028],[13.51208564,52.45463013],[13.51981654,52.4496926],[13.52061217,52.44964731],[13.52199791,52.44875005],[13.52279738,52.44901597],[13.52280136,52.44927432],[13.52438812,52.44918784],[13.52450289,52.44942408],[13.52417992,52.44949776],[13.52391105,52.45004795],[13.52417819,52.45009455],[13.52430735,52.44983213],[13.54355321,52.45331417],[13.5450495,52.45322367],[13.55789182,52.4501578],[13.5585088,52.44984256],[13.55822352,52.45317444],[13.55408021,52.4531954],[13.54432443,52.4552929],[13.53819127,52.45556506],[13.53315666,52.45340611],[13.52851886,52.45267916],[13.52402214,52.45352677],[13.52169256,52.45454215],[13.52053378,52.45577559],[13.51989335,52.45700319],[13.51916205,52.45756418],[13.51468628,52.45844278],[13.50315378,52.46331515],[13.50233976,52.46397616],[13.50108286,52.46561112]]]},"properties":{"plr_id":"09200613","plr_name":"Bahnhof Schöneweide","bzr_name":"Niederschöneweide","pgr_name":"Treptow-Köpenick 2","bez_id":"09","bez_name":"Treptow-Köpenick","ew":10704,"mss_status_index":2,"mss_status_class":"mittel","mss_valid":true,"pet14h":34.88,"t2m04h":18.23,"canopy_pct":19.9,"veg_pct":40.7}},{"type":"Feature","geometry":{"type":"Polygon","coordinates":[[[13.54282838,52.45010398],[13.55331576,52.44798613],[13.55496399,52.45083123],[13.5450495,52.45322367],[13.54323818,52.45329753],[13.52430735,52.44983213],[13.52417819,52.45009455],[13.52391105,52.45004795],[13.52417992,52.44949776],[13.52450289,52.44942408],[13.52438812,52.44918784],[13.52280136,52.44927432],[13.52279738,52.44901597],[13.52199791,52.44875005],[13.53021106,52.44320771],[13.53105724,52.44367232],[13.5331602,52.44224908],[13.53664094,52.44418072],[13.5329873,52.44643694],[13.53279258,52.44773949],[13.54041851,52.44815302],[13.54233015,52.44920889],[13.54282838,52.45010398]]]},"properties":{"plr_id":"09200614","plr_name":"Oberspree","bzr_name":"Niederschöneweide","pgr_name":"Treptow-Köpenick 2","bez_id":"09","bez_name":"Treptow-Köpenick","ew":3804,"mss_status_index":2,"mss_status_class":"mittel","mss_valid":true,"pet14h":35.94,"t2m04h":17.28,"canopy_pct":22.1,"veg_pct":55.0}},{"type":"Feature","geometry":{"type":"Polygon","coordinates":[[[13.53048228,52.43991602],[13.51796956,52.43271029],[13.5199492,52.42672654],[13.52050676,52.42655917],[13.52046033,52.42624207],[13.52796807,52.42583313],[13.52818377,52.42556114],[13.52851336,52.42579991],[13.54542468,52.42482686],[13.54943032,52.4250478],[13.55506347,52.42590867],[13.55340166,52.42701414],[13.55445076,52.4268652],[13.54281391,52.43439747],[13.54221181,52.43493204],[13.54240918,52.43500564],[13.53142345,52.44233854],[13.52889371,52.44094935],[13.53048228,52.43991602]]]},"properties":{"plr_id":"09200715","plr_name":"Wista","bzr_name":"Adlershof","pgr_name":"Treptow-Köpenick 2","bez_id":"09","bez_name":"Treptow-Köpenick","ew":4259,"mss_status_index":2,"mss_status_class":"mittel","mss_valid":true,"pet14h":38.0,"t2m04h":17.93,"canopy_pct":8.3,"veg_pct":33.0}},{"type":"Feature","geometry":{"type":"Polygon","coordinates":[[[13.54813132,52.43791646],[13.54339124,52.44194431],[13.54454755,52.44249879],[13.54414135,52.44283128],[13.54446591,52.44298338],[13.54378314,52.44351464],[13.54175105,52.44254384],[13.54082597,52.44253341],[13.5407851,52.44209924],[13.53995701,52.44214967],[13.54002984,52.44236391],[13.53932436,52.44251886],[13.53664094,52.44418072],[13.5331602,52.44224908],[13.53105724,52.44367232],[13.53021106,52.44320771],[13.54240918,52.43500564],[13.54221181,52.43493204],[13.54281391,52.43439747],[13.55048535,52.42947068],[13.55093086,52.42948068],[13.55359414,52.43148746],[13.554783,52.43283937],[13.54813132,52.43791646]]]},"properties":{"plr_id":"09200716","plr_name":"Dörpfeldstraße West","bzr_name":"Adlershof","pgr_name":"Treptow-Köpenick 2","bez_id":"09","bez_name":"Treptow-Köpenick","ew":8373,"mss_status_index":2,"mss_status_class":"mittel","mss_valid":true,"pet14h":37.06,"t2m04h":17.9,"canopy_pct":18.1,"veg_pct":44.4}},{"type":"Feature","geometry":{"type":"Polygon","coordinates":[[[13.55938532,52.44208387],[13.5585088,52.44984256],[13.55496399,52.45083123],[13.55331576,52.44798613],[13.5428838,52.45020338],[13.54233015,52.44920889],[13.54041851,52.44815302],[13.53279258,52.44773949],[13.5329873,52.44643694],[13.53932436,52.44251886],[13.54002984,52.44236391],[13.53995701,52.44214967],[13.54081801,52.44210484],[13.54082597,52.44253341],[13.54175105,52.44254384],[13.54378314,52.44351464],[13.54446591,52.44298338],[13.54414135,52.44283128],[13.54454755,52.44249879],[13.54339124,52.44194431],[13.5481444,52.43785236],[13.554783,52.43283937],[13.55398567,52.43183393],[13.55209686,52.43026345],[13.55093086,52.42948068],[13.55048535,52.42947068],[13.55445076,52.4268652],[13.55340166,52.42701414],[13.55511417,52.42587489],[13.56342021,52.42679493],[13.56369094,52.43050936],[13.56349209,52.43182281],[13.56270924,52.43362849],[13.56022215,52.43704412],[13.5595278,52.4386017],[13.559114,52.44197491],[13.55938532,52.44208387]]]},"properties":{"plr_id":"09200717","plr_name":"Dörpfeldstraße Ost","bzr_name":"Adlershof","pgr_name":"Treptow-Köpenick 2","bez_id":"09","bez_name":"Treptow-Köpenick","ew":9785,"mss_status_index":2,"mss_status_class":"mittel","mss_valid":true,"pet14h":33.03,"t2m04h":17.51,"canopy_pct":39.5,"veg_pct":64.5}},{"type":"Feature","geometry":{"type":"Polygon","coordinates":[[[13.55822352,52.45317444],[13.55876788,52.44686681],[13.57015418,52.44466356],[13.57169625,52.44778111],[13.56907447,52.44881215],[13.56807929,52.44959246],[13.56508565,52.45306118],[13.56306846,52.45346724],[13.56094695,52.45317621],[13.55822352,52.45317444]]]},"properties":{"plr_id":"09200818","plr_name":"Spindlersfeld","bzr_name":"Köllnische Vorstadt/Spindlersfeld","pgr_name":"Treptow-Köpenick 2","bez_id":"09","bez_name":"Treptow-Köpenick","ew":4330,"mss_status_index":2,"mss_status_class":"mittel","mss_valid":true,"pet14h":34.27,"t2m04h":17.77,"canopy_pct":28.5,"veg_pct":53.4}},{"type":"Feature","geometry":{"type":"Polygon","coordinates":[[[13.56342021,52.42679493],[13.57297433,52.42808752],[13.57283058,52.42833247],[13.57393676,52.42879137],[13.57412245,52.42900821],[13.57378965,52.43097125],[13.57347167,52.43082481],[13.57375482,52.43102996],[13.57280242,52.43150222],[13.57214858,52.43242562],[13.5720933,52.43298749],[13.5724013,52.43307313],[13.57206319,52.43308527],[13.57180305,52.43401628],[13.57231842,52.43494567],[13.57453922,52.4366224],[13.57462839,52.43719128],[13.57312627,52.43833116],[13.57215177,52.43833179],[13.57312371,52.43834712],[13.57057166,52.44182486],[13.57019647,52.44411085],[13.57099243,52.44411187],[13.57095896,52.44432956],[13.57136768,52.44434467],[13.57129723,52.44481362],[13.56976129,52.4446838],[13.55876788,52.44686681],[13.55938532,52.44208387],[13.559114,52.44197491],[13.5595278,52.4386017],[13.56022215,52.43704412],[13.56270924,52.43362849],[13.56349209,52.43182281],[13.56369094,52.43050936],[13.56342021,52.42679493]]]},"properties":{"plr_id":"09200819","plr_name":"Köllnische Vorstadt","bzr_name":"Köllnische Vorstadt/Spindlersfeld","pgr_name":"Treptow-Köpenick 2","bez_id":"09","bez_name":"Treptow-Köpenick","ew":8588,"mss_status_index":2,"mss_status_class":"mittel","mss_valid":true,"pet14h":35.74,"t2m04h":17.49,"canopy_pct":19.8,"veg_pct":44.6}},{"type":"Feature","geometry":{"type":"Polygon","coordinates":[[[13.52796807,52.42583313],[13.52045696,52.42624225],[13.51843775,52.42290969],[13.51865103,52.42225512],[13.51948283,52.42142353],[13.52050362,52.42083627],[13.52084538,52.4195434],[13.52212324,52.4184319],[13.5222225,52.41692213],[13.52296083,52.41545041],[13.52226086,52.41443017],[13.52406331,52.41359239],[13.52322663,52.41265435],[13.523446,52.4124216],[13.52301358,52.41213536],[13.52348038,52.4116699],[13.52293385,52.41104053],[13.52320728,52.41081323],[13.52178878,52.40744224],[13.5205953,52.40640474],[13.52070665,52.40629332],[13.51905334,52.40512346],[13.51933076,52.4049402],[13.51665171,52.40333398],[13.51697957,52.40283866],[13.51598487,52.40218557],[13.5160032,52.40178774],[13.52127584,52.40066572],[13.52518847,52.40653051],[13.52581144,52.40791449],[13.53305371,52.40678689],[13.536167,52.41188991],[13.54712495,52.4086492],[13.55037206,52.41156915],[13.55534037,52.4168865],[13.55638802,52.4191973],[13.5563745,52.42312894],[13.55556735,52.42474041],[13.55427136,52.42575744],[13.54931748,52.42503563],[13.54542468,52.42482686],[13.52851336,52.42579991],[13.52818377,52.42556114],[13.52796807,52.42583313]]]},"properties":{"plr_id":"09300920","plr_name":"Dorf Altglienicke","bzr_name":"Altglienicke","pgr_name":"Treptow-Köpenick 3","bez_id":"09","bez_name":"Treptow-Köpenick","ew":13253,"mss_status_index":2,"mss_status_class":"mittel","mss_valid":true,"pet14h":37.71,"t2m04h":16.94,"canopy_pct":16.0,"veg_pct":63.5}},{"type":"Feature","geometry":{"type":"Polygon","coordinates":[[[13.55549133,52.4170623],[13.54857387,52.40982419],[13.54580294,52.40766696],[13.55044467,52.40787787],[13.55180582,52.40444158],[13.55172401,52.40404755],[13.5512601,52.40368743],[13.55143001,52.4035807],[13.55217817,52.40436922],[13.55305072,52.40321226],[13.5616391,52.4087867],[13.56707102,52.41361429],[13.568667,52.41573422],[13.56600871,52.41736108],[13.55556735,52.42474041],[13.55622742,52.42356174],[13.5564427,52.4226073],[13.5562624,52.41871199],[13.55532861,52.4171211],[13.55549133,52.4170623]]]},"properties":{"plr_id":"09300921","plr_name":"Preußen Siedlung","bzr_name":"Altglienicke","pgr_name":"Treptow-Köpenick 3","bez_id":"09","bez_name":"Treptow-Köpenick","ew":2878,"mss_status_index":1,"mss_status_class":"hoch","mss_valid":true,"pet14h":34.67,"t2m04h":16.81,"canopy_pct":31.2,"veg_pct":71.8}},{"type":"Feature","geometry":{"type":"Polygon","coordinates":[[[13.53305371,52.40678689],[13.52581144,52.40791449],[13.52518847,52.40653051],[13.52127584,52.40066572],[13.52638802,52.39893565],[13.52738667,52.40197105],[13.5298864,52.40327755],[13.53305371,52.40678689]]]},"properties":{"plr_id":"09300922","plr_name":"Kosmos Viertel","bzr_name":"Altglienicke","pgr_name":"Treptow-Köpenick 3","bez_id":"09","bez_name":"Treptow-Köpenick","ew":6013,"mss_status_index":4,"mss_status_class":"sehr niedrig","mss_valid":true,"pet14h":37.0,"t2m04h":17.41,"canopy_pct":15.5,"veg_pct":45.5}},{"type":"Feature","geometry":{"type":"Polygon","coordinates":[[[13.55143001,52.4035807],[13.5512601,52.40368743],[13.55172401,52.40404755],[13.55179867,52.40447462],[13.55044467,52.40787787],[13.54580294,52.40766696],[13.54712495,52.4086492],[13.536167,52.41188991],[13.53282356,52.40639873],[13.5298864,52.40327755],[13.52730675,52.40186794],[13.52638802,52.39893565],[13.52969255,52.39730157],[13.53843184,52.40063331],[13.53750871,52.39899264],[13.53873792,52.39895679],[13.54333016,52.3996709],[13.54625999,52.40061744],[13.54865967,52.40173717],[13.54930396,52.40179583],[13.55037006,52.40248939],[13.55143001,52.4035807]]]},"properties":{"plr_id":"09300923","plr_name":"Kölner Viertel","bzr_name":"Altglienicke","pgr_name":"Treptow-Köpenick 3","bez_id":"09","bez_name":"Treptow-Köpenick","ew":9100,"mss_status_index":2,"mss_status_class":"mittel","mss_valid":true,"pet14h":39.0,"t2m04h":17.02,"canopy_pct":12.8,"veg_pct":58.8}},{"type":"Feature","geometry":{"type":"Polygon","coordinates":[[[13.55469178,52.40248279],[13.55750343,52.39997538],[13.56014968,52.40108979],[13.56385679,52.40172483],[13.57038109,52.40389294],[13.57209349,52.40467541],[13.57296974,52.40553509],[13.57347883,52.40677918],[13.57340068,52.40844145],[13.57300551,52.40976134],[13.57215872,52.41079176],[13.57324046,52.41175468],[13.57280356,52.41296694],[13.568667,52.41573422],[13.56707102,52.41361429],[13.5616391,52.4087867],[13.55551363,52.40487336],[13.55476999,52.4041905],[13.55444885,52.40335143],[13.55469178,52.40248279]]]},"properties":{"plr_id":"09301024","plr_name":"Falkenberg","bzr_name":"Bohnsdorf","pgr_name":"Treptow-Köpenick 3","bez_id":"09","bez_name":"Treptow-Köpenick","ew":3776,"mss_status_index":2,"mss_status_class":"mittel","mss_valid":true,"pet14h":36.81,"t2m04h":17.06,"canopy_pct":20.7,"veg_pct":61.2}},{"type":"Feature","geometry":{"type":"Polygon","coordinates":[[[13.56415706,52.38813535],[13.57437117,52.39011536],[13.58289613,52.39145907],[13.59280208,52.39383474],[13.59267621,52.39437861],[13.5932572,52.39561326],[13.59299214,52.39608093],[13.5931183,52.39672843],[13.59299384,52.39690487],[13.59034706,52.39717234],[13.58864068,52.39954916],[13.58640864,52.39933955],[13.58430026,52.40133261],[13.58682686,52.4035265],[13.58192892,52.40637389],[13.58163123,52.40622433],[13.57750621,52.40897071],[13.57488514,52.40932802],[13.57324046,52.41175468],[13.57215872,52.41079176],[13.57300551,52.40976134],[13.57340068,52.40844145],[13.57347883,52.40677918],[13.57287545,52.40540548],[13.57164837,52.40439185],[13.56385679,52.40172483],[13.55958769,52.4009296],[13.55750343,52.39997538],[13.55457441,52.40269846],[13.5545364,52.40376754],[13.55536171,52.40478035],[13.55305072,52.40321226],[13.55217817,52.40436922],[13.54977246,52.40207113],[13.54608724,52.40055288],[13.54333016,52.3996709],[13.53873792,52.39895679],[13.53750871,52.39899264],[13.53707533,52.39825172],[13.53720976,52.39803722],[13.5363056,52.3978233],[13.53669269,52.39721019],[13.53582991,52.39561833],[13.53510298,52.39330815],[13.53482459,52.39077224],[13.53549219,52.38899096],[13.56415706,52.38813535]]]},"properties":{"plr_id":"09301025","plr_name":"Alt-Bohnsdorf","bzr_name":"Bohnsdorf","pgr_name":"Treptow-Köpenick 3","bez_id":"09","bez_name":"Treptow-Köpenick","ew":11919,"mss_status_index":2,"mss_status_class":"mittel","mss_valid":true,"pet14h":38.6,"t2m04h":16.51,"canopy_pct":11.8,"veg_pct":62.0}},{"type":"Feature","geometry":{"type":"Polygon","coordinates":[[[13.57584314,52.42837729],[13.55425222,52.42570828],[13.56600871,52.41736108],[13.57280356,52.41296694],[13.57316098,52.41182785],[13.57488514,52.40932802],[13.57750621,52.40897071],[13.58163123,52.40622433],[13.58192892,52.40637389],[13.58682686,52.4035265],[13.58430026,52.40133261],[13.58642234,52.39933383],[13.58864068,52.39954916],[13.59034706,52.39717234],[13.59299384,52.39690487],[13.59299214,52.39608093],[13.5932572,52.39561326],[13.59267621,52.39437861],[13.59269519,52.39381299],[13.59414109,52.39244184],[13.59367609,52.38995954],[13.59431535,52.38892011],[13.59501863,52.38894352],[13.59520347,52.38874419],[13.59496533,52.38720989],[13.59611988,52.38598471],[13.59938312,52.38540515],[13.60047447,52.38431715],[13.60300326,52.38284122],[13.60371844,52.38166589],[13.60485916,52.38094425],[13.60639778,52.37911789],[13.61452706,52.38613105],[13.60992743,52.38812316],[13.62086871,52.39746823],[13.61983224,52.39810828],[13.62024209,52.39855078],[13.62145127,52.39871316],[13.62194274,52.39839903],[13.62496595,52.40098702],[13.62565443,52.40016875],[13.6290679,52.40069108],[13.62954997,52.3999163],[13.63068085,52.39949559],[13.63312202,52.40076939],[13.62792904,52.40404684],[13.62745467,52.40468725],[13.62648558,52.40747064],[13.62561716,52.40835222],[13.62408601,52.40913618],[13.62309486,52.40924756],[13.61420819,52.40871948],[13.60549958,52.41105484],[13.60031643,52.41320084],[13.59619255,52.41308749],[13.59190499,52.41239123],[13.58970468,52.412705],[13.58741392,52.41354516],[13.58569655,52.41459096],[13.5847025,52.41583248],[13.58453818,52.41676306],[13.58488045,52.41849347],[13.58477107,52.41945028],[13.5841636,52.4204604],[13.58222321,52.42223443],[13.58187566,52.42438746],[13.58153001,52.4251604],[13.58026372,52.42641342],[13.57838293,52.42743481],[13.57584314,52.42837729]]]},"properties":{"plr_id":"09301126","plr_name":"Grünau","bzr_name":"Grünau","pgr_name":"Treptow-Köpenick 3","bez_id":"09","bez_name":"Treptow-Köpenick","ew":8376,"mss_status_index":1,"mss_status_class":"hoch","mss_valid":true,"pet14h":28.21,"t2m04h":17.7,"canopy_pct":60.6,"veg_pct":76.2}},{"type":"Feature","geometry":{"type":"Polygon","coordinates":[[[13.63961786,52.38241687],[13.64269227,52.38426817],[13.64165029,52.38491962],[13.64145247,52.38552732],[13.64899595,52.38536013],[13.64841521,52.38583945],[13.64509249,52.39265124],[13.64268779,52.39550737],[13.6414505,52.39625191],[13.63921186,52.39697105],[13.63312202,52.40076939],[13.63068085,52.39949559],[13.62954997,52.3999163],[13.6290679,52.40069108],[13.62565443,52.40016875],[13.62496595,52.40098702],[13.62194274,52.39839903],[13.62145127,52.39871316],[13.62024209,52.39855078],[13.61983224,52.39810828],[13.62087432,52.39747538],[13.61645933,52.39369673],[13.63369138,52.38622606],[13.63961786,52.38241687]]]},"properties":{"plr_id":"09301227","plr_name":"Karolinenhof","bzr_name":"Schmöckwitz","pgr_name":"Treptow-Köpenick 3","bez_id":"09","bez_name":"Treptow-Köpenick","ew":1852,"mss_status_index":1,"mss_status_class":"hoch","mss_valid":true,"pet14h":29.77,"t2m04h":17.43,"canopy_pct":41.9,"veg_pct":58.1}},{"type":"Feature","geometry":{"type":"Polygon","coordinates":[[[13.63682453,52.34522776],[13.63870383,52.34319324],[13.64085844,52.34188354],[13.64281713,52.33994125],[13.64449559,52.33991602],[13.64550792,52.33878507],[13.64744067,52.33827231],[13.64884859,52.33833964],[13.65094473,52.33894593],[13.6516946,52.33946701],[13.65115362,52.34260494],[13.65230073,52.34385117],[13.65329762,52.34555691],[13.65611357,52.34781381],[13.65600923,52.3484767],[13.65677222,52.34961369],[13.65708631,52.35161442],[13.6589843,52.35235919],[13.65916414,52.35264151],[13.65896673,52.35280926],[13.65957116,52.35330822],[13.662023,52.35421427],[13.66222336,52.35442379],[13.66198618,52.35460692],[13.66268592,52.35508184],[13.66244729,52.35527603],[13.66243865,52.35586161],[13.66300428,52.3568941],[13.66363468,52.35740759],[13.66490537,52.35812667],[13.66620228,52.3580893],[13.66575023,52.35962646],[13.66666438,52.36236136],[13.66847756,52.36420985],[13.67000895,52.36477061],[13.67118273,52.36648206],[13.67542049,52.36768085],[13.67920872,52.36944529],[13.68215133,52.36963978],[13.68475336,52.36881615],[13.68722146,52.36730208],[13.68891757,52.36741255],[13.68952954,52.36766098],[13.68926319,52.36784562],[13.68999214,52.36785521],[13.69220261,52.36720875],[13.6914261,52.36748903],[13.69127663,52.36777758],[13.69308316,52.36797797],[13.69267862,52.36882188],[13.69285328,52.3691782],[13.69509048,52.37070269],[13.69829108,52.37371369],[13.69995661,52.37558991],[13.70061977,52.37719264],[13.70040575,52.37750668],[13.69942249,52.37751358],[13.69929272,52.37773616],[13.69720939,52.37743775],[13.69883463,52.38150098],[13.69516534,52.38095493],[13.6897213,52.38325435],[13.68791479,52.38295346],[13.68731113,52.38332296],[13.68706084,52.38387967],[13.68617931,52.38386265],[13.68664513,52.3850279],[13.68683115,52.3853045],[13.68759306,52.38516961],[13.68802482,52.38607253],[13.68887103,52.38503301],[13.69060555,52.38549759],[13.69541806,52.38888155],[13.69596841,52.38898379],[13.69734258,52.38992178],[13.69786428,52.39096249],[13.69765299,52.39112213],[13.69826904,52.39177141],[13.69901383,52.39191251],[13.69841942,52.39113912],[13.69839622,52.39074896],[13.69869962,52.39059624],[13.69925388,52.39077676],[13.7001503,52.39114527],[13.7023476,52.39332823],[13.70329314,52.3932647],[13.70448535,52.39353834],[13.70545284,52.39407664],[13.70655556,52.39511954],[13.70857168,52.3953254],[13.70985197,52.39637416],[13.70947641,52.3968448],[13.70855194,52.39656734],[13.70488471,52.39660066],[13.70313407,52.39705663],[13.70192096,52.398088],[13.69333119,52.39391938],[13.68391802,52.39151236],[13.68101738,52.39040799],[13.67990124,52.38974471],[13.6792901,52.38907758],[13.67904879,52.38826653],[13.67920389,52.38706195],[13.67900163,52.38677405],[13.67183964,52.3851018],[13.67120812,52.38462627],[13.66954486,52.38215571],[13.65742062,52.3805198],[13.65616477,52.38145183],[13.65484375,52.38174655],[13.64899595,52.38536013],[13.64145247,52.38552732],[13.64165029,52.38491962],[13.64269227,52.38426817],[13.63961786,52.38241687],[13.63369138,52.38622606],[13.61645933,52.39369673],[13.60992743,52.38812316],[13.61452706,52.38613105],[13.60640006,52.37915457],[13.60632603,52.37860615],[13.60546959,52.37797311],[13.60650794,52.37675469],[13.60680855,52.37602843],[13.60659369,52.37494408],[13.60581976,52.37362358],[13.60736459,52.37397811],[13.62851373,52.38135588],[13.633223,52.37624355],[13.6426785,52.37750906],[13.64284279,52.37258341],[13.64253477,52.37143235],[13.64209775,52.37081034],[13.64683071,52.37015639],[13.64686614,52.36895341],[13.64726475,52.36801917],[13.64718997,52.3670166],[13.6466966,52.36576288],[13.64609903,52.36527454],[13.64114412,52.36309669],[13.64024098,52.36193337],[13.63908515,52.36098125],[13.63843542,52.35973522],[13.63871904,52.35875294],[13.63813662,52.35709485],[13.63779315,52.34821344],[13.63670104,52.34814371],[13.63631847,52.34681667],[13.63682453,52.34522776]]]},"properties":{"plr_id":"09301228","plr_name":"Schmöckwitz/Rauchfangswerder","bzr_name":"Schmöckwitz","pgr_name":"Treptow-Köpenick 3","bez_id":"09","bez_name":"Treptow-Köpenick","ew":2635,"mss_status_index":1,"mss_status_class":"hoch","mss_valid":true,"pet14h":26.74,"t2m04h":17.69,"canopy_pct":55.5,"veg_pct":67.4}},{"type":"Feature","geometry":{"type":"Polygon","coordinates":[[[13.61571552,52.42972231],[13.58664584,52.441082],[13.58620866,52.44079064],[13.58750201,52.43926169],[13.58723107,52.43907853],[13.5790481,52.43892686],[13.57838444,52.43871315],[13.57283946,52.43881077],[13.57312371,52.43834712],[13.57214766,52.43835062],[13.57312627,52.43833116],[13.5744366,52.43749084],[13.574684,52.43682562],[13.57231842,52.43494567],[13.57181594,52.43412471],[13.57197035,52.43323392],[13.5724013,52.43307313],[13.5720933,52.43298749],[13.57214858,52.43242562],[13.57280242,52.43150222],[13.57375482,52.43102996],[13.57347167,52.43082481],[13.57378965,52.43097125],[13.57412245,52.42900821],[13.57354385,52.42852295],[13.57283058,52.42833247],[13.57297433,52.42808752],[13.57717612,52.42859098],[13.58064337,52.42799222],[13.58171368,52.42704437],[13.58230632,52.4269328],[13.5831531,52.42634909],[13.58386221,52.42498904],[13.58320769,52.42486584],[13.58327962,52.42453596],[13.58297164,52.42446704],[13.58381267,52.42452605],[13.58385168,52.42433073],[13.58314686,52.42423287],[13.58376687,52.42427596],[13.58419275,52.42399255],[13.58357964,52.42293092],[13.58540297,52.42174521],[13.59288641,52.42251394],[13.59309159,52.42191525],[13.5965539,52.42242643],[13.59714218,52.42200094],[13.59711718,52.4217105],[13.59526124,52.42146003],[13.59497384,52.42121408],[13.59669326,52.42004645],[13.59587415,52.4195669],[13.59673705,52.41967239],[13.59536811,52.4193793],[13.59649312,52.41834162],[13.59528849,52.41889658],[13.59450942,52.41884795],[13.59395017,52.41827886],[13.59468281,52.41675748],[13.59548187,52.41621162],[13.59528949,52.41570603],[13.59559434,52.41522731],[13.59604496,52.41547847],[13.59706871,52.41513494],[13.59706109,52.41484923],[13.59791045,52.41501606],[13.59775849,52.41553458],[13.59870441,52.4157002],[13.5988737,52.41516079],[13.59944679,52.41531419],[13.59932724,52.41563215],[13.60128592,52.41530998],[13.60191175,52.41474371],[13.60086425,52.41306255],[13.60549958,52.41105484],[13.61390835,52.40876872],[13.62315465,52.4092496],[13.62429722,52.40906676],[13.6256625,52.40832001],[13.62648558,52.40747064],[13.6274376,52.40472839],[13.62784743,52.40412678],[13.63139608,52.40184039],[13.63699593,52.40395002],[13.64148055,52.40480146],[13.64527374,52.40686377],[13.64733948,52.40899887],[13.64500324,52.40995249],[13.64407558,52.40965691],[13.64460231,52.40988869],[13.64798426,52.41669889],[13.65083563,52.41672908],[13.65287967,52.41601201],[13.6531141,52.41645986],[13.65691903,52.4182448],[13.66128826,52.41831241],[13.662305,52.41926443],[13.66275649,52.42042708],[13.66295741,52.42187968],[13.6637377,52.4226877],[13.66700981,52.42464888],[13.66807255,52.42573061],[13.67012025,52.42649198],[13.67130362,52.42726163],[13.67153397,52.42841932],[13.6722969,52.42953909],[13.67208326,52.43004759],[13.67280936,52.43067702],[13.67247471,52.43143614],[13.67319118,52.43145677],[13.67528212,52.43052448],[13.67797985,52.43049668],[13.67805796,52.43071289],[13.67607746,52.43304511],[13.67476218,52.43400488],[13.67459547,52.43394771],[13.67481819,52.43365801],[13.6746027,52.43354833],[13.62485255,52.44438265],[13.62508837,52.44417759],[13.62489612,52.44366471],[13.62245839,52.4416293],[13.62197279,52.43967991],[13.62093451,52.43793382],[13.62041057,52.43551454],[13.62074438,52.43228941],[13.61842984,52.43046359],[13.61571552,52.42972231]]]},"properties":{"plr_id":"09401329","plr_name":"Kietzer Feld/Nachtheide","bzr_name":"Köpenick Süd","pgr_name":"Treptow-Köpenick 4","bez_id":"09","bez_name":"Treptow-Köpenick","ew":11009,"mss_status_index":2,"mss_status_class":"mittel","mss_valid":true,"pet14h":27.76,"t2m04h":17.69,"canopy_pct":50.8,"veg_pct":62.4}},{"type":"Feature","geometry":{"type":"Polygon","coordinates":[[[13.57584314,52.42837729],[13.57928799,52.42702544],[13.58139057,52.42535868],[13.58186127,52.42444677],[13.58222321,52.42223443],[13.5841636,52.4204604],[13.58477107,52.41945028],[13.58488045,52.41849347],[13.58453818,52.41676306],[13.5847025,52.41583248],[13.58562824,52.41465008],[13.58706388,52.41372326],[13.58981641,52.4126773],[13.59260583,52.41239644],[13.59668613,52.41313138],[13.59916236,52.41327855],[13.60086425,52.41306255],[13.60191175,52.41474371],[13.60128592,52.41530998],[13.59975214,52.41561401],[13.59932724,52.41563215],[13.59944679,52.41531419],[13.5988737,52.41516079],[13.59870441,52.4157002],[13.59775849,52.41553458],[13.59791045,52.41501606],[13.59706109,52.41484923],[13.59706871,52.41513494],[13.59661691,52.41532395],[13.59604496,52.41547847],[13.59559434,52.41522731],[13.5953767,52.41542936],[13.59548187,52.41621162],[13.59468281,52.41675748],[13.59395017,52.41827886],[13.59450942,52.41884795],[13.59528849,52.41889658],[13.59649312,52.41834162],[13.59536811,52.4193793],[13.59673705,52.41967239],[13.59587415,52.4195669],[13.59669326,52.42004645],[13.59497384,52.42121408],[13.59526124,52.42146003],[13.59711196,52.42170658],[13.59719119,52.42192881],[13.59672311,52.42234528],[13.59309159,52.42191525],[13.59288641,52.42251394],[13.58540297,52.42174521],[13.58357964,52.42293092],[13.58413567,52.42367542],[13.58417977,52.42408917],[13.58314686,52.42423287],[13.58385168,52.42433073],[13.58381267,52.42452605],[13.58297164,52.42446704],[13.58327962,52.42453596],[13.58320769,52.42486584],[13.58386221,52.42498904],[13.58293511,52.42651911],[13.58171368,52.42704437],[13.58019512,52.42814148],[13.57717612,52.42859098],[13.57584314,52.42837729]]]},"properties":{"plr_id":"09401330","plr_name":"Wendenschloß","bzr_name":"Köpenick Süd","pgr_name":"Treptow-Köpenick 4","bez_id":"09","bez_name":"Treptow-Köpenick","ew":1916,"mss_status_index":1,"mss_status_class":"hoch","mss_valid":true,"pet14h":32.45,"t2m04h":17.32,"canopy_pct":22.1,"veg_pct":41.5}},{"type":"Feature","geometry":{"type":"Polygon","coordinates":[[[13.59307347,52.44120223],[13.59354826,52.4472413],[13.5930856,52.44901334],[13.58976982,52.44897217],[13.5881567,52.44872034],[13.58603117,52.4476324],[13.58515641,52.44640412],[13.58455542,52.44611877],[13.58380175,52.44614651],[13.58486609,52.44523968],[13.5841126,52.44559689],[13.58363924,52.44614147],[13.58252591,52.44570276],[13.58253893,52.44551746],[13.58447426,52.44471747],[13.58487261,52.44420758],[13.58335631,52.44338492],[13.58268201,52.44281228],[13.58281348,52.44259227],[13.58686621,52.44092511],[13.59307347,52.44120223]]]},"properties":{"plr_id":"09401431","plr_name":"Allende I","bzr_name":"Allende-Viertel","pgr_name":"Treptow-Köpenick 4","bez_id":"09","bez_name":"Treptow-Köpenick","ew":5992,"mss_status_index":2,"mss_status_class":"mittel","mss_valid":true,"pet14h":34.57,"t2m04h":17.56,"canopy_pct":20.3,"veg_pct":47.5}},{"type":"Feature","geometry":{"type":"Polygon","coordinates":[[[13.59307347,52.44120223],[13.61460357,52.4426226],[13.61464588,52.44457407],[13.61258984,52.44506851],[13.60740595,52.44737744],[13.60422762,52.44798718],[13.60194882,52.4489306],[13.5986454,52.44904938],[13.5961005,52.44950512],[13.5930856,52.44901334],[13.59354826,52.4472413],[13.59307347,52.44120223]]]},"properties":{"plr_id":"09401432","plr_name":"Siedlung Kämmereiheide","bzr_name":"Allende-Viertel","pgr_name":"Treptow-Köpenick 4","bez_id":"09","bez_name":"Treptow-Köpenick","ew":1572,"mss_status_index":2,"mss_status_class":"mittel","mss_valid":true,"pet14h":29.75,"t2m04h":17.67,"canopy_pct":59.8,"veg_pct":78.4}},{"type":"Feature","geometry":{"type":"Polygon","coordinates":[[[13.61571552,52.42972231],[13.61842984,52.43046359],[13.62074438,52.43228941],[13.62041057,52.43551454],[13.62093451,52.43793382],[13.62197279,52.43967991],[13.62245839,52.4416293],[13.62489612,52.44366471],[13.62508837,52.44417759],[13.62485255,52.44438265],[13.62288881,52.44411617],[13.62254386,52.44387247],[13.62088713,52.44411628],[13.61893854,52.44327767],[13.61780669,52.44315979],[13.61464588,52.44457407],[13.61460357,52.4426226],[13.58685804,52.44091571],[13.61571552,52.42972231]]]},"properties":{"plr_id":"09401433","plr_name":"Allende II","bzr_name":"Allende-Viertel","pgr_name":"Treptow-Köpenick 4","bez_id":"09","bez_name":"Treptow-Köpenick","ew":4478,"mss_status_index":2,"mss_status_class":"mittel","mss_valid":true,"pet14h":26.59,"t2m04h":17.73,"canopy_pct":75.6,"veg_pct":89.5}},{"type":"Feature","geometry":{"type":"Polygon","coordinates":[[[13.58664584,52.441082],[13.58268201,52.44281228],[13.58335631,52.44338492],[13.58487261,52.44420758],[13.58232036,52.445444],[13.58098902,52.44573515],[13.57917545,52.44504179],[13.58032172,52.44564477],[13.57980722,52.44668111],[13.57972495,52.44756578],[13.57743209,52.44830373],[13.57571319,52.44803223],[13.5751255,52.44839247],[13.57446469,52.44825567],[13.57466912,52.44758501],[13.57364125,52.44629152],[13.57279915,52.44470809],[13.57228866,52.44437057],[13.57019647,52.44411085],[13.57057166,52.44182486],[13.57146958,52.44037508],[13.57283946,52.43881077],[13.57838444,52.43871315],[13.5790481,52.43892686],[13.58723107,52.43907853],[13.58750201,52.43926169],[13.58620866,52.44079064],[13.58664584,52.441082]]]},"properties":{"plr_id":"09401534","plr_name":"Altstadt Köpenick","bzr_name":"Altstadt Köpenick","pgr_name":"Treptow-Köpenick 4","bez_id":"09","bez_name":"Treptow-Köpenick","ew":7494,"mss_status_index":2,"mss_status_class":"mittel","mss_valid":true,"pet14h":35.31,"t2m04h":18.45,"canopy_pct":15.9,"veg_pct":28.2}},{"type":"Feature","geometry":{"type":"Polygon","coordinates":[[[13.63139608,52.40184039],[13.63921186,52.39697105],[13.64127793,52.3963225],[13.64253724,52.39564306],[13.64512557,52.39259763],[13.64862701,52.38562299],[13.65484375,52.38174655],[13.65616477,52.38145183],[13.65742062,52.3805198],[13.66954486,52.38215571],[13.67120812,52.38462627],[13.67183964,52.3851018],[13.67900163,52.38677405],[13.67920389,52.38706195],[13.67904879,52.38826653],[13.6792901,52.38907758],[13.67990124,52.38974471],[13.68101738,52.39040799],[13.68391802,52.39151236],[13.69333119,52.39391938],[13.70192096,52.398088],[13.70313407,52.39705663],[13.70488471,52.39660066],[13.70855194,52.39656734],[13.70947641,52.3968448],[13.71017947,52.39619362],[13.71206749,52.39752879],[13.71359366,52.39799667],[13.71412733,52.39883242],[13.71586982,52.39969392],[13.7169775,52.39963881],[13.71756661,52.39892667],[13.71805238,52.39881897],[13.71878441,52.39876157],[13.71984283,52.39906936],[13.72278924,52.39825703],[13.72464208,52.39884755],[13.72544366,52.39970449],[13.7264369,52.39960677],[13.7274506,52.40023256],[13.72886011,52.39977016],[13.72897162,52.40009115],[13.7294078,52.40020247],[13.72979028,52.39972171],[13.7302913,52.39966861],[13.73130556,52.40007833],[13.73426981,52.40213497],[13.73416358,52.40334315],[13.73536065,52.40598369],[13.73797522,52.40671835],[13.73903466,52.40733566],[13.73791097,52.40846813],[13.73717014,52.40964177],[13.73584691,52.41029866],[13.73461121,52.41057116],[13.73334795,52.41248282],[13.72991082,52.41583857],[13.72980603,52.41634461],[13.73005473,52.41703426],[13.73135334,52.41910022],[13.73142365,52.41982207],[13.73082965,52.41959777],[13.7302711,52.41981083],[13.72992129,52.41919338],[13.73007412,52.41827043],[13.72977308,52.41794218],[13.72813294,52.41743791],[13.72680547,52.41665354],[13.72659249,52.41683991],[13.72517052,52.4163624],[13.723894,52.41697829],[13.72263898,52.41799295],[13.72081989,52.41855643],[13.71978574,52.42131718],[13.71768464,52.42275521],[13.71557392,52.42481535],[13.71441558,52.42549139],[13.71264809,52.42575711],[13.70858012,52.42552709],[13.70515175,52.42608254],[13.70208236,52.42618015],[13.69800625,52.42882227],[13.69622896,52.42938799],[13.69313515,52.42978045],[13.69019013,52.42989082],[13.68700044,52.42892848],[13.68545622,52.42870004],[13.68181272,52.42929918],[13.68022212,52.42902384],[13.67910956,52.42914224],[13.67680998,52.42835275],[13.67447497,52.42862464],[13.6722969,52.42953909],[13.67153397,52.42841932],[13.67130362,52.42726163],[13.67012025,52.42649198],[13.66807255,52.42573061],[13.66700981,52.42464888],[13.66372014,52.42267162],[13.66295741,52.42187968],[13.66275649,52.42042708],[13.662305,52.41926443],[13.66128826,52.41831241],[13.65691903,52.4182448],[13.6531141,52.41645986],[13.65287967,52.41601201],[13.65083563,52.41672908],[13.64798426,52.41669889],[13.64460231,52.40988869],[13.64407558,52.40965691],[13.64500324,52.40995249],[13.64733948,52.40899887],[13.64527374,52.40686377],[13.64433289,52.4061949],[13.64148055,52.40480146],[13.63699593,52.40395002],[13.63139608,52.40184039]]]},"properties":{"plr_id":"09401635","plr_name":"Müggelheim","bzr_name":"Müggelheim","pgr_name":"Treptow-Köpenick 4","bez_id":"09","bez_name":"Treptow-Köpenick","ew":7059,"mss_status_index":1,"mss_status_class":"hoch","mss_valid":true,"pet14h":28.2,"t2m04h":17.07,"canopy_pct":57.9,"veg_pct":84.9}},{"type":"Feature","geometry":{"type":"Polygon","coordinates":[[[13.62485255,52.44438265],[13.62586018,52.44481162],[13.62577357,52.44514382],[13.62433877,52.44559676],[13.62323294,52.44567186],[13.62062939,52.44557506],[13.6178296,52.44498873],[13.61623886,52.44568932],[13.61675769,52.44676918],[13.61704598,52.45098069],[13.61675412,52.45103309],[13.61701573,52.45524861],[13.62536132,52.45708942],[13.62857782,52.46911104],[13.6248007,52.47014254],[13.62470905,52.46905654],[13.62520979,52.46874554],[13.62290505,52.46878387],[13.62260812,52.46806061],[13.62294124,52.46792394],[13.62268052,52.46779025],[13.62337634,52.4667122],[13.6227581,52.46645274],[13.62134998,52.46664308],[13.62055707,52.46626281],[13.61978201,52.46482956],[13.61982945,52.4640751],[13.62037526,52.46351493],[13.61951127,52.46317814],[13.6192787,52.46272312],[13.61844103,52.46292176],[13.61810067,52.46245348],[13.61689121,52.4621236],[13.61700452,52.46247247],[13.61643709,52.46252858],[13.61571569,52.46212699],[13.61576358,52.4617753],[13.61477742,52.46173814],[13.61439443,52.4614432],[13.61394815,52.46169935],[13.61330742,52.46120713],[13.61185281,52.46125576],[13.61090602,52.4604273],[13.60932302,52.46030926],[13.60876374,52.46064221],[13.60817315,52.46030422],[13.60770543,52.4603488],[13.60586668,52.45898032],[13.60711545,52.45828365],[13.603947,52.45829756],[13.60335355,52.45811906],[13.60353427,52.45882555],[13.59705279,52.45901099],[13.59712,52.45691067],[13.59663284,52.4568126],[13.59741303,52.45592349],[13.59737962,52.45378386],[13.59594381,52.45359821],[13.59583029,52.45313948],[13.59483566,52.45321487],[13.59520438,52.45250123],[13.59445434,52.45181043],[13.59428181,52.45133194],[13.59438971,52.45054518],[13.59454973,52.45030764],[13.594847,52.45035857],[13.5949514,52.44932273],[13.59642312,52.44949308],[13.5986454,52.44904938],[13.60194882,52.4489306],[13.60422762,52.44798718],[13.60740595,52.44737744],[13.61258984,52.44506851],[13.6148506,52.44453041],[13.61770207,52.44316588],[13.61893854,52.44327767],[13.62088713,52.44411628],[13.62254386,52.44387247],[13.62288881,52.44411617],[13.62485255,52.44438265]]]},"properties":{"plr_id":"09501736","plr_name":"Hirschgarten","bzr_name":"Friedrichshagen","pgr_name":"Treptow-Köpenick 5","bez_id":"09","bez_name":"Treptow-Köpenick","ew":4677,"mss_status_index":2,"mss_status_class":"mittel","mss_valid":true,"pet14h":31.8,"t2m04h":16.94,"canopy_pct":38.1,"veg_pct":67.6}},{"type":"Feature","geometry":{"type":"Polygon","coordinates":[[[13.62485255,52.44438265],[13.656751,52.43744292],[13.66236451,52.44728721],[13.66946451,52.47328382],[13.66755894,52.47373851],[13.66723916,52.47428547],[13.66433153,52.47369465],[13.66265185,52.47375825],[13.65836355,52.47500181],[13.65546429,52.47664552],[13.64830565,52.4787309],[13.64321538,52.47922279],[13.64256712,52.47870552],[13.63614982,52.47614565],[13.63104085,52.47502703],[13.62818068,52.47354407],[13.62534119,52.47369849],[13.6248007,52.47014254],[13.62857782,52.46911104],[13.62536132,52.45708942],[13.61701573,52.45524861],[13.61675412,52.45103309],[13.61704598,52.45098069],[13.61675769,52.44676918],[13.61623886,52.44568932],[13.6178296,52.44498873],[13.62062939,52.44557506],[13.62323294,52.44567186],[13.62433877,52.44559676],[13.62577357,52.44514382],[13.62586018,52.44481162],[13.62485255,52.44438265]]]},"properties":{"plr_id":"09501737","plr_name":"Alt-Friedrichshagen","bzr_name":"Friedrichshagen","pgr_name":"Treptow-Köpenick 5","bez_id":"09","bez_name":"Treptow-Köpenick","ew":14359,"mss_status_index":2,"mss_status_class":"mittel","mss_valid":true,"pet14h":28.08,"t2m04h":17.8,"canopy_pct":61.1,"veg_pct":73.1}},{"type":"Feature","geometry":{"type":"Polygon","coordinates":[[[13.72280205,52.4368253],[13.72280789,52.43714378],[13.72746439,52.43503241],[13.73142977,52.43380268],[13.73819633,52.43296237],[13.73827628,52.43329079],[13.74288586,52.43293773],[13.7440722,52.43807057],[13.75050568,52.44148205],[13.75630431,52.44161296],[13.75444734,52.43668081],[13.75998802,52.43617029],[13.76115913,52.43770854],[13.75531817,52.43841779],[13.75708482,52.44296163],[13.75437941,52.4432796],[13.75644215,52.44617419],[13.7553945,52.44600201],[13.75503707,52.44654397],[13.75348556,52.44758718],[13.74924824,52.44866842],[13.74478813,52.44923639],[13.74330221,52.44893788],[13.73775947,52.4496422],[13.73560896,52.4502561],[13.73556129,52.4506083],[13.73435073,52.4507365],[13.7327157,52.45036011],[13.72908022,52.45078309],[13.72058087,52.45674899],[13.71596367,52.46291583],[13.71151917,52.46329161],[13.70570054,52.4655587],[13.70191339,52.46753366],[13.70125946,52.46822259],[13.6990801,52.46827786],[13.70209644,52.46436555],[13.70256176,52.46331277],[13.70335978,52.46004403],[13.70525925,52.45986726],[13.70558826,52.45769888],[13.70524248,52.45561589],[13.70461453,52.45475976],[13.69834784,52.45525981],[13.69867467,52.45647697],[13.69848632,52.4572877],[13.69769101,52.45849601],[13.69753203,52.46048286],[13.69707961,52.46173302],[13.6956157,52.46400209],[13.69535324,52.46401928],[13.69543342,52.46418463],[13.68983054,52.46501223],[13.6865652,52.46513795],[13.68277442,52.46606881],[13.68016404,52.46782794],[13.67864421,52.46923565],[13.67641077,52.47002235],[13.66946451,52.47328382],[13.66236451,52.44728721],[13.656751,52.43744292],[13.6746027,52.43354833],[13.67481819,52.43365801],[13.67459664,52.43395762],[13.67478746,52.43399572],[13.67607746,52.43304511],[13.67805796,52.43071289],[13.67797985,52.43049668],[13.67528212,52.43052448],[13.67319118,52.43145677],[13.67247471,52.43143614],[13.67282235,52.43073425],[13.67210194,52.43008691],[13.67226371,52.429574],[13.67459207,52.42859449],[13.67691576,52.42835663],[13.67907437,52.42913825],[13.68037848,52.42903323],[13.68176856,52.42930048],[13.68545622,52.42870004],[13.68700044,52.42892848],[13.69007158,52.42987063],[13.6921417,52.42987556],[13.69697743,52.42922002],[13.69846661,52.42857334],[13.70208236,52.42618015],[13.70515175,52.42608254],[13.70858012,52.42552709],[13.71264809,52.42575711],[13.71420111,52.42555778],[13.71557392,52.42481535],[13.71768464,52.42275521],[13.71978574,52.42131718],[13.72081989,52.41855643],[13.72263898,52.41799295],[13.723894,52.41697829],[13.72517052,52.4163624],[13.72659249,52.41683991],[13.72680547,52.41665354],[13.72813294,52.41743791],[13.72979274,52.41795659],[13.73007412,52.41827043],[13.72992129,52.41919338],[13.7302711,52.41981083],[13.73081961,52.41959817],[13.73139728,52.41973027],[13.73106944,52.42050973],[13.7376593,52.42669422],[13.74076738,52.42642045],[13.74127504,52.42676516],[13.7417253,52.42819544],[13.73894203,52.42885531],[13.73937556,52.42952255],[13.7401045,52.43247281],[13.73415257,52.43309862],[13.73062962,52.43373451],[13.7272198,52.43481093],[13.72280205,52.4368253]]]},"properties":{"plr_id":"09501838","plr_name":"Rahnsdorf","bzr_name":"Rahnsdorf","pgr_name":"Treptow-Köpenick 5","bez_id":"09","bez_name":"Treptow-Köpenick","ew":11138,"mss_status_index":1,"mss_status_class":"hoch","mss_valid":true,"pet14h":27.89,"t2m04h":17.59,"canopy_pct":64.4,"veg_pct":79.2}},{"type":"Feature","geometry":{"type":"Polygon","coordinates":[[[13.57643197,52.45950181],[13.57269183,52.46065689],[13.57323117,52.45929485],[13.57264776,52.45919855],[13.57227277,52.45982638],[13.5712673,52.45943646],[13.57142059,52.45924279],[13.56696577,52.45793031],[13.56693175,52.45774418],[13.56457979,52.45690275],[13.56472052,52.45660469],[13.56271491,52.45673468],[13.55732989,52.45590612],[13.55738499,52.45436903],[13.55761217,52.45435439],[13.55771007,52.45312331],[13.56094695,52.45317621],[13.56306846,52.45346724],[13.56508565,52.45306118],[13.56807929,52.44959246],[13.56907447,52.44881215],[13.57163162,52.44786844],[13.57168864,52.44756164],[13.57015418,52.44466356],[13.57129723,52.44481362],[13.5713929,52.44438106],[13.57228866,52.44437057],[13.57282701,52.44474405],[13.57364125,52.44629152],[13.57466497,52.44757687],[13.57439957,52.44818299],[13.57482425,52.44834501],[13.574113,52.44956449],[13.57249476,52.45082665],[13.5725337,52.45103524],[13.57471279,52.45296416],[13.5758812,52.45298765],[13.57969853,52.45517136],[13.57960478,52.45567304],[13.58035082,52.45576064],[13.5807015,52.45828439],[13.57953767,52.45842899],[13.5797336,52.45883408],[13.57930969,52.45896669],[13.57643197,52.45950181]]]},"properties":{"plr_id":"09501939","plr_name":"Bahnhofstraße","bzr_name":"Dammvorstadt","pgr_name":"Treptow-Köpenick 5","bez_id":"09","bez_name":"Treptow-Köpenick","ew":6829,"mss_status_index":2,"mss_status_class":"mittel","mss_valid":true,"pet14h":34.82,"t2m04h":17.93,"canopy_pct":16.6,"veg_pct":33.6}},{"type":"Feature","geometry":{"type":"Polygon","coordinates":[[[13.59663284,52.4568126],[13.59712,52.45691067],[13.59705279,52.45901099],[13.58754202,52.45926975],[13.58023773,52.45895599],[13.57948702,52.45856852],[13.57990009,52.45830994],[13.5807015,52.45828439],[13.58035082,52.45576064],[13.57960478,52.45567304],[13.57969853,52.45517136],[13.5758812,52.45298765],[13.57742898,52.45274854],[13.57778667,52.4530884],[13.57994155,52.45394319],[13.58118517,52.45393046],[13.58418637,52.45448536],[13.59101138,52.45418295],[13.59311642,52.45382387],[13.59249865,52.45512266],[13.59696917,52.45641373],[13.59663284,52.4568126]]]},"properties":{"plr_id":"09501940","plr_name":"Güterbahnhof Köpenick","bzr_name":"Dammvorstadt","pgr_name":"Treptow-Köpenick 5","bez_id":"09","bez_name":"Treptow-Köpenick","ew":2759,"mss_status_index":2,"mss_status_class":"mittel","mss_valid":true,"pet14h":34.53,"t2m04h":17.77,"canopy_pct":26.2,"veg_pct":52.9}},{"type":"Feature","geometry":{"type":"Polygon","coordinates":[[[13.5949514,52.44932273],[13.594847,52.45035857],[13.59454973,52.45030764],[13.59438971,52.45054518],[13.5943105,52.45144947],[13.59520438,52.45250123],[13.59483566,52.45321487],[13.59583029,52.45313948],[13.59594381,52.45359821],[13.59737962,52.45378386],[13.59741303,52.45592349],[13.59696917,52.45641373],[13.59249865,52.45512266],[13.59311642,52.45382387],[13.58791311,52.45439265],[13.58300394,52.4543814],[13.58118517,52.45393046],[13.57994155,52.45394319],[13.57778667,52.4530884],[13.57742898,52.45274854],[13.57471279,52.45296416],[13.57248933,52.45092522],[13.5740917,52.44958817],[13.57482425,52.44834501],[13.57571319,52.44803223],[13.57744113,52.44830234],[13.57972495,52.44756578],[13.57980722,52.44668111],[13.58032172,52.44564477],[13.57917545,52.44504179],[13.58098902,52.44573515],[13.58232036,52.445444],[13.5846638,52.44438153],[13.58447426,52.44471747],[13.58253893,52.44551746],[13.58252591,52.44570276],[13.58363924,52.44614147],[13.5841126,52.44559689],[13.58486609,52.44523968],[13.58380175,52.44614651],[13.58455542,52.44611877],[13.58515641,52.44640412],[13.58604627,52.44764337],[13.58849785,52.44882216],[13.5930185,52.4490078],[13.5949514,52.44932273]]]},"properties":{"plr_id":"09501941","plr_name":"Friedrichshagener Straße","bzr_name":"Dammvorstadt","pgr_name":"Treptow-Köpenick 5","bez_id":"09","bez_name":"Treptow-Köpenick","ew":2937,"mss_status_index":2,"mss_status_class":"mittel","mss_valid":true,"pet14h":33.72,"t2m04h":17.6,"canopy_pct":20.9,"veg_pct":42.9}},{"type":"Feature","geometry":{"type":"Polygon","coordinates":[[[13.58754202,52.45926975],[13.60353427,52.45882555],[13.60335355,52.45811906],[13.603947,52.45829756],[13.60711545,52.45828365],[13.60586668,52.45898032],[13.60770543,52.4603488],[13.60817315,52.46030422],[13.60876374,52.46064221],[13.60932302,52.46030926],[13.61090602,52.4604273],[13.61185281,52.46125576],[13.61330742,52.46120713],[13.61394815,52.46169935],[13.61439443,52.4614432],[13.61477742,52.46173814],[13.61576358,52.4617753],[13.61571569,52.46212699],[13.61643709,52.46252858],[13.61700452,52.46247247],[13.61689121,52.4621236],[13.61810067,52.46245348],[13.61844103,52.46292176],[13.6192787,52.46272312],[13.61951127,52.46317814],[13.62037526,52.46351493],[13.61982945,52.4640751],[13.61978201,52.46482956],[13.62033597,52.46593816],[13.6219555,52.46700532],[13.62191918,52.4684862],[13.62102382,52.46849751],[13.62117176,52.47046258],[13.6171233,52.4712076],[13.61506895,52.46971504],[13.61212591,52.47051566],[13.61131288,52.4704772],[13.60815308,52.47109073],[13.60837557,52.47285479],[13.60306638,52.47279135],[13.59993909,52.47430547],[13.59874437,52.47351532],[13.59139865,52.47110778],[13.58773923,52.46878488],[13.58459623,52.46609416],[13.58410696,52.46335914],[13.58193955,52.46079925],[13.58008152,52.45912422],[13.58023773,52.45895599],[13.58315883,52.45897282],[13.58754202,52.45926975]]]},"properties":{"plr_id":"09502042","plr_name":"Mittelheide","bzr_name":"Köpenick Nord","pgr_name":"Treptow-Köpenick 5","bez_id":"09","bez_name":"Treptow-Köpenick","ew":4315,"mss_status_index":1,"mss_status_class":"hoch","mss_valid":true,"pet14h":28.56,"t2m04h":17.49,"canopy_pct":68.4,"veg_pct":88.1}},{"type":"Feature","geometry":{"type":"Polygon","coordinates":[[[13.57643197,52.45950181],[13.58020333,52.45879592],[13.58008152,52.45912422],[13.58193955,52.46079925],[13.58412897,52.4633937],[13.58459623,52.46609416],[13.58773923,52.46878488],[13.59139865,52.47110778],[13.59874437,52.47351532],[13.59993909,52.47430547],[13.58634152,52.48112162],[13.58187485,52.47997057],[13.57971608,52.48102414],[13.57511794,52.47947942],[13.57444097,52.47751983],[13.57383925,52.47697007],[13.57387021,52.47650126],[13.57342506,52.47679487],[13.57305588,52.47665542],[13.56772253,52.47458217],[13.56663326,52.47372302],[13.56567004,52.473599],[13.56512819,52.47395692],[13.5630935,52.47346666],[13.55964264,52.47324211],[13.54799117,52.47386636],[13.54847835,52.47331168],[13.5424358,52.473951],[13.55084791,52.47010808],[13.5528757,52.46964797],[13.5530536,52.46942859],[13.55258958,52.46886032],[13.55290531,52.46839496],[13.56150741,52.45870471],[13.56363032,52.45676963],[13.56472052,52.45660469],[13.56457979,52.45690275],[13.56693175,52.45774418],[13.56696577,52.45793031],[13.57142059,52.45924279],[13.5712673,52.45943646],[13.57227277,52.45982638],[13.57264776,52.45919855],[13.57323117,52.45929485],[13.57269183,52.46065689],[13.57643197,52.45950181]]]},"properties":{"plr_id":"09502043","plr_name":"Dammheide","bzr_name":"Köpenick Nord","pgr_name":"Treptow-Köpenick 5","bez_id":"09","bez_name":"Treptow-Köpenick","ew":9147,"mss_status_index":2,"mss_status_class":"mittel","mss_valid":true,"pet14h":30.69,"t2m04h":17.42,"canopy_pct":55.4,"veg_pct":78.0}},{"type":"Feature","geometry":{"type":"Polygon","coordinates":[[[13.54563252,52.56777268],[13.54462752,52.56694318],[13.54818817,52.5654889],[13.54944889,52.565957],[13.55432043,52.56449593],[13.55375529,52.56398021],[13.5579125,52.56268182],[13.56260779,52.5675826],[13.56628193,52.57185812],[13.56652219,52.571762],[13.56701646,52.57238987],[13.56640992,52.57239984],[13.56678208,52.5730507],[13.5638906,52.57205138],[13.54563252,52.56777268]]]},"properties":{"plr_id":"10100101","plr_name":"Marzahn West","bzr_name":"Marzahn Nord","pgr_name":"Marzahn","bez_id":"10","bez_name":"Marzahn-Hellersdorf","ew":5837,"mss_status_index":4,"mss_status_class":"sehr niedrig","mss_valid":true,"pet14h":36.66,"t2m04h":17.1,"canopy_pct":17.7,"veg_pct":62.7}},{"type":"Feature","geometry":{"type":"Polygon","coordinates":[[[13.57403044,52.56758406],[13.57535492,52.56893317],[13.57569091,52.56963197],[13.57475503,52.57199097],[13.57500497,52.57323336],[13.5746923,52.57383819],[13.57140849,52.57323603],[13.5690833,52.57336644],[13.56915885,52.57308242],[13.56857165,52.57310397],[13.56770477,52.57450911],[13.56614184,52.57301497],[13.56678208,52.5730507],[13.56640992,52.57239984],[13.56701646,52.57238987],[13.56510614,52.57048531],[13.57403044,52.56758406]]]},"properties":{"plr_id":"10100102","plr_name":"Rosenbecker Straße","bzr_name":"Marzahn Nord","pgr_name":"Marzahn","bez_id":"10","bez_name":"Marzahn-Hellersdorf","ew":3680,"mss_status_index":3,"mss_status_class":"niedrig","mss_valid":true,"pet14h":37.21,"t2m04h":17.72,"canopy_pct":16.2,"veg_pct":49.0}},{"type":"Feature","geometry":{"type":"Polygon","coordinates":[[[13.56313698,52.56140429],[13.57413623,52.56056054],[13.57485783,52.56032954],[13.57640158,52.56140791],[13.57534489,52.56156472],[13.57318306,52.56129023],[13.56964566,52.56144132],[13.57000779,52.56282374],[13.57403044,52.56758406],[13.56510614,52.57048531],[13.55818761,52.56300306],[13.56313698,52.56140429]]]},"properties":{"plr_id":"10100103","plr_name":"Wittenberger Straße","bzr_name":"Marzahn Nord","pgr_name":"Marzahn","bez_id":"10","bez_name":"Marzahn-Hellersdorf","ew":8110,"mss_status_index":3,"mss_status_class":"niedrig","mss_valid":true,"pet14h":35.73,"t2m04h":16.85,"canopy_pct":21.5,"veg_pct":63.2}},{"type":"Feature","geometry":{"type":"Polygon","coordinates":[[[13.58569514,52.55841864],[13.58488521,52.55908239],[13.58443136,52.55985696],[13.58432568,52.56126158],[13.58383054,52.56260671],[13.58393338,52.56376169],[13.58316812,52.56521307],[13.58310615,52.56598303],[13.58342845,52.56677511],[13.58334625,52.56774704],[13.58154211,52.57110609],[13.57788733,52.57112635],[13.57696816,52.57290182],[13.57497163,52.57383435],[13.57469001,52.57377979],[13.57500497,52.57323336],[13.57475503,52.57199097],[13.57560764,52.57021438],[13.57567139,52.56951475],[13.57442282,52.56780872],[13.57103969,52.56421711],[13.56993533,52.56269948],[13.56964566,52.56144132],[13.57318306,52.56129023],[13.57538723,52.56156431],[13.57792073,52.56116734],[13.58229705,52.55926475],[13.58522691,52.55834806],[13.58569514,52.55841864]]]},"properties":{"plr_id":"10100104","plr_name":"Golliner Straße","bzr_name":"Marzahn Nord","pgr_name":"Marzahn","bez_id":"10","bez_name":"Marzahn-Hellersdorf","ew":7521,"mss_status_index":4,"mss_status_class":"sehr niedrig","mss_valid":true,"pet14h":34.39,"t2m04h":16.47,"canopy_pct":26.6,"veg_pct":76.6}},{"type":"Feature","geometry":{"type":"Polygon","coordinates":[[[13.5339506,52.56038758],[13.52535565,52.55531844],[13.52723825,52.55227347],[13.53000733,52.54447116],[13.53057436,52.54352642],[13.53099236,52.54173609],[13.53189782,52.53952773],[13.53226495,52.53931467],[13.5312909,52.53889264],[13.53159318,52.5386],[13.53826173,52.5400066],[13.53905022,52.54046693],[13.54089109,52.54288798],[13.54590775,52.54839584],[13.55798107,52.56259388],[13.55375529,52.56398021],[13.55432043,52.56449593],[13.54944889,52.565957],[13.54818817,52.5654889],[13.54462752,52.56694318],[13.54247439,52.56617923],[13.54108057,52.56595711],[13.5339506,52.56038758]]]},"properties":{"plr_id":"10100205","plr_name":"Gewerbegebiet Bitterfelder Straße","bzr_name":"Marzahn Mitte","pgr_name":"Marzahn","bez_id":"10","bez_name":"Marzahn-Hellersdorf","ew":1221,"mss_status_index":null,"mss_status_class":"Planungsraum ohne Zuordnung","mss_valid":false,"pet14h":36.28,"t2m04h":16.88,"canopy_pct":18.1,"veg_pct":64.8}},{"type":"Feature","geometry":{"type":"Polygon","coordinates":[[[13.56805192,52.55538686],[13.57444612,52.55471074],[13.57595652,52.55856997],[13.57569332,52.55975531],[13.57413623,52.56056054],[13.56625549,52.56100453],[13.56313698,52.56140429],[13.55818761,52.56300306],[13.55389588,52.55775021],[13.55550356,52.5572861],[13.55528256,52.556976],[13.55808327,52.55607214],[13.55836451,52.55639892],[13.55985102,52.55602226],[13.56103643,52.55605789],[13.56081646,52.55581152],[13.5638454,52.55592745],[13.56395758,52.55623544],[13.56749284,52.55578617],[13.56805192,52.55538686]]]},"properties":{"plr_id":"10100206","plr_name":"Wuhletalstraße","bzr_name":"Marzahn Mitte","pgr_name":"Marzahn","bez_id":"10","bez_name":"Marzahn-Hellersdorf","ew":11809,"mss_status_index":2,"mss_status_class":"mittel","mss_valid":true,"pet14h":35.36,"t2m04h":17.52,"canopy_pct":22.4,"veg_pct":54.1}},{"type":"Feature","geometry":{"type":"Polygon","coordinates":[[[13.57485783,52.56032954],[13.57569332,52.55975531],[13.57599522,52.55874638],[13.57325427,52.55134431],[13.57215139,52.54786023],[13.57197484,52.54647735],[13.57483021,52.54716332],[13.57466236,52.5474309],[13.57768223,52.54818194],[13.57826767,52.54806204],[13.58436147,52.54962832],[13.586273,52.54974283],[13.58778414,52.55341436],[13.5876002,52.55562363],[13.58632212,52.55784115],[13.58569514,52.55841864],[13.58522691,52.55834806],[13.58229705,52.55926475],[13.57796966,52.56115689],[13.57635549,52.56137158],[13.57485783,52.56032954]]]},"properties":{"plr_id":"10100207","plr_name":"Ahrensfelder Berge","bzr_name":"Marzahn Mitte","pgr_name":"Marzahn","bez_id":"10","bez_name":"Marzahn-Hellersdorf","ew":8320,"mss_status_index":3,"mss_status_class":"niedrig","mss_valid":true,"pet14h":31.21,"t2m04h":17.04,"canopy_pct":44.0,"veg_pct":78.9}},{"type":"Feature","geometry":{"type":"Polygon","coordinates":[[[13.56805192,52.55538686],[13.56749284,52.55578617],[13.56395758,52.55623544],[13.5638454,52.55592745],[13.56081646,52.55581152],[13.56103643,52.55605789],[13.55985102,52.55602226],[13.55836451,52.55639892],[13.55808327,52.55607214],[13.55528256,52.556976],[13.55550356,52.5572861],[13.55389588,52.55775021],[13.54801943,52.55097119],[13.54964854,52.55048212],[13.55002871,52.55073864],[13.5562327,52.54880091],[13.55604207,52.54857472],[13.5563179,52.54841392],[13.55903014,52.54796539],[13.5597015,52.5482601],[13.56041454,52.54914553],[13.56185612,52.54949535],[13.56169191,52.54969037],[13.56254959,52.55064268],[13.56386774,52.55098502],[13.56805192,52.55538686]]]},"properties":{"plr_id":"10100208","plr_name":"Bürgerpark","bzr_name":"Marzahn Mitte","pgr_name":"Marzahn","bez_id":"10","bez_name":"Marzahn-Hellersdorf","ew":10330,"mss_status_index":2,"mss_status_class":"mittel","mss_valid":true,"pet14h":34.52,"t2m04h":17.14,"canopy_pct":27.8,"veg_pct":62.6}},{"type":"Feature","geometry":{"type":"Polygon","coordinates":[[[13.55903014,52.54796539],[13.56249986,52.54737009],[13.56343178,52.54695588],[13.56435782,52.54617494],[13.56491114,52.54487922],[13.56698502,52.54511102],[13.57088997,52.54611613],[13.57134581,52.54646073],[13.57197484,52.54647735],[13.57215139,52.54786023],[13.57444612,52.55471074],[13.56797357,52.55535612],[13.56386774,52.55098502],[13.56254959,52.55064268],[13.56169191,52.54969037],[13.56185612,52.54949535],[13.56041454,52.54914553],[13.5597015,52.5482601],[13.55903014,52.54796539]]]},"properties":{"plr_id":"10100209","plr_name":"Lea-Grundig-Straße","bzr_name":"Marzahn Mitte","pgr_name":"Marzahn","bez_id":"10","bez_name":"Marzahn-Hellersdorf","ew":9642,"mss_status_index":2,"mss_status_class":"mittel","mss_valid":true,"pet14h":36.64,"t2m04h":17.45,"canopy_pct":20.5,"veg_pct":57.7}},{"type":"Feature","geometry":{"type":"Polygon","coordinates":[[[13.53818662,52.53991953],[13.54288626,52.5407242],[13.54988205,52.54301345],[13.55736347,52.54508306],[13.55965584,52.5451717],[13.56342447,52.54478234],[13.56491114,52.54487922],[13.56415764,52.54641769],[13.56272655,52.54730791],[13.55660002,52.54833942],[13.55604207,52.54857472],[13.5562327,52.54880091],[13.55002871,52.55073864],[13.54964854,52.55048212],[13.54801943,52.55097119],[13.54022095,52.54210072],[13.53922175,52.54062549],[13.53818662,52.53991953]]]},"properties":{"plr_id":"10100210","plr_name":"Marzahner Promenade","bzr_name":"Marzahn Mitte","pgr_name":"Marzahn","bez_id":"10","bez_name":"Marzahn-Hellersdorf","ew":10868,"mss_status_index":3,"mss_status_class":"niedrig","mss_valid":true,"pet14h":35.32,"t2m04h":17.68,"canopy_pct":21.4,"veg_pct":49.7}},{"type":"Feature","geometry":{"type":"Polygon","coordinates":[[[13.51855295,52.51391158],[13.51999143,52.51373103],[13.52358655,52.51391484],[13.5339849,52.51362299],[13.5357225,52.51316117],[13.53732325,52.51210522],[13.53782211,52.51109506],[13.53784749,52.50993415],[13.54392034,52.50966853],[13.54548296,52.51629757],[13.54498221,52.51632163],[13.54478626,52.51787629],[13.54396372,52.51917695],[13.54039133,52.52198355],[13.5389383,52.52353938],[13.53808505,52.52506085],[13.53677523,52.52858824],[13.53656447,52.53155332],[13.53683852,52.534538],[13.5383115,52.53886241],[13.53812183,52.53913719],[13.537511,52.5391396],[13.53826173,52.5400066],[13.52784359,52.53780326],[13.52279736,52.53621558],[13.51687872,52.53554423],[13.51820843,52.53375733],[13.51870276,52.53258774],[13.51943686,52.52384419],[13.51855295,52.51391158]]]},"properties":{"plr_id":"10100311","plr_name":"Marzahner Chaussee","bzr_name":"Marzahn Süd","pgr_name":"Marzahn","bez_id":"10","bez_name":"Marzahn-Hellersdorf","ew":2670,"mss_status_index":2,"mss_status_class":"mittel","mss_valid":true,"pet14h":37.14,"t2m04h":17.43,"canopy_pct":16.0,"veg_pct":44.9}},{"type":"Feature","geometry":{"type":"Polygon","coordinates":[[[13.55027187,52.53239779],[13.55011565,52.53246585],[13.55035344,52.53310024],[13.55087106,52.53348645],[13.55174339,52.53369547],[13.55168776,52.5340977],[13.54893331,52.5339942],[13.5412774,52.53451807],[13.53692372,52.5346965],[13.53683852,52.534538],[13.53656447,52.53155332],[13.53677523,52.52858824],[13.53828877,52.52459899],[13.53972473,52.52260327],[13.54409383,52.51902606],[13.5448166,52.51778719],[13.54498221,52.51632163],[13.54556716,52.51629352],[13.54677423,52.52172576],[13.54750486,52.52172651],[13.54839025,52.52577166],[13.54862427,52.52580909],[13.55027187,52.53239779]]]},"properties":{"plr_id":"10100312","plr_name":"Springpfuhl","bzr_name":"Marzahn Süd","pgr_name":"Marzahn","bez_id":"10","bez_name":"Marzahn-Hellersdorf","ew":16216,"mss_status_index":2,"mss_status_class":"mittel","mss_valid":true,"pet14h":34.83,"t2m04h":17.39,"canopy_pct":26.2,"veg_pct":56.0}},{"type":"Feature","geometry":{"type":"Polygon","coordinates":[[[13.53818662,52.53991953],[13.537511,52.5391396],[13.53812183,52.53913719],[13.5383115,52.53886241],[13.53692372,52.5346965],[13.54874701,52.53400507],[13.55207928,52.53821246],[13.55323093,52.53801356],[13.55774219,52.54191224],[13.55789914,52.54284215],[13.55916709,52.54244473],[13.55948687,52.54210726],[13.55951586,52.54166778],[13.56245051,52.54170332],[13.56344482,52.54134276],[13.56463868,52.5430023],[13.56491114,52.54487922],[13.56342447,52.54478234],[13.55965584,52.5451717],[13.55736347,52.54508306],[13.54988205,52.54301345],[13.54288626,52.5407242],[13.53818662,52.53991953]]]},"properties":{"plr_id":"10100313","plr_name":"Alt-Marzahn","bzr_name":"Marzahn Süd","pgr_name":"Marzahn","bez_id":"10","bez_name":"Marzahn-Hellersdorf","ew":4981,"mss_status_index":2,"mss_status_class":"mittel","mss_valid":true,"pet14h":38.19,"t2m04h":17.27,"canopy_pct":17.6,"veg_pct":59.6}},{"type":"Feature","geometry":{"type":"Polygon","coordinates":[[[13.54875382,52.53400715],[13.55168776,52.5340977],[13.55174339,52.53369547],[13.55292841,52.53368444],[13.55724598,52.53410248],[13.56344482,52.54134276],[13.56245051,52.54170332],[13.55951586,52.54166778],[13.55948687,52.54210726],[13.55916709,52.54244473],[13.55789914,52.54284215],[13.55774219,52.54191224],[13.55323093,52.53801356],[13.55207928,52.53821246],[13.54875382,52.53400715]]]},"properties":{"plr_id":"10100314","plr_name":"Auersbergstraße","bzr_name":"Marzahn Süd","pgr_name":"Marzahn","bez_id":"10","bez_name":"Marzahn-Hellersdorf","ew":6455,"mss_status_index":2,"mss_status_class":"mittel","mss_valid":true,"pet14h":36.01,"t2m04h":17.45,"canopy_pct":23.0,"veg_pct":56.8}},{"type":"Feature","geometry":{"type":"Polygon","coordinates":[[[13.56463868,52.5430023],[13.55746009,52.53421115],[13.56663305,52.53440433],[13.56994981,52.53957706],[13.57012755,52.54085216],[13.57197484,52.54647735],[13.57134581,52.54646073],[13.57088997,52.54611613],[13.56698502,52.54511102],[13.56491114,52.54487922],[13.56463868,52.5430023]]]},"properties":{"plr_id":"10100315","plr_name":"Bärenstein","bzr_name":"Marzahn Süd","pgr_name":"Marzahn","bez_id":"10","bez_name":"Marzahn-Hellersdorf","ew":8228,"mss_status_index":2,"mss_status_class":"mittel","mss_valid":true,"pet14h":36.27,"t2m04h":17.34,"canopy_pct":22.3,"veg_pct":57.2}},{"type":"Feature","geometry":{"type":"Polygon","coordinates":[[[13.58476443,52.54788723],[13.586273,52.54974283],[13.58430894,52.54961848],[13.57826767,52.54806204],[13.57768223,52.54818194],[13.5760725,52.54779566],[13.57466236,52.5474309],[13.57483021,52.54716332],[13.57197484,52.54647735],[13.57012755,52.54085216],[13.56994981,52.53957706],[13.56706136,52.53507913],[13.5727228,52.53403434],[13.57486496,52.53426864],[13.57623192,52.53369082],[13.57796547,52.5321643],[13.58393392,52.53012034],[13.58510553,52.53042191],[13.58617487,52.53110823],[13.58639847,52.5314814],[13.58591804,52.53244483],[13.58597044,52.53285621],[13.58664155,52.53407461],[13.58749758,52.53396741],[13.58663762,52.53410207],[13.586466,52.5350697],[13.58515558,52.53675221],[13.58330823,52.53850962],[13.58198022,52.53907589],[13.58111792,52.5399396],[13.5807051,52.54217226],[13.58094793,52.5430352],[13.58244483,52.54444085],[13.58476443,52.54788723]]]},"properties":{"plr_id":"10100316","plr_name":"Landsberger Tor","bzr_name":"Marzahn Süd","pgr_name":"Marzahn","bez_id":"10","bez_name":"Marzahn-Hellersdorf","ew":3696,"mss_status_index":2,"mss_status_class":"mittel","mss_valid":true,"pet14h":34.04,"t2m04h":16.55,"canopy_pct":27.2,"veg_pct":74.8}},{"type":"Feature","geometry":{"type":"Polygon","coordinates":[[[13.58431628,52.54629351],[13.59870946,52.54412503],[13.5987669,52.54428061],[13.59938568,52.54414637],[13.60281693,52.54441542],[13.60268055,52.54504597],[13.60334257,52.54678006],[13.58741166,52.54945241],[13.58638188,52.54978497],[13.58638718,52.54995204],[13.58609894,52.54936645],[13.58660733,52.54919772],[13.58431628,52.54629351]]]},"properties":{"plr_id":"10200417","plr_name":"Zossener Straße","bzr_name":"Hellersdorf Nord","pgr_name":"Hellersdorf","bez_id":"10","bez_name":"Marzahn-Hellersdorf","ew":8063,"mss_status_index":4,"mss_status_class":"sehr niedrig","mss_valid":true,"pet14h":35.62,"t2m04h":17.68,"canopy_pct":19.8,"veg_pct":55.4}},{"type":"Feature","geometry":{"type":"Polygon","coordinates":[[[13.58130781,52.53975358],[13.58869383,52.53920399],[13.5921226,52.53956947],[13.591964,52.54031444],[13.59605517,52.54075571],[13.59559498,52.54288763],[13.59612436,52.54448337],[13.58431628,52.54629351],[13.58666099,52.54931364],[13.58609894,52.54936645],[13.58476443,52.54788723],[13.58244483,52.54444085],[13.58090533,52.54296701],[13.58074939,52.54155403],[13.58130781,52.53975358]]]},"properties":{"plr_id":"10200418","plr_name":"Kyritzer Straße","bzr_name":"Hellersdorf Nord","pgr_name":"Hellersdorf","bez_id":"10","bez_name":"Marzahn-Hellersdorf","ew":7367,"mss_status_index":2,"mss_status_class":"mittel","mss_valid":true,"pet14h":36.28,"t2m04h":17.26,"canopy_pct":18.6,"veg_pct":60.8}},{"type":"Feature","geometry":{"type":"Polygon","coordinates":[[[13.60068819,52.53895295],[13.60392674,52.53929023],[13.60281693,52.54441542],[13.59938568,52.54414637],[13.5987669,52.54428061],[13.59870946,52.54412503],[13.59612436,52.54448337],[13.59559498,52.54288763],[13.59583806,52.54177092],[13.59809405,52.54179304],[13.59997143,52.54218171],[13.60068819,52.53895295]]]},"properties":{"plr_id":"10200419","plr_name":"Havelländer Ring","bzr_name":"Hellersdorf Nord","pgr_name":"Hellersdorf","bez_id":"10","bez_name":"Marzahn-Hellersdorf","ew":4357,"mss_status_index":2,"mss_status_class":"mittel","mss_valid":true,"pet14h":36.19,"t2m04h":17.74,"canopy_pct":20.8,"veg_pct":50.7}},{"type":"Feature","geometry":{"type":"Polygon","coordinates":[[[13.58663762,52.53410207],[13.5896272,52.53390961],[13.58955026,52.53357213],[13.59028862,52.53347138],[13.59042532,52.53387617],[13.59119657,52.53378184],[13.59284743,52.53274771],[13.5948387,52.53377494],[13.60147876,52.53562462],[13.59997143,52.54218171],[13.59595283,52.54164017],[13.59605517,52.54075571],[13.591964,52.54031444],[13.5921226,52.53956947],[13.59156558,52.53949177],[13.5869743,52.53920264],[13.5812947,52.53975133],[13.58200609,52.53905928],[13.58330823,52.53850962],[13.58515558,52.53675221],[13.586466,52.5350697],[13.58663762,52.53410207]]]},"properties":{"plr_id":"10200420","plr_name":"Gut Hellersdorf","bzr_name":"Hellersdorf Nord","pgr_name":"Hellersdorf","bez_id":"10","bez_name":"Marzahn-Hellersdorf","ew":9010,"mss_status_index":4,"mss_status_class":"sehr niedrig","mss_valid":true,"pet14h":35.71,"t2m04h":17.23,"canopy_pct":23.3,"veg_pct":64.1}},{"type":"Feature","geometry":{"type":"Polygon","coordinates":[[[13.60147876,52.53562462],[13.60877267,52.53733824],[13.60837745,52.5394473],[13.60807021,52.53960911],[13.60068819,52.53895295],[13.60147876,52.53562462]]]},"properties":{"plr_id":"10200421","plr_name":"Helle Mitte","bzr_name":"Hellersdorf Nord","pgr_name":"Hellersdorf","bez_id":"10","bez_name":"Marzahn-Hellersdorf","ew":1757,"mss_status_index":2,"mss_status_class":"mittel","mss_valid":true,"pet14h":38.23,"t2m04h":19.16,"canopy_pct":3.3,"veg_pct":10.4}},{"type":"Feature","geometry":{"type":"Polygon","coordinates":[[[13.60334257,52.54678006],[13.60268055,52.54504597],[13.60392674,52.53929023],[13.60807021,52.53960911],[13.60837745,52.5394473],[13.60877267,52.53733824],[13.61262849,52.53813276],[13.61179608,52.53990801],[13.61138884,52.54173309],[13.61050368,52.54221376],[13.61092392,52.54242999],[13.61081312,52.54294507],[13.61201579,52.54302873],[13.6118584,52.5434449],[13.61087871,52.54347715],[13.61059666,52.54556482],[13.60334257,52.54678006]]]},"properties":{"plr_id":"10200422","plr_name":"Hellersdorfer Promenade","bzr_name":"Hellersdorf Nord","pgr_name":"Hellersdorf","bez_id":"10","bez_name":"Marzahn-Hellersdorf","ew":7368,"mss_status_index":4,"mss_status_class":"sehr niedrig","mss_valid":true,"pet14h":34.46,"t2m04h":17.94,"canopy_pct":28.7,"veg_pct":59.8}},{"type":"Feature","geometry":{"type":"Polygon","coordinates":[[[13.61262849,52.53813276],[13.62204589,52.53958646],[13.62765709,52.5394182],[13.63490459,52.53822375],[13.63764579,52.54092074],[13.63737306,52.54225422],[13.63545024,52.54230468],[13.6343992,52.54282476],[13.61871352,52.54421425],[13.61059666,52.54556482],[13.61087871,52.54347715],[13.6118584,52.5434449],[13.61201579,52.54302873],[13.61081312,52.54294507],[13.61092392,52.54242999],[13.61050368,52.54221376],[13.61138884,52.54173309],[13.61179608,52.53990801],[13.61262849,52.53813276]]]},"properties":{"plr_id":"10200423","plr_name":"Böhlener Straße","bzr_name":"Hellersdorf Nord","pgr_name":"Hellersdorf","bez_id":"10","bez_name":"Marzahn-Hellersdorf","ew":6138,"mss_status_index":4,"mss_status_class":"sehr niedrig","mss_valid":true,"pet14h":31.88,"t2m04h":17.17,"canopy_pct":40.4,"veg_pct":78.5}},{"type":"Feature","geometry":{"type":"Polygon","coordinates":[[[13.62204589,52.53958646],[13.61017286,52.53768746],[13.60473311,52.53634848],[13.60597638,52.53458632],[13.60544361,52.5344382],[13.60643757,52.53343959],[13.60702578,52.53347577],[13.62215105,52.53031372],[13.62574119,52.52913545],[13.62611804,52.52951116],[13.62583315,52.52961733],[13.62481115,52.53358459],[13.62574391,52.53403916],[13.62482221,52.53810551],[13.62753894,52.53748532],[13.62822132,52.53756984],[13.62885812,52.53797743],[13.63058317,52.53762149],[13.6316102,52.53800161],[13.63394571,52.53765274],[13.63416364,52.53802768],[13.63455439,52.5379278],[13.63474754,52.53825774],[13.62765709,52.5394182],[13.62204589,52.53958646]]]},"properties":{"plr_id":"10200524","plr_name":"Adele-Sandrock-Straße","bzr_name":"Hellersdorf Ost","pgr_name":"Hellersdorf","bez_id":"10","bez_name":"Marzahn-Hellersdorf","ew":11814,"mss_status_index":2,"mss_status_class":"mittel","mss_valid":true,"pet14h":36.46,"t2m04h":17.33,"canopy_pct":19.4,"veg_pct":60.2}},{"type":"Feature","geometry":{"type":"Polygon","coordinates":[[[13.62574119,52.52913545],[13.62262438,52.53020366],[13.61007264,52.53283781],[13.60810284,52.52946779],[13.60754588,52.52874207],[13.60710455,52.52878128],[13.60663717,52.52798778],[13.61240347,52.52712292],[13.61506139,52.52842366],[13.61561854,52.52794426],[13.61759847,52.52747036],[13.61914068,52.52666893],[13.62079643,52.5274611],[13.62136368,52.52702163],[13.62527153,52.52929163],[13.62574119,52.52913545]]]},"properties":{"plr_id":"10200525","plr_name":"Schleipfuhl","bzr_name":"Hellersdorf Ost","pgr_name":"Hellersdorf","bez_id":"10","bez_name":"Marzahn-Hellersdorf","ew":5380,"mss_status_index":4,"mss_status_class":"sehr niedrig","mss_valid":true,"pet14h":34.2,"t2m04h":17.32,"canopy_pct":30.9,"veg_pct":66.6}},{"type":"Feature","geometry":{"type":"Polygon","coordinates":[[[13.59934031,52.52888591],[13.60663717,52.52798778],[13.60710455,52.52878128],[13.60754588,52.52874207],[13.60810284,52.52946779],[13.61007264,52.53283781],[13.60643757,52.53343959],[13.60544361,52.5344382],[13.60597638,52.53458632],[13.60473939,52.53633867],[13.60407916,52.53633868],[13.59634875,52.53418735],[13.59665401,52.53378254],[13.59523468,52.53332472],[13.59639246,52.53317809],[13.59639747,52.53285886],[13.59672475,52.53281795],[13.59979088,52.5299837],[13.59934031,52.52888591]]]},"properties":{"plr_id":"10200526","plr_name":"Boulevard Kastanienallee","bzr_name":"Hellersdorf Ost","pgr_name":"Hellersdorf","bez_id":"10","bez_name":"Marzahn-Hellersdorf","ew":6241,"mss_status_index":4,"mss_status_class":"sehr niedrig","mss_valid":true,"pet14h":35.6,"t2m04h":17.27,"canopy_pct":25.3,"veg_pct":64.5}},{"type":"Feature","geometry":{"type":"Polygon","coordinates":[[[13.58774362,52.52353158],[13.58772735,52.52405446],[13.59076562,52.52952938],[13.59156098,52.53142271],[13.59284743,52.53274771],[13.59119657,52.53378184],[13.59042532,52.53387617],[13.59028862,52.53347138],[13.58955026,52.53357213],[13.5896272,52.53390961],[13.58664155,52.53407461],[13.58592362,52.53270196],[13.58639847,52.5314814],[13.58621932,52.53114619],[13.58510553,52.53042191],[13.58381342,52.52998126],[13.57826614,52.52601255],[13.58774362,52.52353158]]]},"properties":{"plr_id":"10200627","plr_name":"Am Kienberg","bzr_name":"Hellersdorf Süd","pgr_name":"Hellersdorf","bez_id":"10","bez_name":"Marzahn-Hellersdorf","ew":3689,"mss_status_index":2,"mss_status_class":"mittel","mss_valid":true,"pet14h":34.88,"t2m04h":16.67,"canopy_pct":18.3,"veg_pct":67.2}},{"type":"Feature","geometry":{"type":"Polygon","coordinates":[[[13.59934031,52.52888591],[13.59979088,52.5299837],[13.59672475,52.53281795],[13.59639747,52.53285886],[13.59639246,52.53317809],[13.59523468,52.53332472],[13.59665401,52.53378254],[13.59634875,52.53418735],[13.59381036,52.5333541],[13.59242264,52.53244818],[13.59162459,52.53152518],[13.5876314,52.52362769],[13.58919435,52.52341678],[13.58938357,52.52510131],[13.59071351,52.52518962],[13.59443809,52.52463835],[13.59502615,52.52487642],[13.59683923,52.52464356],[13.59829216,52.52895828],[13.59934031,52.52888591]]]},"properties":{"plr_id":"10200628","plr_name":"Neue Grottkauer Straße","bzr_name":"Hellersdorf Süd","pgr_name":"Hellersdorf","bez_id":"10","bez_name":"Marzahn-Hellersdorf","ew":6514,"mss_status_index":4,"mss_status_class":"sehr niedrig","mss_valid":true,"pet14h":35.96,"t2m04h":17.46,"canopy_pct":22.2,"veg_pct":60.2}},{"type":"Feature","geometry":{"type":"Polygon","coordinates":[[[13.57826614,52.52601255],[13.57778366,52.5256327],[13.57693363,52.52347667],[13.57705387,52.5223864],[13.57645843,52.51969221],[13.57651573,52.51909841],[13.57588785,52.5182998],[13.57559815,52.51677569],[13.57467865,52.51473353],[13.5735006,52.51288743],[13.57636134,52.51279632],[13.5764473,52.51302268],[13.5768366,52.51301952],[13.57683162,52.51281146],[13.57942654,52.51261951],[13.58924389,52.51734308],[13.58921847,52.51821244],[13.5886691,52.52003592],[13.58841248,52.52344141],[13.58512831,52.52410891],[13.57826614,52.52601255]]]},"properties":{"plr_id":"10200629","plr_name":"Teterower Ring","bzr_name":"Hellersdorf Süd","pgr_name":"Hellersdorf","bez_id":"10","bez_name":"Marzahn-Hellersdorf","ew":9187,"mss_status_index":2,"mss_status_class":"mittel","mss_valid":true,"pet14h":34.53,"t2m04h":17.3,"canopy_pct":26.2,"veg_pct":60.8}},{"type":"Feature","geometry":{"type":"Polygon","coordinates":[[[13.59683923,52.52464356],[13.59502615,52.52487642],[13.59443809,52.52463835],[13.59071351,52.52518962],[13.58938357,52.52510131],[13.58919435,52.52341678],[13.58841248,52.52344141],[13.58839163,52.52316287],[13.5886691,52.52003592],[13.58921847,52.51821244],[13.58924389,52.51734308],[13.59017028,52.51777528],[13.59047918,52.51729613],[13.59436714,52.51798889],[13.59467461,52.51825218],[13.59683923,52.52464356]]]},"properties":{"plr_id":"10200630","plr_name":"Cecilienplatz","bzr_name":"Hellersdorf Süd","pgr_name":"Hellersdorf","bez_id":"10","bez_name":"Marzahn-Hellersdorf","ew":6627,"mss_status_index":2,"mss_status_class":"mittel","mss_valid":true,"pet14h":36.5,"t2m04h":17.62,"canopy_pct":20.1,"veg_pct":54.3}},{"type":"Feature","geometry":{"type":"Polygon","coordinates":[[[13.56607917,52.52908675],[13.56570374,52.53059327],[13.56663305,52.53440433],[13.55800172,52.53408552],[13.55746335,52.53423609],[13.5566271,52.53389823],[13.55168239,52.53369168],[13.55061031,52.53334492],[13.55018738,52.53279238],[13.54977611,52.53012701],[13.54957008,52.53014055],[13.54750486,52.52172651],[13.54677423,52.52172576],[13.54484805,52.51383012],[13.54935746,52.51307024],[13.56266895,52.5126885],[13.56557604,52.52480645],[13.56608409,52.52752206],[13.56607917,52.52908675]]]},"properties":{"plr_id":"10300731","plr_name":"Oberfeldstraße","bzr_name":"Biesdorf","pgr_name":"Biesdorf","bez_id":"10","bez_name":"Marzahn-Hellersdorf","ew":7926,"mss_status_index":1,"mss_status_class":"hoch","mss_valid":true,"pet14h":38.0,"t2m04h":17.04,"canopy_pct":19.7,"veg_pct":63.6}},{"type":"Feature","geometry":{"type":"Polygon","coordinates":[[[13.56607917,52.52908675],[13.56608409,52.52752206],[13.56557604,52.52480645],[13.56273268,52.51295008],[13.57347768,52.51281495],[13.57467865,52.51473353],[13.57559815,52.51677569],[13.57588785,52.5182998],[13.57651573,52.51909841],[13.57645843,52.51969221],[13.57705387,52.5223864],[13.57693363,52.52347667],[13.57778366,52.5256327],[13.58414514,52.53015729],[13.57796547,52.5321643],[13.57623192,52.53369082],[13.57486496,52.53426864],[13.5727228,52.53403434],[13.56706136,52.53507913],[13.56652589,52.53426738],[13.56570374,52.53059327],[13.56607917,52.52908675]]]},"properties":{"plr_id":"10300732","plr_name":"Buckower Ring","bzr_name":"Biesdorf","pgr_name":"Biesdorf","bez_id":"10","bez_name":"Marzahn-Hellersdorf","ew":7237,"mss_status_index":2,"mss_status_class":"mittel","mss_valid":true,"pet14h":35.06,"t2m04h":16.63,"canopy_pct":26.0,"veg_pct":70.4}},{"type":"Feature","geometry":{"type":"Polygon","coordinates":[[[13.54392034,52.50966853],[13.53621362,52.5099938],[13.53629463,52.50640644],[13.53519831,52.50555049],[13.53949354,52.49854453],[13.54095378,52.49838483],[13.55394441,52.50181611],[13.55431819,52.50170843],[13.55672174,52.5026421],[13.55970464,52.50408578],[13.56400654,52.50735712],[13.56404018,52.50761492],[13.56822044,52.51053133],[13.57078182,52.51162808],[13.57187579,52.51152677],[13.5720125,52.51188108],[13.57336874,52.51202102],[13.57347768,52.51281495],[13.56273268,52.51295008],[13.56266895,52.5126885],[13.54955244,52.51306332],[13.54484805,52.51383012],[13.54392034,52.50966853]]]},"properties":{"plr_id":"10300733","plr_name":"Alt-Biesdorf","bzr_name":"Biesdorf","pgr_name":"Biesdorf","bez_id":"10","bez_name":"Marzahn-Hellersdorf","ew":5190,"mss_status_index":2,"mss_status_class":"mittel","mss_valid":true,"pet14h":34.59,"t2m04h":17.16,"canopy_pct":27.7,"veg_pct":64.8}},{"type":"Feature","geometry":{"type":"Polygon","coordinates":[[[13.55204833,52.47374794],[13.56086892,52.4732617],[13.5630935,52.47346666],[13.56512819,52.47395692],[13.56567004,52.473599],[13.56663326,52.47372302],[13.56772253,52.47458217],[13.56781583,52.47515875],[13.56728154,52.47663396],[13.56398684,52.47861254],[13.56307113,52.47971984],[13.56329779,52.47983768],[13.56314724,52.48163294],[13.56349335,52.48304864],[13.56345956,52.48448181],[13.56436602,52.48514319],[13.56569265,52.4868011],[13.56675505,52.48955402],[13.56894635,52.49201437],[13.56920824,52.49271419],[13.56942084,52.49268319],[13.56942019,52.49352228],[13.56841533,52.49431165],[13.56806349,52.49572004],[13.56909745,52.49816027],[13.56991322,52.49882409],[13.57125407,52.49938597],[13.57239413,52.50036955],[13.57662465,52.50060081],[13.57731468,52.5009442],[13.57847776,52.50240608],[13.5787626,52.50377807],[13.57965905,52.50473895],[13.57929009,52.50577728],[13.57867766,52.50660982],[13.57391102,52.51022822],[13.57349824,52.51218181],[13.5720125,52.51188108],[13.57187579,52.51152677],[13.57078182,52.51162808],[13.5684345,52.51065592],[13.56404018,52.50761492],[13.56400654,52.50735712],[13.55970464,52.50408578],[13.55672174,52.5026421],[13.55431819,52.50170843],[13.55394441,52.50181611],[13.54095378,52.49838483],[13.54214158,52.49825233],[13.54408497,52.49620795],[13.54380677,52.49592661],[13.54445195,52.49547968],[13.54476203,52.49321448],[13.54625395,52.49176556],[13.55013775,52.48548949],[13.54989271,52.48445031],[13.54910467,52.48374147],[13.54828259,52.48248146],[13.54791588,52.48251375],[13.54788337,52.4797801],[13.54845137,52.47977766],[13.55085697,52.47701551],[13.55204833,52.47374794]]]},"properties":{"plr_id":"10300734","plr_name":"Biesdorf Süd","bzr_name":"Biesdorf","pgr_name":"Biesdorf","bez_id":"10","bez_name":"Marzahn-Hellersdorf","ew":10606,"mss_status_index":1,"mss_status_class":"hoch","mss_valid":true,"pet14h":36.04,"t2m04h":16.72,"canopy_pct":25.8,"veg_pct":70.6}},{"type":"Feature","geometry":{"type":"Polygon","coordinates":[[[13.58810715,52.51218875],[13.58869008,52.5125667],[13.58947023,52.51227978],[13.59048785,52.51229506],[13.59033734,52.51244503],[13.59577162,52.51210262],[13.59723918,52.51221817],[13.59777409,52.51187295],[13.60348577,52.5118299],[13.60424863,52.51251958],[13.60511553,52.51248368],[13.61082916,52.51738277],[13.61330123,52.5204587],[13.62195912,52.52675758],[13.62079643,52.5274611],[13.61914068,52.52666893],[13.61759847,52.52747036],[13.61561854,52.52794426],[13.61506139,52.52842366],[13.61240347,52.52712292],[13.60081637,52.52884316],[13.60075634,52.52868777],[13.59829216,52.52895828],[13.59467461,52.51825218],[13.59436714,52.51798889],[13.59047918,52.51729613],[13.59017028,52.51777528],[13.57942654,52.51261951],[13.58810715,52.51218875]]]},"properties":{"plr_id":"10400835","plr_name":"Kaulsdorf Nord","bzr_name":"Kaulsdorf","pgr_name":"Kaulsdorf/Mahlsdorf","bez_id":"10","bez_name":"Marzahn-Hellersdorf","ew":7832,"mss_status_index":1,"mss_status_class":"hoch","mss_valid":true,"pet14h":38.59,"t2m04h":16.81,"canopy_pct":17.3,"veg_pct":65.8}},{"type":"Feature","geometry":{"type":"Polygon","coordinates":[[[13.57940144,52.50524698],[13.59856888,52.50514987],[13.59969154,52.50698909],[13.60360751,52.51183074],[13.59777409,52.51187295],[13.59723918,52.51221817],[13.59577162,52.51210262],[13.59033734,52.51244503],[13.59048785,52.51229506],[13.58947023,52.51227978],[13.58869008,52.5125667],[13.58810531,52.51218772],[13.58445386,52.51226578],[13.57683162,52.51281146],[13.5768366,52.51301952],[13.5764473,52.51302268],[13.57636134,52.51279632],[13.5735006,52.51288743],[13.5733904,52.51242375],[13.57391102,52.51022822],[13.57867766,52.50660982],[13.57929009,52.50577728],[13.57940144,52.50524698]]]},"properties":{"plr_id":"10400836","plr_name":"Alt-Kaulsdorf","bzr_name":"Kaulsdorf","pgr_name":"Kaulsdorf/Mahlsdorf","bez_id":"10","bez_name":"Marzahn-Hellersdorf","ew":3981,"mss_status_index":2,"mss_status_class":"mittel","mss_valid":true,"pet14h":37.67,"t2m04h":17.14,"canopy_pct":18.6,"veg_pct":61.7}},{"type":"Feature","geometry":{"type":"Polygon","coordinates":[[[13.57363331,52.47652719],[13.57392842,52.476555],[13.57383925,52.47697007],[13.57444097,52.47751983],[13.57511794,52.47947942],[13.57971608,52.48102414],[13.58187485,52.47997057],[13.58659317,52.48105598],[13.58721075,52.4815915],[13.58497823,52.48271095],[13.58414648,52.48358146],[13.58696075,52.4849379],[13.58792589,52.48725834],[13.59013848,52.49019978],[13.59610506,52.48977186],[13.59635783,52.49074607],[13.59724516,52.4917544],[13.59669437,52.49180359],[13.59744046,52.49456656],[13.59856612,52.49436026],[13.59945883,52.496326],[13.59897278,52.49704786],[13.59655263,52.49771705],[13.59568873,52.4989543],[13.59688919,52.50163173],[13.59777305,52.50289315],[13.59866397,52.50519218],[13.57940144,52.50524698],[13.57962527,52.50460983],[13.5787626,52.50377807],[13.57847776,52.50240608],[13.57731468,52.5009442],[13.57662465,52.50060081],[13.57252463,52.50041365],[13.57125407,52.49938597],[13.56917598,52.49825289],[13.56806349,52.49572004],[13.56841533,52.49431165],[13.56942019,52.49352228],[13.56942084,52.49268319],[13.56920824,52.49271419],[13.56894635,52.49201437],[13.56675505,52.48955402],[13.56569265,52.4868011],[13.56436602,52.48514319],[13.56346362,52.48449147],[13.56349335,52.48304864],[13.56314724,52.48163294],[13.56329779,52.47983768],[13.56307113,52.47971984],[13.56410152,52.47852864],[13.56724512,52.47667396],[13.56765647,52.47582339],[13.56778042,52.47455016],[13.57342506,52.47679487],[13.57363331,52.47652719]]]},"properties":{"plr_id":"10400837","plr_name":"Kaulsdorf Süd","bzr_name":"Kaulsdorf","pgr_name":"Kaulsdorf/Mahlsdorf","bez_id":"10","bez_name":"Marzahn-Hellersdorf","ew":7870,"mss_status_index":1,"mss_status_class":"hoch","mss_valid":true,"pet14h":35.48,"t2m04h":16.83,"canopy_pct":25.3,"veg_pct":68.6}},{"type":"Feature","geometry":{"type":"Polygon","coordinates":[[[13.60348577,52.5118299],[13.6110744,52.51235182],[13.61195588,52.51259145],[13.61201044,52.51227002],[13.61361907,52.51258749],[13.61905853,52.51294815],[13.61922637,52.51314111],[13.62083175,52.51335359],[13.62675886,52.51379105],[13.62717758,52.51408422],[13.62772128,52.51389276],[13.63640682,52.51466283],[13.64245875,52.51855026],[13.65535415,52.52407285],[13.65850153,52.52594505],[13.65803206,52.52652868],[13.656911,52.52983703],[13.64778102,52.52965189],[13.64368228,52.52988946],[13.6406309,52.53042191],[13.63155915,52.53057216],[13.62673618,52.53012746],[13.62600574,52.53040208],[13.62568842,52.53018357],[13.62583315,52.52961733],[13.62611804,52.52951116],[13.62572699,52.52912241],[13.62527153,52.52929163],[13.6213856,52.52703952],[13.62195912,52.52675758],[13.61330123,52.5204587],[13.61093669,52.51750149],[13.60943034,52.5161115],[13.60511553,52.51248368],[13.60424863,52.51251958],[13.60348577,52.5118299]]]},"properties":{"plr_id":"10400938","plr_name":"Mahlsdorf Nord","bzr_name":"Mahlsdorf","pgr_name":"Kaulsdorf/Mahlsdorf","bez_id":"10","bez_name":"Marzahn-Hellersdorf","ew":10234,"mss_status_index":1,"mss_status_class":"hoch","mss_valid":true,"pet14h":39.49,"t2m04h":16.43,"canopy_pct":14.3,"veg_pct":68.8}},{"type":"Feature","geometry":{"type":"Polygon","coordinates":[[[13.59866397,52.50519218],[13.61710498,52.50483365],[13.62815078,52.50357469],[13.62951303,52.50672006],[13.63213208,52.51042496],[13.63418062,52.5128462],[13.63640682,52.51466283],[13.62772128,52.51389276],[13.62717758,52.51408422],[13.62675886,52.51379105],[13.62083175,52.51335359],[13.61922637,52.51314111],[13.61905853,52.51294815],[13.61361907,52.51258749],[13.61201044,52.51227002],[13.61195588,52.51259145],[13.6110744,52.51235182],[13.60360751,52.51183074],[13.59969154,52.50698909],[13.59866397,52.50519218]]]},"properties":{"plr_id":"10400939","plr_name":"Alt-Mahlsdorf","bzr_name":"Mahlsdorf","pgr_name":"Kaulsdorf/Mahlsdorf","bez_id":"10","bez_name":"Marzahn-Hellersdorf","ew":4529,"mss_status_index":1,"mss_status_class":"hoch","mss_valid":true,"pet14h":38.63,"t2m04h":17.15,"canopy_pct":16.9,"veg_pct":56.6}},{"type":"Feature","geometry":{"type":"Polygon","coordinates":[[[13.61364915,52.50499488],[13.59866397,52.50519218],[13.59777305,52.50289315],[13.59688919,52.50163173],[13.59568873,52.4989543],[13.59655263,52.49771705],[13.59897278,52.49704786],[13.59945883,52.496326],[13.59856612,52.49436026],[13.59744046,52.49456656],[13.59669437,52.49180359],[13.59724516,52.4917544],[13.59635783,52.49074607],[13.59610506,52.48977186],[13.59013848,52.49019978],[13.58792589,52.48725834],[13.58696075,52.4849379],[13.58414648,52.48358146],[13.58497823,52.48271095],[13.58721075,52.4815915],[13.58655334,52.48102438],[13.5999209,52.47431427],[13.60042383,52.47547683],[13.60078122,52.47727368],[13.60142893,52.48221479],[13.61356339,52.4988265],[13.61315423,52.50042226],[13.61476893,52.50231427],[13.61364915,52.50499488]]]},"properties":{"plr_id":"10400940","plr_name":"Elsensee","bzr_name":"Mahlsdorf","pgr_name":"Kaulsdorf/Mahlsdorf","bez_id":"10","bez_name":"Marzahn-Hellersdorf","ew":5847,"mss_status_index":1,"mss_status_class":"hoch","mss_valid":true,"pet14h":37.2,"t2m04h":16.65,"canopy_pct":15.5,"veg_pct":64.2}},{"type":"Feature","geometry":{"type":"Polygon","coordinates":[[[13.61489285,52.48076236],[13.62971774,52.49303712],[13.6258443,52.49360473],[13.62400604,52.49419824],[13.62676648,52.49907094],[13.62815078,52.50357469],[13.61710498,52.50483365],[13.61364915,52.50499488],[13.61476893,52.50231427],[13.61315423,52.50042226],[13.61356339,52.4988265],[13.60142893,52.48221479],[13.60078122,52.47727368],[13.60042383,52.47547683],[13.5999209,52.47431427],[13.60306638,52.47279135],[13.60837557,52.47285479],[13.60815308,52.47109073],[13.61131288,52.4704772],[13.61648641,52.47483045],[13.61545185,52.47530025],[13.61355054,52.47561865],[13.61489285,52.48076236]]]},"properties":{"plr_id":"10400941","plr_name":"Pilgramer Straße","bzr_name":"Mahlsdorf","pgr_name":"Kaulsdorf/Mahlsdorf","bez_id":"10","bez_name":"Marzahn-Hellersdorf","ew":9743,"mss_status_index":1,"mss_status_class":"hoch","mss_valid":true,"pet14h":37.79,"t2m04h":16.99,"canopy_pct":18.0,"veg_pct":60.6}},{"type":"Feature","geometry":{"type":"Polygon","coordinates":[[[13.51311641,52.57278185],[13.51662168,52.57230603],[13.51781974,52.57225931],[13.51789414,52.5725313],[13.52046309,52.57235282],[13.5253974,52.57116626],[13.53003014,52.57059764],[13.53139506,52.5728876],[13.53597546,52.5726552],[13.53601539,52.57282064],[13.5370794,52.57282317],[13.53838773,52.57517647],[13.54712517,52.58785308],[13.52769352,52.59223456],[13.52287882,52.59274846],[13.50811864,52.59213785],[13.5051761,52.59646289],[13.48840491,52.58978408],[13.48600398,52.58801376],[13.48530829,52.58713089],[13.48464628,52.58561835],[13.4843304,52.58563813],[13.48356582,52.58407673],[13.48197464,52.58400211],[13.48161251,52.58331514],[13.48047702,52.58353341],[13.47982252,52.58158725],[13.47973541,52.57960359],[13.48020455,52.57791394],[13.48051602,52.57770265],[13.4799904,52.57769491],[13.47974518,52.57514982],[13.48007662,52.57502194],[13.47962512,52.57377809],[13.47985561,52.57332471],[13.47957539,52.57334131],[13.47945941,52.5726941],[13.48202704,52.5724944],[13.48279536,52.57263188],[13.48260103,52.57163504],[13.48960428,52.56823127],[13.49089268,52.56926415],[13.49007624,52.57066195],[13.48993122,52.57155046],[13.49060405,52.57240873],[13.49180606,52.57278386],[13.49140471,52.57357827],[13.49491235,52.57373591],[13.49811385,52.57529547],[13.4987221,52.57656264],[13.5006513,52.57738036],[13.50357006,52.57782287],[13.50517894,52.57777968],[13.51001247,52.57896028],[13.50994649,52.57825106],[13.51158401,52.57821177],[13.5114591,52.57668243],[13.51243766,52.57657366],[13.51211563,52.5747145],[13.51342616,52.57466822],[13.51305662,52.57388821],[13.51311641,52.57278185]]]},"properties":{"plr_id":"11100101","plr_name":"Dörfer Malchow-Wartenberg","bzr_name":"Malchow, Wartenberg und Falkenberg","pgr_name":"Hohenschönhausen Nord","bez_id":"11","bez_name":"Lichtenberg","ew":3356,"mss_status_index":1,"mss_status_class":"hoch","mss_valid":true,"pet14h":36.5,"t2m04h":15.55,"canopy_pct":18.2,"veg_pct":82.6}},{"type":"Feature","geometry":{"type":"Polygon","coordinates":[[[13.56770477,52.57450911],[13.56650197,52.57617396],[13.56452295,52.57819732],[13.56055957,52.58124804],[13.5554721,52.5841502],[13.54698688,52.58764328],[13.53838773,52.57517647],[13.5370794,52.57282317],[13.53601539,52.57282064],[13.53597546,52.5726552],[13.53139506,52.5728876],[13.52968668,52.56997353],[13.53142687,52.57018829],[13.53248566,52.56994198],[13.5338814,52.56920646],[13.53383636,52.56881138],[13.53414988,52.56854527],[13.53580281,52.56771603],[13.53682644,52.56736804],[13.53789018,52.56780909],[13.54210663,52.56611859],[13.54458349,52.56690905],[13.54563297,52.56777301],[13.56441396,52.57219625],[13.56646457,52.57292997],[13.56655197,52.5731639],[13.56614184,52.57301497],[13.56770477,52.57450911]]]},"properties":{"plr_id":"11100102","plr_name":"Dorf Falkenberg","bzr_name":"Malchow, Wartenberg und Falkenberg","pgr_name":"Hohenschönhausen Nord","bez_id":"11","bez_name":"Lichtenberg","ew":3095,"mss_status_index":2,"mss_status_class":"mittel","mss_valid":true,"pet14h":38.59,"t2m04h":15.63,"canopy_pct":10.7,"veg_pct":83.0}},{"type":"Feature","geometry":{"type":"Polygon","coordinates":[[[13.52082036,52.56889536],[13.5214612,52.56758911],[13.52805551,52.56248654],[13.52876324,52.5627968],[13.52956101,52.56279745],[13.52956461,52.5618998],[13.52797806,52.55889207],[13.52870399,52.55934083],[13.53060646,52.55829952],[13.5339506,52.56038758],[13.54103796,52.56592911],[13.54190038,52.56609149],[13.53789018,52.56780909],[13.53682644,52.56736804],[13.53580281,52.56771603],[13.53414988,52.56854527],[13.53383636,52.56881138],[13.5338814,52.56920646],[13.53248566,52.56994198],[13.53142687,52.57018829],[13.52082036,52.56889536]]]},"properties":{"plr_id":"11100203","plr_name":"Falkenberg Ost","bzr_name":"Neu-Hohenschönhausen Nord","pgr_name":"Hohenschönhausen Nord","bez_id":"11","bez_name":"Lichtenberg","ew":9394,"mss_status_index":4,"mss_status_class":"sehr niedrig","mss_valid":true,"pet14h":33.67,"t2m04h":17.15,"canopy_pct":29.1,"veg_pct":67.5}},{"type":"Feature","geometry":{"type":"Polygon","coordinates":[[[13.51201585,52.56604296],[13.51238673,52.56575988],[13.51321857,52.5660663],[13.51587252,52.56372235],[13.52345725,52.55801707],[13.52549014,52.55612441],[13.52618369,52.5557982],[13.53060646,52.55829952],[13.52870399,52.55934083],[13.52797806,52.55889207],[13.52956461,52.5618998],[13.52956101,52.56279745],[13.52876324,52.5627968],[13.52805551,52.56248654],[13.5214612,52.56758911],[13.52082036,52.56889536],[13.51758504,52.56823551],[13.51740164,52.56838469],[13.515872,52.56778818],[13.51593188,52.567606],[13.51553866,52.56745133],[13.51493501,52.56754026],[13.51392287,52.56707355],[13.51419928,52.56685319],[13.51201585,52.56604296]]]},"properties":{"plr_id":"11100204","plr_name":"Falkenberg West","bzr_name":"Neu-Hohenschönhausen Nord","pgr_name":"Hohenschönhausen Nord","bez_id":"11","bez_name":"Lichtenberg","ew":7463,"mss_status_index":2,"mss_status_class":"mittel","mss_valid":true,"pet14h":34.68,"t2m04h":17.12,"canopy_pct":24.6,"veg_pct":62.6}},{"type":"Feature","geometry":{"type":"Polygon","coordinates":[[[13.53003014,52.57059764],[13.5253974,52.57116626],[13.52046309,52.57235282],[13.51789414,52.5725313],[13.51781974,52.57225931],[13.51662168,52.57230603],[13.51311641,52.57278185],[13.51261664,52.57190378],[13.50883963,52.57019843],[13.51137702,52.56816528],[13.51520802,52.56739135],[13.51740164,52.56838469],[13.51758504,52.56823551],[13.51990594,52.56878354],[13.52968668,52.56997353],[13.53003014,52.57059764]]]},"properties":{"plr_id":"11100205","plr_name":"Wartenberg Süd","bzr_name":"Neu-Hohenschönhausen Nord","pgr_name":"Hohenschönhausen Nord","bez_id":"11","bez_name":"Lichtenberg","ew":6304,"mss_status_index":4,"mss_status_class":"sehr niedrig","mss_valid":true,"pet14h":35.38,"t2m04h":17.49,"canopy_pct":21.1,"veg_pct":57.0}},{"type":"Feature","geometry":{"type":"Polygon","coordinates":[[[13.49881073,52.57650581],[13.51201585,52.56604296],[13.51419928,52.56685319],[13.51392287,52.56707355],[13.51463265,52.56740741],[13.51396096,52.56778809],[13.51137702,52.56816528],[13.50883963,52.57019843],[13.51247621,52.57183055],[13.51298563,52.57234977],[13.51305662,52.57388821],[13.51342616,52.57466822],[13.51211563,52.5747145],[13.51243766,52.57657366],[13.5114591,52.57668243],[13.51158401,52.57821177],[13.50994649,52.57825106],[13.51001247,52.57896028],[13.50517894,52.57777968],[13.50357006,52.57782287],[13.5006513,52.57738036],[13.49881073,52.57650581]]]},"properties":{"plr_id":"11100206","plr_name":"Wartenberg Nord","bzr_name":"Neu-Hohenschönhausen Nord","pgr_name":"Hohenschönhausen Nord","bez_id":"11","bez_name":"Lichtenberg","ew":7807,"mss_status_index":4,"mss_status_class":"sehr niedrig","mss_valid":true,"pet14h":35.3,"t2m04h":17.09,"canopy_pct":20.2,"veg_pct":54.5}},{"type":"Feature","geometry":{"type":"Polygon","coordinates":[[[13.50207269,52.56629511],[13.50525927,52.56355729],[13.50862103,52.5649881],[13.51201585,52.56604296],[13.4987221,52.57656264],[13.49811385,52.57529547],[13.49491235,52.57373591],[13.49323872,52.57364939],[13.49369739,52.57276873],[13.49404559,52.57271815],[13.50104168,52.5665914],[13.50155787,52.56621096],[13.50207269,52.56629511]]]},"properties":{"plr_id":"11100307","plr_name":"Zingster Straße Ost","bzr_name":"Neu-Hohenschönhausen Süd","pgr_name":"Hohenschönhausen Nord","bez_id":"11","bez_name":"Lichtenberg","ew":11702,"mss_status_index":3,"mss_status_class":"niedrig","mss_valid":true,"pet14h":33.25,"t2m04h":17.45,"canopy_pct":30.8,"veg_pct":57.6}},{"type":"Feature","geometry":{"type":"Polygon","coordinates":[[[13.4875885,52.5692187],[13.48359018,52.56611937],[13.48415428,52.56602669],[13.48367327,52.5644267],[13.5008498,52.5622554],[13.50496168,52.56398654],[13.50195848,52.56638012],[13.50155787,52.56621096],[13.50104168,52.5665914],[13.49404559,52.57271815],[13.49369739,52.57276873],[13.49323872,52.57364939],[13.49140471,52.57357827],[13.49180606,52.57278386],[13.49080467,52.572511],[13.49013315,52.57201835],[13.48993122,52.57155046],[13.4900212,52.57080532],[13.49089268,52.56926415],[13.48983154,52.56840851],[13.48960428,52.56823127],[13.4875885,52.5692187]]]},"properties":{"plr_id":"11100308","plr_name":"Zingster Straße West","bzr_name":"Neu-Hohenschönhausen Süd","pgr_name":"Hohenschönhausen Nord","bez_id":"11","bez_name":"Lichtenberg","ew":9886,"mss_status_index":4,"mss_status_class":"sehr niedrig","mss_valid":true,"pet14h":34.41,"t2m04h":17.15,"canopy_pct":25.9,"veg_pct":66.1}},{"type":"Feature","geometry":{"type":"Polygon","coordinates":[[[13.5008498,52.5622554],[13.5242305,52.55603318],[13.52494948,52.55531416],[13.52618369,52.5557982],[13.52549014,52.55612441],[13.52345725,52.55801707],[13.51587252,52.56372235],[13.51321857,52.5660663],[13.51238673,52.56575988],[13.51201585,52.56604296],[13.50862103,52.5649881],[13.50525927,52.56355729],[13.504886,52.56388288],[13.5008498,52.5622554]]]},"properties":{"plr_id":"11100309","plr_name":"Mühlengrund","bzr_name":"Neu-Hohenschönhausen Süd","pgr_name":"Hohenschönhausen Nord","bez_id":"11","bez_name":"Lichtenberg","ew":6569,"mss_status_index":2,"mss_status_class":"mittel","mss_valid":true,"pet14h":34.6,"t2m04h":17.48,"canopy_pct":26.2,"veg_pct":57.5}},{"type":"Feature","geometry":{"type":"Polygon","coordinates":[[[13.48606884,52.5641532],[13.48559562,52.56241831],[13.48532109,52.56227432],[13.48518779,52.56179871],[13.48539782,52.56155058],[13.48728924,52.56128809],[13.49085394,52.56008353],[13.4952781,52.55555597],[13.49561208,52.55470625],[13.49563784,52.55360833],[13.49442976,52.55078469],[13.49545134,52.55056488],[13.49590582,52.55142667],[13.50177385,52.55017849],[13.50845879,52.55021329],[13.5167445,52.55201158],[13.52315619,52.55095292],[13.52460278,52.55504075],[13.52501317,52.55522273],[13.5242305,52.55603318],[13.51576575,52.55816899],[13.50215147,52.56203652],[13.49939569,52.56256614],[13.48606884,52.5641532]]]},"properties":{"plr_id":"11200410","plr_name":"Malchower Weg","bzr_name":"Alt-Hohenschönhausen Nord","pgr_name":"Hohenschönhausen Süd","bez_id":"11","bez_name":"Lichtenberg","ew":10413,"mss_status_index":2,"mss_status_class":"mittel","mss_valid":true,"pet14h":38.74,"t2m04h":17.05,"canopy_pct":13.3,"veg_pct":58.1}},{"type":"Feature","geometry":{"type":"Polygon","coordinates":[[[13.4947946,52.54820981],[13.49893231,52.54455371],[13.50089432,52.54374355],[13.50082764,52.54357349],[13.50705824,52.54284046],[13.50727798,52.54306813],[13.51244921,52.54249459],[13.52015481,52.53979303],[13.52006369,52.53991478],[13.52429831,52.53796031],[13.52575001,52.53773406],[13.52769308,52.53786944],[13.52625012,52.53729202],[13.53159318,52.5386],[13.5312909,52.53889264],[13.53226495,52.53931467],[13.53189782,52.53952773],[13.53099236,52.54173609],[13.53057436,52.54352642],[13.53000733,52.54447116],[13.52723825,52.55227347],[13.52541301,52.5555055],[13.52460278,52.55504075],[13.52315619,52.55095292],[13.5167445,52.55201158],[13.50845879,52.55021329],[13.50252609,52.55011449],[13.49590582,52.55142667],[13.49545134,52.55056488],[13.49442976,52.55078469],[13.4941109,52.54989314],[13.49417297,52.5492081],[13.4947946,52.54820981]]]},"properties":{"plr_id":"11200411","plr_name":"Hauptstraße","bzr_name":"Alt-Hohenschönhausen Nord","pgr_name":"Hohenschönhausen Süd","bez_id":"11","bez_name":"Lichtenberg","ew":6917,"mss_status_index":2,"mss_status_class":"mittel","mss_valid":true,"pet14h":37.61,"t2m04h":17.99,"canopy_pct":12.4,"veg_pct":34.8}},{"type":"Feature","geometry":{"type":"Polygon","coordinates":[[[13.46736305,52.54832077],[13.46701748,52.54807104],[13.46986734,52.54028012],[13.47131967,52.5380737],[13.47309057,52.53620957],[13.47667714,52.53717752],[13.48428008,52.53994065],[13.49694688,52.54654395],[13.4943828,52.5487352],[13.4941109,52.54989314],[13.49441507,52.55079745],[13.48611684,52.55239844],[13.48222238,52.54964756],[13.4803719,52.54945192],[13.47974739,52.54962142],[13.47934197,52.54930299],[13.47976516,52.54910152],[13.48045953,52.54812052],[13.47964544,52.54754711],[13.46992893,52.54774191],[13.46852596,52.5482305],[13.46736305,52.54832077]]]},"properties":{"plr_id":"11200512","plr_name":"Orankesee","bzr_name":"Alt-Hohenschönhausen Süd","pgr_name":"Hohenschönhausen Süd","bez_id":"11","bez_name":"Lichtenberg","ew":3999,"mss_status_index":2,"mss_status_class":"mittel","mss_valid":true,"pet14h":34.51,"t2m04h":17.39,"canopy_pct":25.2,"veg_pct":58.4}},{"type":"Feature","geometry":{"type":"Polygon","coordinates":[[[13.49880566,52.53833939],[13.50089432,52.54374355],[13.49893231,52.54455371],[13.4968733,52.54650597],[13.48428008,52.53994065],[13.47795648,52.53762549],[13.48213239,52.53699725],[13.48315891,52.53762207],[13.48602773,52.53620959],[13.4880295,52.53751119],[13.48910815,52.53703689],[13.49493317,52.54063514],[13.49880566,52.53833939]]]},"properties":{"plr_id":"11200513","plr_name":"Große-Leege-Straße","bzr_name":"Alt-Hohenschönhausen Süd","pgr_name":"Hohenschönhausen Süd","bez_id":"11","bez_name":"Lichtenberg","ew":10466,"mss_status_index":2,"mss_status_class":"mittel","mss_valid":true,"pet14h":37.86,"t2m04h":18.16,"canopy_pct":17.8,"veg_pct":41.7}},{"type":"Feature","geometry":{"type":"Polygon","coordinates":[[[13.50556949,52.53847976],[13.49905548,52.53898432],[13.49880566,52.53833939],[13.49493317,52.54063514],[13.48910815,52.53703689],[13.4880295,52.53751119],[13.48602773,52.53620959],[13.48315891,52.53762207],[13.48213239,52.53699725],[13.47795648,52.53762549],[13.47309057,52.53620957],[13.47556914,52.53311888],[13.477115,52.53341779],[13.50465024,52.53486645],[13.50564919,52.53495367],[13.50556949,52.53847976]]]},"properties":{"plr_id":"11200514","plr_name":"Landsberger Allee","bzr_name":"Alt-Hohenschönhausen Süd","pgr_name":"Hohenschönhausen Süd","bez_id":"11","bez_name":"Lichtenberg","ew":16289,"mss_status_index":2,"mss_status_class":"mittel","mss_valid":true,"pet14h":35.51,"t2m04h":17.74,"canopy_pct":25.2,"veg_pct":55.0}},{"type":"Feature","geometry":{"type":"Polygon","coordinates":[[[13.50556949,52.53847976],[13.50563757,52.53477625],[13.52178943,52.53603954],[13.52371227,52.53644342],[13.52769308,52.53786944],[13.52575001,52.53773406],[13.52429831,52.53796031],[13.52006369,52.53991478],[13.52015481,52.53979303],[13.51244921,52.54249459],[13.50727798,52.54306813],[13.50705824,52.54284046],[13.50082764,52.54357349],[13.49905548,52.53898432],[13.50556949,52.53847976]]]},"properties":{"plr_id":"11200515","plr_name":"Weiße Taube","bzr_name":"Alt-Hohenschönhausen Süd","pgr_name":"Hohenschönhausen Süd","bez_id":"11","bez_name":"Lichtenberg","ew":5002,"mss_status_index":1,"mss_status_class":"hoch","mss_valid":true,"pet14h":38.99,"t2m04h":17.5,"canopy_pct":11.4,"veg_pct":52.7}},{"type":"Feature","geometry":{"type":"Polygon","coordinates":[[[13.46133627,52.53007905],[13.46182076,52.52993337],[13.47560826,52.53317917],[13.47131967,52.5380737],[13.46984057,52.54045837],[13.46731016,52.5384952],[13.46764766,52.53844978],[13.46638416,52.53665691],[13.46778523,52.53614182],[13.46874267,52.5347123],[13.46338944,52.53263378],[13.46133627,52.53007905]]]},"properties":{"plr_id":"11300616","plr_name":"Hohenschönhauser Straße","bzr_name":"Fennpfuhl","pgr_name":"Lichtenberg Nord","bez_id":"11","bez_name":"Lichtenberg","ew":5992,"mss_status_index":4,"mss_status_class":"sehr niedrig","mss_valid":true,"pet14h":34.69,"t2m04h":17.3,"canopy_pct":22.0,"veg_pct":55.7}},{"type":"Feature","geometry":{"type":"Polygon","coordinates":[[[13.4606745,52.52935794],[13.47795355,52.52644282],[13.47890637,52.52641868],[13.47907412,52.52732819],[13.47665502,52.53175405],[13.47556914,52.53311888],[13.46182076,52.52993337],[13.46133627,52.53007905],[13.4606745,52.52935794]]]},"properties":{"plr_id":"11300617","plr_name":"Fennpfuhlpark","bzr_name":"Fennpfuhl","pgr_name":"Lichtenberg Nord","bez_id":"11","bez_name":"Lichtenberg","ew":4407,"mss_status_index":3,"mss_status_class":"niedrig","mss_valid":true,"pet14h":32.88,"t2m04h":17.44,"canopy_pct":28.7,"veg_pct":52.7}},{"type":"Feature","geometry":{"type":"Polygon","coordinates":[[[13.46872497,52.52805447],[13.4606745,52.52935794],[13.4561965,52.52826483],[13.45817942,52.52639902],[13.45966789,52.5255104],[13.46275611,52.52450408],[13.46758495,52.52366098],[13.46665675,52.52400412],[13.46820663,52.52716818],[13.46869781,52.52714597],[13.46892052,52.52763789],[13.4685509,52.52766659],[13.46872497,52.52805447]]]},"properties":{"plr_id":"11300618","plr_name":"Storkower Bogen","bzr_name":"Fennpfuhl","pgr_name":"Lichtenberg Nord","bez_id":"11","bez_name":"Lichtenberg","ew":3850,"mss_status_index":2,"mss_status_class":"mittel","mss_valid":true,"pet14h":35.91,"t2m04h":17.94,"canopy_pct":24.9,"veg_pct":47.3}},{"type":"Feature","geometry":{"type":"Polygon","coordinates":[[[13.47339036,52.52308389],[13.48006495,52.52317481],[13.47988992,52.5232742],[13.47989247,52.52436734],[13.48020447,52.52648358],[13.4775025,52.52648301],[13.46872497,52.52805447],[13.4685509,52.52766659],[13.46892052,52.52763789],[13.46869781,52.52714597],[13.46820663,52.52716818],[13.46665675,52.52400412],[13.47022469,52.52309486],[13.47027198,52.5232711],[13.47339036,52.52308389]]]},"properties":{"plr_id":"11300619","plr_name":"Rudolf-Seiffert-Park","bzr_name":"Fennpfuhl","pgr_name":"Lichtenberg Nord","bez_id":"11","bez_name":"Lichtenberg","ew":8889,"mss_status_index":2,"mss_status_class":"mittel","mss_valid":true,"pet14h":34.56,"t2m04h":17.62,"canopy_pct":26.1,"veg_pct":50.4}},{"type":"Feature","geometry":{"type":"Polygon","coordinates":[[[13.47721491,52.53077141],[13.47907412,52.52732819],[13.47890637,52.52641868],[13.48020447,52.52648358],[13.47997,52.52555378],[13.47991794,52.52324114],[13.48564997,52.52327565],[13.48540604,52.5253356],[13.48564636,52.53032826],[13.48512619,52.53379172],[13.4763357,52.5333698],[13.47556914,52.53311888],[13.47721491,52.53077141]]]},"properties":{"plr_id":"11300620","plr_name":"Fennpfuhl Ost","bzr_name":"Fennpfuhl","pgr_name":"Lichtenberg Nord","bez_id":"11","bez_name":"Lichtenberg","ew":11346,"mss_status_index":2,"mss_status_class":"mittel","mss_valid":true,"pet14h":34.78,"t2m04h":17.83,"canopy_pct":24.7,"veg_pct":47.0}},{"type":"Feature","geometry":{"type":"Polygon","coordinates":[[[13.48512203,52.53386143],[13.48564636,52.53032826],[13.48540604,52.5253356],[13.48587281,52.52190817],[13.50203339,52.52163843],[13.5031748,52.52185787],[13.50392067,52.52227047],[13.50449874,52.52226128],[13.50486209,52.52146439],[13.50493724,52.5183445],[13.50463336,52.51834585],[13.50464376,52.51816134],[13.50608531,52.51785462],[13.50595468,52.52038393],[13.50738115,52.52038091],[13.50912638,52.51902614],[13.50965185,52.51832101],[13.50977336,52.51721459],[13.50881322,52.5153562],[13.50796591,52.51465224],[13.50837807,52.51437919],[13.51266754,52.51462829],[13.51874099,52.51444092],[13.51943686,52.52384419],[13.51885504,52.53118119],[13.51845654,52.5332979],[13.51687872,52.53554423],[13.50582981,52.53478616],[13.50564919,52.53495367],[13.49550604,52.53450386],[13.48512203,52.53386143]]]},"properties":{"plr_id":"11300721","plr_name":"Herzbergstraße","bzr_name":"Alt-Lichtenberg","pgr_name":"Lichtenberg Nord","bez_id":"11","bez_name":"Lichtenberg","ew":6848,"mss_status_index":2,"mss_status_class":"mittel","mss_valid":true,"pet14h":35.27,"t2m04h":17.43,"canopy_pct":24.4,"veg_pct":49.5}},{"type":"Feature","geometry":{"type":"Polygon","coordinates":[[[13.47543773,52.51343325],[13.4844197,52.51254276],[13.48609743,52.51851154],[13.48611842,52.52084158],[13.48564997,52.52327565],[13.47511644,52.52305234],[13.47027198,52.5232711],[13.47022469,52.52309486],[13.4676239,52.52370886],[13.47029864,52.52237926],[13.47213684,52.52066699],[13.47255432,52.52052712],[13.47375999,52.51908828],[13.47419662,52.51911655],[13.47654706,52.51517293],[13.47774771,52.51472919],[13.47748451,52.51438875],[13.47588688,52.51486301],[13.47543773,52.51343325]]]},"properties":{"plr_id":"11300722","plr_name":"Rathaus Lichtenberg","bzr_name":"Alt-Lichtenberg","pgr_name":"Lichtenberg Nord","bez_id":"11","bez_name":"Lichtenberg","ew":10326,"mss_status_index":2,"mss_status_class":"mittel","mss_valid":true,"pet14h":34.83,"t2m04h":17.84,"canopy_pct":26.2,"veg_pct":49.4}},{"type":"Feature","geometry":{"type":"Polygon","coordinates":[[[13.48609743,52.51851154],[13.50464376,52.51816134],[13.50463336,52.51834585],[13.50493724,52.5183445],[13.50485841,52.52155764],[13.50449874,52.52226128],[13.50392067,52.52227047],[13.5031748,52.52185787],[13.50203339,52.52163843],[13.48587281,52.52190817],[13.48611842,52.52084158],[13.48609743,52.51851154]]]},"properties":{"plr_id":"11300723","plr_name":"Bornitzstraße","bzr_name":"Alt-Lichtenberg","pgr_name":"Lichtenberg Nord","bez_id":"11","bez_name":"Lichtenberg","ew":2581,"mss_status_index":2,"mss_status_class":"mittel","mss_valid":true,"pet14h":38.15,"t2m04h":18.01,"canopy_pct":10.8,"veg_pct":33.7}},{"type":"Feature","geometry":{"type":"Polygon","coordinates":[[[13.4844197,52.51254276],[13.49261821,52.51158118],[13.49377789,52.51648526],[13.49413967,52.51731126],[13.49492,52.51723215],[13.49516941,52.51829388],[13.48600478,52.51841074],[13.4844197,52.51254276]]]},"properties":{"plr_id":"11300724","plr_name":"Roedeliusplatz","bzr_name":"Alt-Lichtenberg","pgr_name":"Lichtenberg Nord","bez_id":"11","bez_name":"Lichtenberg","ew":4372,"mss_status_index":2,"mss_status_class":"mittel","mss_valid":true,"pet14h":37.02,"t2m04h":18.29,"canopy_pct":17.7,"veg_pct":35.7}},{"type":"Feature","geometry":{"type":"Polygon","coordinates":[[[13.49261821,52.51158118],[13.4973142,52.51118312],[13.50256265,52.51322143],[13.50796591,52.51465224],[13.50897337,52.51562083],[13.50977336,52.51721459],[13.50976359,52.51808994],[13.50912638,52.51902614],[13.50738115,52.52038091],[13.50595468,52.52038393],[13.50608531,52.51785462],[13.50464376,52.51816134],[13.49516941,52.51829388],[13.49492,52.51723215],[13.49413967,52.51731126],[13.49377789,52.51648526],[13.49261821,52.51158118]]]},"properties":{"plr_id":"11300725","plr_name":"Nibelungenviertel","bzr_name":"Alt-Lichtenberg","pgr_name":"Lichtenberg Nord","bez_id":"11","bez_name":"Lichtenberg","ew":10202,"mss_status_index":2,"mss_status_class":"mittel","mss_valid":true,"pet14h":35.87,"t2m04h":17.99,"canopy_pct":23.1,"veg_pct":45.2}},{"type":"Feature","geometry":{"type":"Polygon","coordinates":[[[13.49974835,52.51104347],[13.4919038,52.51164299],[13.47543773,52.51343325],[13.47626648,52.51044084],[13.47582823,52.51025711],[13.47306644,52.5071262],[13.47340852,52.5069238],[13.47276894,52.50657476],[13.47574154,52.50708873],[13.47845357,52.50673269],[13.48151515,52.50533088],[13.48227252,52.50451365],[13.48274763,52.50350887],[13.48334757,52.50306852],[13.48624076,52.50410015],[13.49570716,52.50891993],[13.49596629,52.50870215],[13.49691304,52.50922309],[13.49734806,52.508935],[13.49782585,52.50987398],[13.49762854,52.50994711],[13.49974835,52.51104347]]]},"properties":{"plr_id":"11300826","plr_name":"Frankfurter Allee Süd","bzr_name":"Frankfurter Allee Süd","pgr_name":"Lichtenberg Nord","bez_id":"11","bez_name":"Lichtenberg","ew":10508,"mss_status_index":2,"mss_status_class":"mittel","mss_valid":true,"pet14h":36.9,"t2m04h":18.3,"canopy_pct":17.2,"veg_pct":41.2}},{"type":"Feature","geometry":{"type":"Polygon","coordinates":[[[13.47549611,52.50188279],[13.47564889,52.50222705],[13.47784452,52.50216701],[13.48143921,52.50248061],[13.48337972,52.50299879],[13.48274763,52.50350887],[13.48203384,52.50484192],[13.48087361,52.50575367],[13.47845357,52.50673269],[13.47574154,52.50708873],[13.472804,52.50649108],[13.4717491,52.50573561],[13.47020694,52.50374279],[13.46982907,52.50266229],[13.47494097,52.50167675],[13.47549611,52.50188279]]]},"properties":{"plr_id":"11400927","plr_name":"Victoriastadt","bzr_name":"Neu-Lichtenberg","pgr_name":"Lichtenberg Mitte","bez_id":"11","bez_name":"Lichtenberg","ew":4173,"mss_status_index":2,"mss_status_class":"mittel","mss_valid":true,"pet14h":36.43,"t2m04h":18.59,"canopy_pct":14.2,"veg_pct":33.3}},{"type":"Feature","geometry":{"type":"Polygon","coordinates":[[[13.49795177,52.49949778],[13.49494796,52.50048152],[13.48368986,52.50316107],[13.48143921,52.50248061],[13.47784452,52.50216701],[13.47564889,52.50222705],[13.47549611,52.50188279],[13.4794013,52.50114707],[13.49772576,52.49406734],[13.49814074,52.49463612],[13.49794972,52.4949122],[13.49837735,52.49592402],[13.49777329,52.4960537],[13.49807076,52.49669405],[13.49667253,52.49694201],[13.49795177,52.49949778]]]},"properties":{"plr_id":"11400928","plr_name":"Nöldnerplatz","bzr_name":"Neu-Lichtenberg","pgr_name":"Lichtenberg Mitte","bez_id":"11","bez_name":"Lichtenberg","ew":2933,"mss_status_index":2,"mss_status_class":"mittel","mss_valid":true,"pet14h":35.92,"t2m04h":17.58,"canopy_pct":20.7,"veg_pct":53.6}},{"type":"Feature","geometry":{"type":"Polygon","coordinates":[[[13.48368986,52.50316107],[13.49644962,52.49999539],[13.49688186,52.50057591],[13.49977446,52.50129787],[13.4995757,52.50149384],[13.50503727,52.50908775],[13.50083376,52.5104187],[13.50090856,52.51084649],[13.49974835,52.51104347],[13.49762854,52.50994711],[13.49782585,52.50987398],[13.49734806,52.508935],[13.49691304,52.50922309],[13.49596629,52.50870215],[13.49570716,52.50891993],[13.48685478,52.50439336],[13.48368986,52.50316107]]]},"properties":{"plr_id":"11400929","plr_name":"Weitlingkiez","bzr_name":"Neu-Lichtenberg","pgr_name":"Lichtenberg Mitte","bez_id":"11","bez_name":"Lichtenberg","ew":16901,"mss_status_index":2,"mss_status_class":"mittel","mss_valid":true,"pet14h":36.14,"t2m04h":18.37,"canopy_pct":24.1,"veg_pct":44.1}},{"type":"Feature","geometry":{"type":"Polygon","coordinates":[[[13.50503727,52.50908775],[13.4995757,52.50149384],[13.49977446,52.50129787],[13.50971217,52.50332331],[13.51351716,52.50530386],[13.51207347,52.50682475],[13.51149585,52.50670881],[13.51096972,52.50722988],[13.50503727,52.50908775]]]},"properties":{"plr_id":"11400930","plr_name":"Zachertstraße","bzr_name":"Neu-Lichtenberg","pgr_name":"Lichtenberg Mitte","bez_id":"11","bez_name":"Lichtenberg","ew":4760,"mss_status_index":2,"mss_status_class":"mittel","mss_valid":true,"pet14h":35.29,"t2m04h":17.81,"canopy_pct":27.3,"veg_pct":58.5}},{"type":"Feature","geometry":{"type":"Polygon","coordinates":[[[13.5144621,52.50977953],[13.50090856,52.51084649],[13.50080359,52.51071537],[13.50097144,52.51058142],[13.50083376,52.5104187],[13.51096972,52.50722988],[13.51149585,52.50670881],[13.51207347,52.50682475],[13.51351716,52.50530386],[13.52004935,52.50578919],[13.51975846,52.5069918],[13.52026665,52.50705805],[13.51971913,52.50860687],[13.51996266,52.50901834],[13.51988088,52.50996453],[13.51455108,52.51029342],[13.5144621,52.50977953]]]},"properties":{"plr_id":"11400931","plr_name":"Massower Straße","bzr_name":"Neu-Lichtenberg","pgr_name":"Lichtenberg Mitte","bez_id":"11","bez_name":"Lichtenberg","ew":7064,"mss_status_index":2,"mss_status_class":"mittel","mss_valid":true,"pet14h":36.51,"t2m04h":18.28,"canopy_pct":21.1,"veg_pct":41.6}},{"type":"Feature","geometry":{"type":"Polygon","coordinates":[[[13.51859912,52.51453558],[13.51266754,52.51462829],[13.50837807,52.51437919],[13.50796591,52.51465224],[13.50256265,52.51322143],[13.49752782,52.51125404],[13.5144621,52.50977953],[13.51455108,52.51029342],[13.51987623,52.50996481],[13.51935911,52.51044138],[13.5193059,52.5140267],[13.51855295,52.51391158],[13.51859912,52.51453558]]]},"properties":{"plr_id":"11401032","plr_name":"Rosenfelder Ring","bzr_name":"Friedrichsfelde Nord","pgr_name":"Lichtenberg Mitte","bez_id":"11","bez_name":"Lichtenberg","ew":6292,"mss_status_index":2,"mss_status_class":"mittel","mss_valid":true,"pet14h":35.62,"t2m04h":18.16,"canopy_pct":20.6,"veg_pct":40.7}},{"type":"Feature","geometry":{"type":"Polygon","coordinates":[[[13.51930307,52.51389627],[13.51935911,52.51044138],[13.51987623,52.50996481],[13.5245325,52.51077027],[13.52638578,52.51069996],[13.52625744,52.51041711],[13.52529927,52.51042507],[13.52517411,52.51022174],[13.53115918,52.51075749],[13.53269018,52.51069181],[13.53262661,52.51014565],[13.53821143,52.50990939],[13.53784749,52.50993415],[13.53782211,52.51109506],[13.53732325,52.51210522],[13.53629621,52.51288178],[13.53443197,52.51354435],[13.51930307,52.51389627]]]},"properties":{"plr_id":"11401033","plr_name":"Gensinger Straße","bzr_name":"Friedrichsfelde Nord","pgr_name":"Lichtenberg Mitte","bez_id":"11","bez_name":"Lichtenberg","ew":6890,"mss_status_index":2,"mss_status_class":"mittel","mss_valid":true,"pet14h":34.25,"t2m04h":17.55,"canopy_pct":27.2,"veg_pct":57.2}},{"type":"Feature","geometry":{"type":"Polygon","coordinates":[[[13.5222584,52.50002696],[13.52587068,52.49436902],[13.54173674,52.49829749],[13.53949354,52.49854453],[13.53519831,52.50555049],[13.53629463,52.50640644],[13.53621362,52.5099938],[13.53262661,52.51014565],[13.53269018,52.51069181],[13.53115918,52.51075749],[13.52517411,52.51022174],[13.52529927,52.51042507],[13.52625744,52.51041711],[13.52638578,52.51069996],[13.52484272,52.51077513],[13.51988088,52.50996453],[13.51996266,52.50901834],[13.51971913,52.50860687],[13.52026665,52.50705805],[13.51975846,52.5069918],[13.52014507,52.50543079],[13.5222584,52.50002696]]]},"properties":{"plr_id":"11401034","plr_name":"Tierpark","bzr_name":"Friedrichsfelde Nord","pgr_name":"Lichtenberg Mitte","bez_id":"11","bez_name":"Lichtenberg","ew":3379,"mss_status_index":2,"mss_status_class":"mittel","mss_valid":true,"pet14h":30.89,"t2m04h":16.82,"canopy_pct":45.2,"veg_pct":74.6}},{"type":"Feature","geometry":{"type":"Polygon","coordinates":[[[13.51628941,52.49203315],[13.51354833,52.49554834],[13.50763006,52.49655928],[13.49795177,52.49949778],[13.49667253,52.49694201],[13.49807076,52.49669405],[13.49777329,52.4960537],[13.49837735,52.49592402],[13.49794972,52.4949122],[13.49814074,52.49463612],[13.49772576,52.49406734],[13.49896194,52.49337558],[13.49988188,52.49341225],[13.49994699,52.49309464],[13.50581474,52.49156678],[13.50564406,52.4912075],[13.50712279,52.49087937],[13.51074129,52.4909165],[13.51628941,52.49203315]]]},"properties":{"plr_id":"11401135","plr_name":"Dolgenseestraße","bzr_name":"Friedrichsfelde Süd","pgr_name":"Lichtenberg Mitte","bez_id":"11","bez_name":"Lichtenberg","ew":11011,"mss_status_index":2,"mss_status_class":"mittel","mss_valid":true,"pet14h":33.24,"t2m04h":17.52,"canopy_pct":35.8,"veg_pct":62.1}},{"type":"Feature","geometry":{"type":"Polygon","coordinates":[[[13.51351716,52.50530386],[13.50999775,52.50341028],[13.50121218,52.50170081],[13.49690543,52.5005851],[13.49644962,52.49999539],[13.50792617,52.49648567],[13.51388839,52.49535885],[13.51478964,52.49558684],[13.51464293,52.49582295],[13.5155641,52.49596808],[13.51616368,52.49726713],[13.51516635,52.49742892],[13.51553797,52.49807562],[13.51528044,52.49842183],[13.51562128,52.49911942],[13.51532285,52.49917023],[13.51591176,52.49968436],[13.51610058,52.5005705],[13.51610178,52.50194072],[13.5155431,52.50340838],[13.51351716,52.50530386]]]},"properties":{"plr_id":"11401136","plr_name":"Volkradstraße","bzr_name":"Friedrichsfelde Süd","pgr_name":"Lichtenberg Mitte","bez_id":"11","bez_name":"Lichtenberg","ew":8336,"mss_status_index":2,"mss_status_class":"mittel","mss_valid":true,"pet14h":34.41,"t2m04h":17.35,"canopy_pct":34.1,"veg_pct":63.0}},{"type":"Feature","geometry":{"type":"Polygon","coordinates":[[[13.51628941,52.49203315],[13.52587068,52.49436902],[13.5222584,52.50002696],[13.52004935,52.50578919],[13.51351716,52.50530386],[13.5155431,52.50340838],[13.51607449,52.50213447],[13.51610058,52.5005705],[13.51591176,52.49968436],[13.51532285,52.49917023],[13.51562128,52.49911942],[13.51528044,52.49842183],[13.51553797,52.49807562],[13.51516635,52.49742892],[13.51616368,52.49726713],[13.5155641,52.49596808],[13.51464293,52.49582295],[13.51478964,52.49558684],[13.51388839,52.49535885],[13.51628941,52.49203315]]]},"properties":{"plr_id":"11401137","plr_name":"Erieseering","bzr_name":"Friedrichsfelde Süd","pgr_name":"Lichtenberg Mitte","bez_id":"11","bez_name":"Lichtenberg","ew":9004,"mss_status_index":2,"mss_status_class":"mittel","mss_valid":true,"pet14h":34.75,"t2m04h":17.88,"canopy_pct":25.0,"veg_pct":45.6}},{"type":"Feature","geometry":{"type":"Polygon","coordinates":[[[13.47308045,52.4989907],[13.48414544,52.49165809],[13.48493595,52.49160383],[13.48608748,52.49079878],[13.48846208,52.48988828],[13.48881286,52.48924859],[13.49145351,52.48826568],[13.49070908,52.48744373],[13.49274138,52.48581721],[13.49417901,52.48312085],[13.49785321,52.48328363],[13.5019843,52.48257194],[13.50123653,52.48340288],[13.50562114,52.48449777],[13.51141949,52.48443599],[13.51562645,52.48575022],[13.51530076,52.48589164],[13.51562151,52.48595548],[13.5112821,52.48874255],[13.50564406,52.4912075],[13.50581474,52.49156678],[13.50152983,52.49258445],[13.49994699,52.49309464],[13.49988188,52.49341225],[13.49896194,52.49337558],[13.49695763,52.49442812],[13.47891358,52.50130882],[13.47549611,52.50188279],[13.47540062,52.50170331],[13.47433928,52.50175973],[13.46982907,52.50266229],[13.46857269,52.49965174],[13.47308045,52.4989907]]]},"properties":{"plr_id":"11501238","plr_name":"Rummelsburg","bzr_name":"Rummelsburger Bucht","pgr_name":"Lichtenberg Süd","bez_id":"11","bez_name":"Lichtenberg","ew":4899,"mss_status_index":1,"mss_status_class":"hoch","mss_valid":true,"pet14h":37.31,"t2m04h":18.06,"canopy_pct":9.0,"veg_pct":29.2}},{"type":"Feature","geometry":{"type":"Polygon","coordinates":[[[13.52519932,52.48211181],[13.52784966,52.49026329],[13.52821346,52.49030229],[13.52580023,52.4943489],[13.51298044,52.49124157],[13.50987943,52.49089686],[13.50712279,52.49087937],[13.50595745,52.491097],[13.5112821,52.48874255],[13.51562151,52.48595548],[13.51530076,52.48589164],[13.52522969,52.4815259],[13.52519932,52.48211181]]]},"properties":{"plr_id":"11501339","plr_name":"Karlshorst West","bzr_name":"Karlshorst","pgr_name":"Lichtenberg Süd","bez_id":"11","bez_name":"Lichtenberg","ew":10574,"mss_status_index":2,"mss_status_class":"mittel","mss_valid":true,"pet14h":36.78,"t2m04h":17.71,"canopy_pct":20.5,"veg_pct":54.1}},{"type":"Feature","geometry":{"type":"Polygon","coordinates":[[[13.54476203,52.49321448],[13.54445195,52.49547968],[13.54380677,52.49592661],[13.54408497,52.49620795],[13.54214158,52.49825233],[13.54173674,52.49829749],[13.52580023,52.4943489],[13.52821346,52.49030229],[13.52784966,52.49026329],[13.52519932,52.48211181],[13.52522969,52.4815259],[13.54206762,52.47398799],[13.54847835,52.47331168],[13.54799117,52.47386636],[13.55259716,52.47365233],[13.55204833,52.47374794],[13.55085697,52.47701551],[13.54845137,52.47977766],[13.54788337,52.4797801],[13.54791588,52.48251375],[13.54828259,52.48248146],[13.54910467,52.48374147],[13.54989271,52.48445031],[13.55020761,52.48518651],[13.54625395,52.49176556],[13.54476203,52.49321448]]]},"properties":{"plr_id":"11501340","plr_name":"Karlshorst Nord","bzr_name":"Karlshorst","pgr_name":"Lichtenberg Süd","bez_id":"11","bez_name":"Lichtenberg","ew":11246,"mss_status_index":2,"mss_status_class":"mittel","mss_valid":true,"pet14h":35.9,"t2m04h":16.8,"canopy_pct":22.8,"veg_pct":67.8}},{"type":"Feature","geometry":{"type":"Polygon","coordinates":[[[13.53986589,52.47499354],[13.51562645,52.48575022],[13.51141949,52.48443599],[13.50562114,52.48449777],[13.50123653,52.48340288],[13.5019843,52.48257194],[13.50432415,52.47812455],[13.50784667,52.47490386],[13.5129681,52.47566131],[13.51461681,52.47569674],[13.5165186,52.47537307],[13.52031543,52.47407001],[13.52158083,52.47521756],[13.52366761,52.47386377],[13.53077195,52.46793769],[13.53986589,52.47499354]]]},"properties":{"plr_id":"11501341","plr_name":"Karlshorst Süd","bzr_name":"Karlshorst","pgr_name":"Lichtenberg Süd","bez_id":"11","bez_name":"Lichtenberg","ew":10103,"mss_status_index":1,"mss_status_class":"hoch","mss_valid":true,"pet14h":35.77,"t2m04h":17.09,"canopy_pct":23.8,"veg_pct":58.6}},{"type":"Feature","geometry":{"type":"Polygon","coordinates":[[[13.37083123,52.56054118],[13.37714766,52.56066175],[13.37914924,52.56831815],[13.36325035,52.5663556],[13.36476454,52.56302061],[13.36418274,52.56298882],[13.365104,52.55811784],[13.36665727,52.55822765],[13.37083123,52.56054118]]]},"properties":{"plr_id":"12100101","plr_name":"Letteplatz","bzr_name":"Ost 1 - Reginhardstraße","pgr_name":"Reinickendorf Ost","bez_id":"12","bez_name":"Reinickendorf","ew":11188,"mss_status_index":3,"mss_status_class":"niedrig","mss_valid":true,"pet14h":36.29,"t2m04h":18.23,"canopy_pct":25.3,"veg_pct":44.0}},{"type":"Feature","geometry":{"type":"Polygon","coordinates":[[[13.38790214,52.56731013],[13.38928166,52.56824255],[13.38777478,52.56914698],[13.38826389,52.56947889],[13.38308223,52.57233292],[13.38223895,52.57202123],[13.3796847,52.57252429],[13.37927082,52.57309476],[13.3790359,52.57306615],[13.37891684,52.57345462],[13.37858928,52.57341349],[13.3784831,52.57371631],[13.37815697,52.57361448],[13.37624907,52.57494499],[13.37376067,52.57470295],[13.37477255,52.57409897],[13.37028705,52.57026452],[13.36245769,52.56784892],[13.36325035,52.5663556],[13.37914924,52.56831815],[13.37867647,52.56613882],[13.38115999,52.5664225],[13.38429777,52.56771348],[13.38790214,52.56731013]]]},"properties":{"plr_id":"12100102","plr_name":"Hausotterplatz","bzr_name":"Ost 1 - Reginhardstraße","pgr_name":"Reinickendorf Ost","bez_id":"12","bez_name":"Reinickendorf","ew":9980,"mss_status_index":3,"mss_status_class":"niedrig","mss_valid":true,"pet14h":35.49,"t2m04h":18.09,"canopy_pct":26.9,"veg_pct":45.8}},{"type":"Feature","geometry":{"type":"Polygon","coordinates":[[[13.37028705,52.57026452],[13.37477255,52.57409897],[13.37376067,52.57470295],[13.37511856,52.57474544],[13.37192518,52.57645226],[13.37177606,52.57629801],[13.36489212,52.57657146],[13.36106067,52.57691636],[13.36068321,52.57682675],[13.35912403,52.57451243],[13.35876394,52.57439965],[13.35869274,52.57400553],[13.35890106,52.57314814],[13.35928985,52.57290456],[13.36154572,52.56859725],[13.36196357,52.56880185],[13.36245769,52.56784892],[13.37028705,52.57026452]]]},"properties":{"plr_id":"12100103","plr_name":"Breitkopfbecken","bzr_name":"Ost 1 - Reginhardstraße","pgr_name":"Reinickendorf Ost","bez_id":"12","bez_name":"Reinickendorf","ew":7592,"mss_status_index":3,"mss_status_class":"niedrig","mss_valid":true,"pet14h":34.13,"t2m04h":17.92,"canopy_pct":32.4,"veg_pct":50.6}},{"type":"Feature","geometry":{"type":"Polygon","coordinates":[[[13.3645243,52.56117599],[13.36418274,52.56298882],[13.36476454,52.56302061],[13.36439866,52.56416959],[13.36196357,52.56880185],[13.36154572,52.56859725],[13.36059675,52.57013456],[13.35157981,52.56739021],[13.3376481,52.56591367],[13.33584395,52.56526204],[13.33088945,52.56259184],[13.33223902,52.56186766],[13.33710188,52.5644564],[13.34908893,52.56192867],[13.35971467,52.56185488],[13.36009759,52.56047164],[13.3645243,52.56117599]]]},"properties":{"plr_id":"12100204","plr_name":"Schäfersee","bzr_name":"Ost 2 - Alt-Reinickendorf","pgr_name":"Reinickendorf Ost","bez_id":"12","bez_name":"Reinickendorf","ew":9554,"mss_status_index":2,"mss_status_class":"mittel","mss_valid":true,"pet14h":33.23,"t2m04h":17.51,"canopy_pct":31.8,"veg_pct":59.3}},{"type":"Feature","geometry":{"type":"Polygon","coordinates":[[[13.34755712,52.59008323],[13.33995359,52.58829105],[13.34563264,52.58088627],[13.33966466,52.57926347],[13.33880208,52.57892053],[13.33879875,52.57864415],[13.34727104,52.57826583],[13.34766163,52.57727079],[13.34745762,52.57420727],[13.34665782,52.57432994],[13.34325507,52.57346166],[13.33790554,52.57133876],[13.33025842,52.56920116],[13.32840343,52.56436465],[13.32861937,52.56392531],[13.33088993,52.56260837],[13.33584395,52.56526204],[13.3376481,52.56591367],[13.35157981,52.56739021],[13.36076016,52.57009253],[13.35928985,52.57290456],[13.35890106,52.57314814],[13.35869274,52.57400553],[13.35876394,52.57439965],[13.35912403,52.57451243],[13.36068321,52.57682675],[13.36106067,52.57691636],[13.36489212,52.57657146],[13.37177606,52.57629801],[13.37192518,52.57645226],[13.37472257,52.57490432],[13.37624907,52.57494499],[13.37472316,52.5758476],[13.37118136,52.57728941],[13.36401149,52.58146804],[13.3638679,52.58125233],[13.36345117,52.58143325],[13.35881352,52.58417172],[13.35781811,52.58438675],[13.34979132,52.58890973],[13.34991952,52.58923932],[13.34913344,52.58920032],[13.34755712,52.59008323]]]},"properties":{"plr_id":"12100205","plr_name":"Teichstraße","bzr_name":"Ost 2 - Alt-Reinickendorf","pgr_name":"Reinickendorf Ost","bez_id":"12","bez_name":"Reinickendorf","ew":13988,"mss_status_index":3,"mss_status_class":"niedrig","mss_valid":true,"pet14h":35.53,"t2m04h":17.64,"canopy_pct":24.7,"veg_pct":47.9}},{"type":"Feature","geometry":{"type":"Polygon","coordinates":[[[13.34389922,52.57362692],[13.34665782,52.57432994],[13.34745762,52.57420727],[13.34766163,52.57727079],[13.34727104,52.57826583],[13.33879875,52.57864415],[13.33880208,52.57892053],[13.33652455,52.57846124],[13.33324822,52.57837354],[13.33008768,52.56905594],[13.33218358,52.56988004],[13.33790554,52.57133876],[13.34389922,52.57362692]]]},"properties":{"plr_id":"12100206","plr_name":"Humboldtstraße","bzr_name":"Ost 2 - Alt-Reinickendorf","pgr_name":"Reinickendorf Ost","bez_id":"12","bez_name":"Reinickendorf","ew":4780,"mss_status_index":2,"mss_status_class":"mittel","mss_valid":true,"pet14h":34.34,"t2m04h":17.18,"canopy_pct":27.8,"veg_pct":59.8}},{"type":"Feature","geometry":{"type":"Polygon","coordinates":[[[13.31909933,52.57804555],[13.31877599,52.5762513],[13.32339384,52.57594066],[13.32325167,52.57392709],[13.32691225,52.57376748],[13.32648823,52.57181912],[13.32697495,52.57175422],[13.32618305,52.56962134],[13.33008768,52.56905594],[13.33309556,52.57823855],[13.3268981,52.57811797],[13.32479086,52.57869179],[13.31909933,52.57804555]]]},"properties":{"plr_id":"12200307","plr_name":"Reinickes Hof","bzr_name":"West 4 - Auguste-Viktoria-Allee","pgr_name":"Tegel","bez_id":"12","bez_name":"Reinickendorf","ew":2804,"mss_status_index":3,"mss_status_class":"niedrig","mss_valid":true,"pet14h":38.29,"t2m04h":18.57,"canopy_pct":13.7,"veg_pct":27.7}},{"type":"Feature","geometry":{"type":"Polygon","coordinates":[[[13.31909933,52.57804555],[13.31561043,52.57766738],[13.3133237,52.57131269],[13.32617074,52.56958778],[13.32697495,52.57175422],[13.32648823,52.57181912],[13.32691225,52.57376748],[13.32325167,52.57392709],[13.32339384,52.57594066],[13.31877599,52.5762513],[13.31909933,52.57804555]]]},"properties":{"plr_id":"12200308","plr_name":"Meller Bogen","bzr_name":"West 4 - Auguste-Viktoria-Allee","pgr_name":"Tegel","bez_id":"12","bez_name":"Reinickendorf","ew":5868,"mss_status_index":2,"mss_status_class":"mittel","mss_valid":true,"pet14h":36.15,"t2m04h":17.59,"canopy_pct":24.7,"veg_pct":49.9}},{"type":"Feature","geometry":{"type":"Polygon","coordinates":[[[13.31165162,52.56721239],[13.32671389,52.56343352],[13.32626924,52.56244747],[13.33092293,52.56215132],[13.33179214,52.56165922],[13.33223902,52.56186766],[13.32842564,52.56420134],[13.33008768,52.56905594],[13.3133237,52.57131269],[13.31227433,52.56802117],[13.31165162,52.56721239]]]},"properties":{"plr_id":"12200309","plr_name":"Scharnweberstraße","bzr_name":"West 4 - Auguste-Viktoria-Allee","pgr_name":"Tegel","bez_id":"12","bez_name":"Reinickendorf","ew":11286,"mss_status_index":4,"mss_status_class":"sehr niedrig","mss_valid":true,"pet14h":37.2,"t2m04h":18.3,"canopy_pct":19.2,"veg_pct":38.7}},{"type":"Feature","geometry":{"type":"Polygon","coordinates":[[[13.31505077,52.57777177],[13.30822601,52.57771425],[13.30824567,52.57744399],[13.3003671,52.56997806],[13.30072499,52.5698296],[13.30039761,52.56966469],[13.30359824,52.56838846],[13.30575626,52.56798611],[13.30742418,52.56621282],[13.31075215,52.56479146],[13.31136908,52.56564646],[13.31101845,52.56578078],[13.31108816,52.56644795],[13.31227433,52.56802117],[13.31560194,52.57751432],[13.31543317,52.57771684],[13.31492108,52.57765009],[13.31505077,52.57777177]]]},"properties":{"plr_id":"12200310","plr_name":"Klixstraße","bzr_name":"West 4 - Auguste-Viktoria-Allee","pgr_name":"Tegel","bez_id":"12","bez_name":"Reinickendorf","ew":8284,"mss_status_index":4,"mss_status_class":"sehr niedrig","mss_valid":true,"pet14h":35.96,"t2m04h":17.49,"canopy_pct":22.0,"veg_pct":50.7}},{"type":"Feature","geometry":{"type":"Polygon","coordinates":[[[13.32590801,52.56122865],[13.32675951,52.5622555],[13.32626924,52.56244747],[13.32671389,52.56343352],[13.31159712,52.56722446],[13.31104772,52.5663312],[13.31103975,52.56573231],[13.31136908,52.56564646],[13.31075215,52.56479146],[13.31065548,52.56422016],[13.31121251,52.56110682],[13.31115504,52.56020013],[13.31088361,52.55936228],[13.3096702,52.55772206],[13.31743834,52.55967208],[13.32390445,52.56056938],[13.32590801,52.56122865]]]},"properties":{"plr_id":"12200411","plr_name":"Schumacher-Quartier","bzr_name":"West 1 - Tegel-Süd/Flughafensee","pgr_name":"Tegel","bez_id":"12","bez_name":"Reinickendorf","ew":294,"mss_status_index":null,"mss_status_class":"Planungsraum ohne Zuordnung","mss_valid":false,"pet14h":38.17,"t2m04h":16.69,"canopy_pct":10.9,"veg_pct":69.4}},{"type":"Feature","geometry":{"type":"Polygon","coordinates":[[[13.29391284,52.58271997],[13.29218722,52.58275483],[13.29163608,52.58383309],[13.29166132,52.58425822],[13.29028255,52.58599759],[13.28760049,52.585735],[13.2910026,52.58158863],[13.29037875,52.58154517],[13.29387631,52.57712517],[13.29421967,52.5763106],[13.29187099,52.57563909],[13.26634312,52.5760132],[13.26515342,52.57576667],[13.26401599,52.57517701],[13.26336604,52.57562538],[13.2610507,52.57430673],[13.25898813,52.57376522],[13.25818358,52.57292542],[13.25810267,52.57214393],[13.2578319,52.57206617],[13.25808763,52.57200159],[13.25804933,52.57173061],[13.25790713,52.57126758],[13.25757946,52.57109459],[13.25772851,52.57106264],[13.25737675,52.57010724],[13.25575918,52.56802341],[13.25571776,52.5673155],[13.2559711,52.56774537],[13.25593218,52.56722827],[13.25556025,52.56674857],[13.25480696,52.5664803],[13.25396964,52.56506406],[13.25256309,52.56486129],[13.25050385,52.56402078],[13.24951939,52.56394386],[13.2492304,52.56417874],[13.24803899,52.56385941],[13.24781916,52.5637046],[13.24805343,52.56307847],[13.24790093,52.56277029],[13.24707643,52.56235496],[13.2436621,52.56228554],[13.24165855,52.56187821],[13.24069465,52.56120838],[13.24009033,52.56018805],[13.23922023,52.55970424],[13.23904275,52.55919143],[13.23942535,52.55894336],[13.2404816,52.55899065],[13.24160705,52.55963129],[13.24237473,52.55968019],[13.24232832,52.55716167],[13.24964192,52.55353379],[13.24992775,52.55367597],[13.25259152,52.55311197],[13.25717719,52.55356304],[13.25635417,52.55692781],[13.25735872,52.55796076],[13.27352055,52.56329187],[13.28070291,52.56403071],[13.29738074,52.56650327],[13.29759865,52.56514648],[13.29828999,52.56521284],[13.29846048,52.56569485],[13.30042743,52.56596476],[13.30049802,52.56569377],[13.30071298,52.56571328],[13.30063502,52.56672595],[13.30350693,52.56701053],[13.30385042,52.56620691],[13.30703328,52.56648883],[13.30575626,52.56798611],[13.30280157,52.56867272],[13.30049181,52.56961323],[13.30072499,52.5698296],[13.3003671,52.56997806],[13.30824567,52.57744399],[13.30822601,52.57771425],[13.29855682,52.58064585],[13.29873891,52.58071348],[13.29553783,52.58181339],[13.29391284,52.58271997]]]},"properties":{"plr_id":"12200412","plr_name":"Waldidyll/Flughafensee","bzr_name":"West 1 - Tegel-Süd/Flughafensee","pgr_name":"Tegel","bez_id":"12","bez_name":"Reinickendorf","ew":6518,"mss_status_index":2,"mss_status_class":"mittel","mss_valid":true,"pet14h":29.65,"t2m04h":17.89,"canopy_pct":59.6,"veg_pct":73.7}},{"type":"Feature","geometry":{"type":"Polygon","coordinates":[[[13.27552842,52.57945038],[13.27519839,52.58143656],[13.27407257,52.58132031],[13.27380422,52.58089045],[13.27366047,52.57965578],[13.2748553,52.57827674],[13.27471462,52.57786799],[13.27366916,52.57804445],[13.27085371,52.57793389],[13.27016657,52.57857369],[13.26896114,52.57857022],[13.26738308,52.5781703],[13.26376322,52.57620465],[13.26336604,52.57562538],[13.26401599,52.57517701],[13.26515342,52.57576667],[13.26634312,52.5760132],[13.29187099,52.57563909],[13.29429427,52.57638558],[13.29037875,52.58154517],[13.28683966,52.58145679],[13.28716204,52.58096246],[13.28688145,52.58095199],[13.287558,52.57995156],[13.28384138,52.57974997],[13.28325673,52.57994086],[13.28368967,52.57885734],[13.28347956,52.57868194],[13.27891255,52.57848181],[13.27863084,52.57873382],[13.27900563,52.57988722],[13.27747459,52.58016521],[13.27701518,52.57961033],[13.27598621,52.57970792],[13.27585822,52.57940866],[13.27552842,52.57945038]]]},"properties":{"plr_id":"12200413","plr_name":"Tegel Süd","bzr_name":"West 1 - Tegel-Süd/Flughafensee","pgr_name":"Tegel","bez_id":"12","bez_name":"Reinickendorf","ew":8103,"mss_status_index":3,"mss_status_class":"niedrig","mss_valid":true,"pet14h":33.06,"t2m04h":17.62,"canopy_pct":33.7,"veg_pct":56.9}},{"type":"Feature","geometry":{"type":"Polygon","coordinates":[[[13.30153046,52.54880639],[13.31054318,52.55886724],[13.31108615,52.55992492],[13.31121251,52.56110682],[13.31066982,52.56369576],[13.31075215,52.56479146],[13.30922873,52.56529322],[13.30703328,52.56648883],[13.30385042,52.56620691],[13.30350693,52.56701053],[13.30063502,52.56672595],[13.30071298,52.56571328],[13.30049802,52.56569377],[13.30042743,52.56596476],[13.29846048,52.56569485],[13.29828999,52.56521284],[13.29754192,52.56516438],[13.29738074,52.56650327],[13.28070291,52.56403071],[13.27352055,52.56329187],[13.25735872,52.55796076],[13.25635417,52.55692781],[13.25717719,52.55356304],[13.25259152,52.55311197],[13.24992775,52.55367597],[13.24964192,52.55353379],[13.24232832,52.55716167],[13.24237473,52.55968019],[13.24160705,52.55963129],[13.2404816,52.55899065],[13.23942535,52.55894336],[13.23904109,52.55922822],[13.23737612,52.55862995],[13.23624346,52.55867699],[13.23461441,52.55929855],[13.23330982,52.56126914],[13.2317457,52.5616871],[13.23069981,52.56150343],[13.23456255,52.55925702],[13.23891243,52.55728029],[13.23894807,52.557018],[13.25059221,52.55133385],[13.25298815,52.55045259],[13.25694574,52.5496795],[13.30153046,52.54880639]]]},"properties":{"plr_id":"12200414","plr_name":"TXL","bzr_name":"West 1 - Tegel-Süd/Flughafensee","pgr_name":"Tegel","bez_id":"12","bez_name":"Reinickendorf","ew":5440,"mss_status_index":1,"mss_status_class":"hoch","mss_valid":true,"pet14h":37.15,"t2m04h":16.64,"canopy_pct":11.7,"veg_pct":66.0}},{"type":"Feature","geometry":{"type":"Polygon","coordinates":[[[13.27519839,52.58143656],[13.27552842,52.57945038],[13.27585822,52.57940866],[13.27598621,52.57970792],[13.27701518,52.57961033],[13.27747459,52.58016521],[13.27900563,52.57988722],[13.27863084,52.57873382],[13.27891255,52.57848181],[13.28347956,52.57868194],[13.28368967,52.57885734],[13.28325673,52.57994086],[13.28384138,52.57974997],[13.287558,52.57995156],[13.28688145,52.58095199],[13.28716204,52.58096246],[13.28683966,52.58145679],[13.2910026,52.58158863],[13.28760049,52.585735],[13.29028255,52.58599759],[13.29166132,52.58425822],[13.29163608,52.58383309],[13.29218722,52.58275483],[13.29310096,52.5828037],[13.29340953,52.58260842],[13.29404503,52.58287744],[13.29188615,52.58607969],[13.29156426,52.58649827],[13.29124157,52.58640885],[13.28807793,52.59075026],[13.28491464,52.59561668],[13.28118886,52.59970162],[13.28050257,52.59901009],[13.27802488,52.59774894],[13.27662078,52.59661251],[13.27506201,52.59780021],[13.27052361,52.59620081],[13.26784043,52.59614565],[13.26625774,52.59583738],[13.26296984,52.59376014],[13.26540973,52.59277876],[13.26689153,52.59150124],[13.26711454,52.59039545],[13.26665809,52.58991583],[13.26612108,52.5897758],[13.26626352,52.58948335],[13.26694289,52.58928798],[13.26967178,52.58945599],[13.27084151,52.59000021],[13.27156607,52.58966004],[13.27090942,52.58937265],[13.27179121,52.588981],[13.27243887,52.58924736],[13.272049,52.5889242],[13.27330703,52.58806451],[13.27546127,52.585054],[13.27459522,52.58430137],[13.27488214,52.58388747],[13.2740737,52.5824408],[13.27431079,52.58189545],[13.27502104,52.58175892],[13.27498202,52.581517],[13.27519839,52.58143656]]]},"properties":{"plr_id":"12200515","plr_name":"Alt-Tegel","bzr_name":"West 5 - Tegel","pgr_name":"Tegel","bez_id":"12","bez_name":"Reinickendorf","ew":11322,"mss_status_index":2,"mss_status_class":"mittel","mss_valid":true,"pet14h":33.51,"t2m04h":17.94,"canopy_pct":29.3,"veg_pct":47.5}},{"type":"Feature","geometry":{"type":"Polygon","coordinates":[[[13.2383613,52.57006744],[13.23484891,52.57136727],[13.23318684,52.57251724],[13.23311028,52.5736208],[13.23150311,52.57399925],[13.23139246,52.57445998],[13.22992772,52.5757539],[13.22905375,52.57568803],[13.22849796,52.57897219],[13.22732887,52.58135747],[13.22783013,52.58160729],[13.23210735,52.58184287],[13.23454758,52.58259182],[13.23676143,52.58259176],[13.23817862,52.58552817],[13.2340214,52.58722167],[13.23340445,52.58767189],[13.2328662,52.58885897],[13.22799833,52.59075788],[13.2284316,52.59138866],[13.2234212,52.59257508],[13.22091698,52.59487982],[13.21811466,52.59319558],[13.2188535,52.59237064],[13.21925249,52.59140002],[13.21643465,52.58571364],[13.21536166,52.58475834],[13.21520912,52.5838748],[13.21577584,52.58324035],[13.21720837,52.58240292],[13.21808357,52.581462],[13.21830922,52.58096061],[13.21795924,52.57854016],[13.2188616,52.57715782],[13.22204235,52.57493973],[13.22392093,52.57420357],[13.22507908,52.57314504],[13.22530491,52.57122189],[13.22672537,52.56932992],[13.22719686,52.56759676],[13.22739347,52.56741472],[13.22808516,52.56799301],[13.23062268,52.56839426],[13.23378996,52.56816315],[13.23543059,52.56774982],[13.23529962,52.56801417],[13.23552028,52.56817725],[13.23709764,52.56837645],[13.2383613,52.57006744]]]},"properties":{"plr_id":"12400616","plr_name":"Konradshöhe/Tegelort","bzr_name":"West 2 - Heiligensee/Konradshöhe","pgr_name":"Grüner Norden","bez_id":"12","bez_name":"Reinickendorf","ew":6113,"mss_status_index":1,"mss_status_class":"hoch","mss_valid":true,"pet14h":33.01,"t2m04h":17.43,"canopy_pct":30.6,"veg_pct":57.2}},{"type":"Feature","geometry":{"type":"Polygon","coordinates":[[[13.22057643,52.59457173],[13.22221852,52.59629614],[13.22421664,52.5966908],[13.22775624,52.59651864],[13.23080697,52.59602788],[13.23119396,52.59646645],[13.23478981,52.59632417],[13.23953055,52.59695869],[13.24030858,52.59815113],[13.24111495,52.59859086],[13.23583129,52.59928604],[13.23642792,52.60347725],[13.2296874,52.6064893],[13.23162303,52.61276309],[13.23520782,52.62034488],[13.22682556,52.62609731],[13.22463607,52.62833387],[13.22424183,52.62841384],[13.22300544,52.62819848],[13.22054376,52.62831705],[13.22069263,52.62780767],[13.21976048,52.62443764],[13.21676275,52.62016231],[13.21482357,52.61926323],[13.20963126,52.61230093],[13.20688214,52.60913589],[13.20502672,52.6081385],[13.20234478,52.60740107],[13.20162531,52.60655104],[13.20169988,52.60549171],[13.20232364,52.60424905],[13.205807,52.6014204],[13.20818332,52.59901064],[13.2112899,52.59682296],[13.21531978,52.59496683],[13.21811466,52.59319558],[13.22057643,52.59457173]]]},"properties":{"plr_id":"12400617","plr_name":"Alt-Heiligensee","bzr_name":"West 2 - Heiligensee/Konradshöhe","pgr_name":"Grüner Norden","bez_id":"12","bez_name":"Reinickendorf","ew":6704,"mss_status_index":1,"mss_status_class":"hoch","mss_valid":true,"pet14h":33.95,"t2m04h":16.75,"canopy_pct":23.3,"veg_pct":58.9}},{"type":"Feature","geometry":{"type":"Polygon","coordinates":[[[13.22682556,52.62609731],[13.24579612,52.61277621],[13.24964466,52.61044438],[13.25387069,52.60744022],[13.25559042,52.6066497],[13.25959933,52.6057247],[13.26121708,52.60786648],[13.24851872,52.61265604],[13.27360679,52.62557454],[13.27204337,52.62610846],[13.2682616,52.6260068],[13.26579788,52.62630732],[13.26343139,52.6271789],[13.26030324,52.62774287],[13.25251738,52.62731289],[13.24913276,52.62747559],[13.24641493,52.6272744],[13.24242717,52.6282957],[13.23969469,52.62782777],[13.235784,52.62779938],[13.23039576,52.62738874],[13.22592283,52.62785694],[13.22587596,52.62826593],[13.22463607,52.62833387],[13.22682556,52.62609731]]]},"properties":{"plr_id":"12400618","plr_name":"Heiligensee Nord","bzr_name":"West 2 - Heiligensee/Konradshöhe","pgr_name":"Grüner Norden","bez_id":"12","bez_name":"Reinickendorf","ew":3789,"mss_status_index":1,"mss_status_class":"hoch","mss_valid":true,"pet14h":29.75,"t2m04h":17.59,"canopy_pct":60.1,"veg_pct":82.2}},{"type":"Feature","geometry":{"type":"Polygon","coordinates":[[[13.23522017,52.62021894],[13.23162303,52.61276309],[13.2296874,52.6064893],[13.23642792,52.60347725],[13.23583129,52.59928604],[13.24111495,52.59859086],[13.24030858,52.59815113],[13.23953055,52.59695869],[13.23478981,52.59632417],[13.23119396,52.59646645],[13.23080697,52.59602788],[13.22775624,52.59651864],[13.22432697,52.5967122],[13.22221852,52.59629614],[13.22091698,52.59487982],[13.2234212,52.59257508],[13.2284316,52.59138866],[13.22799833,52.59075788],[13.2328662,52.58885897],[13.23340445,52.58767189],[13.2340214,52.58722167],[13.23817862,52.58552817],[13.23676143,52.58259176],[13.23454758,52.58259182],[13.23210735,52.58184287],[13.22783013,52.58160729],[13.22732887,52.58135747],[13.22849796,52.57897219],[13.22905375,52.57568803],[13.22992772,52.5757539],[13.23139246,52.57445998],[13.23150311,52.57399925],[13.23311028,52.5736208],[13.23318684,52.57251724],[13.23484891,52.57136727],[13.23839909,52.57003009],[13.23709764,52.56837645],[13.23552028,52.56817725],[13.23529962,52.56801417],[13.23543059,52.56774982],[13.23378996,52.56816315],[13.23107453,52.56839825],[13.22808516,52.56799301],[13.22739347,52.56741472],[13.22841498,52.56655063],[13.22871311,52.56569],[13.22793664,52.56401654],[13.22796588,52.56351282],[13.23072911,52.56139778],[13.23085713,52.56164738],[13.2317457,52.5616871],[13.23330982,52.56126914],[13.23473482,52.5592173],[13.23624346,52.55867699],[13.23737612,52.55862995],[13.23904109,52.55922822],[13.23922023,52.55970424],[13.24009033,52.56018805],[13.24069465,52.56120838],[13.24165855,52.56187821],[13.2436621,52.56228554],[13.24707643,52.56235496],[13.24790093,52.56277029],[13.24805343,52.56307847],[13.24781916,52.5637046],[13.24803899,52.56385941],[13.2492304,52.56417874],[13.24951939,52.56394386],[13.25050385,52.56402078],[13.25256309,52.56486129],[13.25396964,52.56506406],[13.25480696,52.5664803],[13.25556025,52.56674857],[13.25593218,52.56722827],[13.2559711,52.56774537],[13.25571776,52.5673155],[13.25575918,52.56802341],[13.25737675,52.57010724],[13.25772851,52.57106264],[13.25757946,52.57109459],[13.25790713,52.57126758],[13.25804933,52.57173061],[13.25808763,52.57200159],[13.2578319,52.57206617],[13.25810267,52.57214393],[13.25808393,52.57276524],[13.25874116,52.5735359],[13.25963465,52.57406281],[13.26107502,52.57431812],[13.26358001,52.57572207],[13.26376322,52.57620465],[13.26739983,52.5781791],[13.2696783,52.57867463],[13.27025064,52.57852422],[13.27085371,52.57793389],[13.27482869,52.57794119],[13.2748553,52.57827674],[13.27388943,52.57916837],[13.27362855,52.57991823],[13.27405495,52.58130139],[13.27498202,52.581517],[13.27502104,52.58175892],[13.27429962,52.58190589],[13.2740737,52.5824408],[13.27488214,52.58388747],[13.27459522,52.58430137],[13.27546127,52.585054],[13.27368543,52.58760187],[13.2728384,52.58850608],[13.272049,52.5889242],[13.27243887,52.58924736],[13.27179121,52.588981],[13.27090942,52.58937265],[13.27156607,52.58966004],[13.27084151,52.59000021],[13.26967178,52.58945599],[13.26694289,52.58928798],[13.26626352,52.58948335],[13.26612108,52.5897758],[13.26665809,52.58991583],[13.26711454,52.59039545],[13.26689153,52.59150124],[13.26540973,52.59277876],[13.26296984,52.59376014],[13.26625774,52.59583738],[13.26784043,52.59614565],[13.27052361,52.59620081],[13.27506201,52.59780021],[13.27662078,52.59661251],[13.27802488,52.59774894],[13.28080494,52.59921874],[13.28206023,52.60069653],[13.28448087,52.60153075],[13.28680729,52.60144893],[13.28794879,52.60177337],[13.28843789,52.60226952],[13.28828193,52.60244238],[13.28905914,52.60314248],[13.2884846,52.60339379],[13.28900125,52.60384257],[13.28915379,52.60432982],[13.28963784,52.60434899],[13.28134821,52.61018456],[13.29351606,52.61656259],[13.28544487,52.6221869],[13.28953765,52.62432234],[13.2883963,52.62613593],[13.27726079,52.62477031],[13.27565176,52.6248901],[13.27360679,52.62557454],[13.24851872,52.61265604],[13.26121708,52.60786648],[13.25959933,52.6057247],[13.25559042,52.6066497],[13.25387069,52.60744022],[13.24964466,52.61044438],[13.24579612,52.61277621],[13.23522017,52.62021894]]]},"properties":{"plr_id":"12400619","plr_name":"Heiligensee","bzr_name":"West 2 - Heiligensee/Konradshöhe","pgr_name":"Grüner Norden","bez_id":"12","bez_name":"Reinickendorf","ew":7726,"mss_status_index":1,"mss_status_class":"hoch","mss_valid":true,"pet14h":27.09,"t2m04h":17.83,"canopy_pct":64.0,"veg_pct":73.9}},{"type":"Feature","geometry":{"type":"Polygon","coordinates":[[[13.26423473,52.62686298],[13.26579788,52.62630732],[13.26778434,52.62602313],[13.2725806,52.6260301],[13.27565176,52.6248901],[13.27726079,52.62477031],[13.29651237,52.62699284],[13.2891568,52.63285461],[13.28636346,52.63550874],[13.28470555,52.63757649],[13.28426496,52.63845984],[13.28386693,52.63982956],[13.2838332,52.64111845],[13.27645707,52.64020588],[13.27424379,52.64027121],[13.26959884,52.63971272],[13.26215291,52.64068547],[13.26240702,52.63906385],[13.26468362,52.63597763],[13.26520188,52.63453438],[13.26423473,52.62686298]]]},"properties":{"plr_id":"12400720","plr_name":"Frohnau West","bzr_name":"Nord 1 - Frohnau/Hermsdorf","pgr_name":"Grüner Norden","bez_id":"12","bez_name":"Reinickendorf","ew":8480,"mss_status_index":1,"mss_status_class":"hoch","mss_valid":true,"pet14h":33.51,"t2m04h":17.17,"canopy_pct":39.4,"veg_pct":74.8}},{"type":"Feature","geometry":{"type":"Polygon","coordinates":[[[13.30730289,52.63968913],[13.3072692,52.64010823],[13.30823223,52.64023657],[13.30815338,52.64077184],[13.30894325,52.64145789],[13.30886659,52.64193711],[13.30917903,52.64198622],[13.30902952,52.64267342],[13.30940725,52.64272532],[13.30919852,52.64394632],[13.30842952,52.64381444],[13.30042948,52.65350529],[13.31009798,52.65739547],[13.30999728,52.65748453],[13.30967408,52.65736315],[13.30863926,52.65800092],[13.30883522,52.6582182],[13.30767142,52.65892871],[13.30711807,52.65961859],[13.30252495,52.65920425],[13.29369089,52.65936227],[13.29018964,52.65985983],[13.2877474,52.65983639],[13.28276913,52.6607387],[13.28190943,52.65275345],[13.28513247,52.6526278],[13.28460367,52.64834341],[13.28424097,52.64844745],[13.28456584,52.64794899],[13.28385007,52.64166389],[13.28395648,52.63937304],[13.28470555,52.63757649],[13.28532871,52.63672889],[13.2891568,52.63285461],[13.29651237,52.62699284],[13.30260919,52.62719013],[13.30254223,52.62755391],[13.30304888,52.62777218],[13.30640808,52.62872758],[13.30887277,52.62915238],[13.30970012,52.62947469],[13.31027377,52.63000727],[13.30968287,52.63009519],[13.3097742,52.63060796],[13.31018537,52.63061995],[13.30971636,52.6321605],[13.30619166,52.63648243],[13.30578467,52.63735471],[13.30706233,52.63754796],[13.30681104,52.63868541],[13.30626984,52.63960729],[13.30730289,52.63968913]]]},"properties":{"plr_id":"12400721","plr_name":"Frohnau Ost","bzr_name":"Nord 1 - Frohnau/Hermsdorf","pgr_name":"Grüner Norden","bez_id":"12","bez_name":"Reinickendorf","ew":7891,"mss_status_index":1,"mss_status_class":"hoch","mss_valid":true,"pet14h":29.95,"t2m04h":17.41,"canopy_pct":62.0,"veg_pct":85.4}},{"type":"Feature","geometry":{"type":"Polygon","coordinates":[[[13.30683427,52.60755332],[13.30776424,52.60792798],[13.3081323,52.60765603],[13.30842046,52.60789994],[13.30880834,52.60774585],[13.30904387,52.60796189],[13.30970793,52.60786346],[13.31040644,52.60809002],[13.310696,52.60846471],[13.31064977,52.60878784],[13.31164944,52.60974544],[13.31308515,52.61056982],[13.31486027,52.61108669],[13.31231009,52.61338455],[13.31017035,52.61483945],[13.30675468,52.61784215],[13.30583749,52.61898485],[13.29651237,52.62699284],[13.2883963,52.62613593],[13.28953765,52.62432234],[13.28544487,52.6221869],[13.29351606,52.61656259],[13.28134821,52.61018456],[13.28963784,52.60434899],[13.28915379,52.60432982],[13.28900125,52.60384257],[13.2884846,52.60339379],[13.28905914,52.60314248],[13.28828193,52.60244238],[13.28927432,52.60113394],[13.28885251,52.6007444],[13.28959483,52.60097653],[13.28936005,52.60144084],[13.28994836,52.60140453],[13.29128633,52.60187067],[13.29211269,52.60247715],[13.2909913,52.60274624],[13.29161942,52.60298407],[13.29142451,52.60350094],[13.292606,52.60335685],[13.29316051,52.60357789],[13.29325882,52.60377121],[13.2927948,52.60382556],[13.29274681,52.60409205],[13.29339325,52.60432469],[13.2933035,52.60481318],[13.29364075,52.60489242],[13.29384319,52.6045787],[13.2943179,52.60477938],[13.29488051,52.60466804],[13.29482254,52.60510724],[13.29539416,52.60502273],[13.29517009,52.60539445],[13.29530877,52.60561965],[13.29588426,52.6053218],[13.29796354,52.60619749],[13.29975089,52.60602964],[13.30029621,52.60657479],[13.30195284,52.60611248],[13.30230273,52.60567151],[13.30220695,52.60536767],[13.3029594,52.60513386],[13.30317807,52.60467465],[13.30351865,52.60509313],[13.30386424,52.60488254],[13.30544994,52.60590292],[13.30490664,52.60629743],[13.30497674,52.60654509],[13.30597538,52.60632781],[13.30588047,52.60676453],[13.30682849,52.60707273],[13.30683427,52.60755332]]]},"properties":{"plr_id":"12400722","plr_name":"Hermsdorf West","bzr_name":"Nord 1 - Frohnau/Hermsdorf","pgr_name":"Grüner Norden","bez_id":"12","bez_name":"Reinickendorf","ew":8517,"mss_status_index":1,"mss_status_class":"hoch","mss_valid":true,"pet14h":33.16,"t2m04h":17.31,"canopy_pct":42.0,"veg_pct":74.7}},{"type":"Feature","geometry":{"type":"Polygon","coordinates":[[[13.30065218,52.62358097],[13.30583749,52.61898485],[13.30675468,52.61784215],[13.31017035,52.61483945],[13.31231009,52.61338455],[13.31482811,52.61111292],[13.31555328,52.61142162],[13.3165176,52.61258772],[13.31766841,52.61264742],[13.31917218,52.61237375],[13.32113807,52.61308876],[13.32346504,52.61284848],[13.32605642,52.61304986],[13.32876353,52.61408239],[13.3291672,52.61385813],[13.3303057,52.61429419],[13.33102913,52.61489744],[13.33108302,52.61575409],[13.33138297,52.61605237],[13.33111748,52.61622089],[13.33116254,52.61727003],[13.33144706,52.61751766],[13.33019526,52.61799526],[13.32987529,52.61847685],[13.33003195,52.61934937],[13.3318558,52.61991512],[13.33366253,52.6208204],[13.33446554,52.62196735],[13.33672616,52.62262882],[13.33286377,52.62419379],[13.33255165,52.62402902],[13.32869094,52.62544039],[13.3238373,52.62638279],[13.31888568,52.62678142],[13.31298655,52.6281842],[13.30850674,52.62795188],[13.30093609,52.62702676],[13.29651237,52.62699284],[13.30065218,52.62358097]]]},"properties":{"plr_id":"12400723","plr_name":"Hermsdorf Ost/Waldsee","bzr_name":"Nord 1 - Frohnau/Hermsdorf","pgr_name":"Grüner Norden","bez_id":"12","bez_name":"Reinickendorf","ew":8090,"mss_status_index":1,"mss_status_class":"hoch","mss_valid":true,"pet14h":34.74,"t2m04h":16.94,"canopy_pct":30.2,"veg_pct":67.7}},{"type":"Feature","geometry":{"type":"Polygon","coordinates":[[[13.29815344,52.58955397],[13.30439744,52.59020828],[13.30581971,52.59138075],[13.3056824,52.59188495],[13.30641285,52.59196189],[13.30368024,52.59344118],[13.30099499,52.59431322],[13.30334351,52.59496327],[13.30650119,52.59635771],[13.30756101,52.59705018],[13.30562552,52.59893448],[13.30513107,52.59875239],[13.30087793,52.60635922],[13.30018366,52.60657503],[13.29998261,52.60608672],[13.29943635,52.60600517],[13.29792432,52.60618999],[13.29588426,52.6053218],[13.29530877,52.60561965],[13.29517009,52.60539445],[13.29539416,52.60502273],[13.29482254,52.60510724],[13.29488051,52.60466804],[13.2943179,52.60477938],[13.29384319,52.6045787],[13.29342699,52.6048878],[13.29339325,52.60432469],[13.29274681,52.60409205],[13.2927948,52.60382556],[13.29325882,52.60377121],[13.29316051,52.60357789],[13.292606,52.60335685],[13.29146908,52.60353199],[13.29161942,52.60298407],[13.2909735,52.60284675],[13.29211269,52.60247715],[13.29128633,52.60187067],[13.28994836,52.60140453],[13.28936005,52.60144084],[13.28960796,52.60101198],[13.28942838,52.60088817],[13.28885251,52.6007444],[13.28927432,52.60113394],[13.28843789,52.60226952],[13.28794879,52.60177337],[13.28715669,52.60148157],[13.28488442,52.60156679],[13.28316942,52.60112625],[13.28206023,52.60069653],[13.28118886,52.59970162],[13.28491464,52.59561668],[13.2853556,52.59468399],[13.28554845,52.59470174],[13.28799767,52.59086326],[13.2908268,52.58702256],[13.29491473,52.58729339],[13.29528123,52.58707928],[13.29815344,52.58955397]]]},"properties":{"plr_id":"12500824","plr_name":"Ziekowstraße/Freie Scholle","bzr_name":"West 3 - Borsigwalde/Freie Scholle","pgr_name":"Wittenau/Borsigwalde","bez_id":"12","bez_name":"Reinickendorf","ew":9681,"mss_status_index":2,"mss_status_class":"mittel","mss_valid":true,"pet14h":34.6,"t2m04h":17.13,"canopy_pct":31.2,"veg_pct":65.6}},{"type":"Feature","geometry":{"type":"Polygon","coordinates":[[[13.32392156,52.587746],[13.31928315,52.58779713],[13.31372113,52.58905419],[13.30680135,52.58605721],[13.30318212,52.58912595],[13.30292091,52.59005391],[13.29815344,52.58955397],[13.29528123,52.58707928],[13.29491473,52.58729339],[13.2908268,52.58702256],[13.29124157,52.58640885],[13.29156426,52.58649827],[13.29188615,52.58607969],[13.29404503,52.58287744],[13.2937585,52.5828618],[13.29553783,52.58181339],[13.30639019,52.57812491],[13.30852647,52.57767588],[13.310458,52.57761671],[13.31505077,52.57777177],[13.31564119,52.5781592],[13.32392156,52.587746]]]},"properties":{"plr_id":"12500825","plr_name":"Borsigwalde","bzr_name":"West 3 - Borsigwalde/Freie Scholle","pgr_name":"Wittenau/Borsigwalde","bez_id":"12","bez_name":"Reinickendorf","ew":7079,"mss_status_index":2,"mss_status_class":"mittel","mss_valid":true,"pet14h":38.41,"t2m04h":18.48,"canopy_pct":13.7,"veg_pct":29.1}},{"type":"Feature","geometry":{"type":"Polygon","coordinates":[[[13.33781141,52.58780831],[13.34747531,52.5901313],[13.3371034,52.59591762],[13.333107,52.59573239],[13.32747751,52.59340532],[13.32633689,52.59225617],[13.32645757,52.59202304],[13.32527462,52.59048899],[13.32515256,52.58920443],[13.32392156,52.587746],[13.33312436,52.58757167],[13.33781141,52.58780831]]]},"properties":{"plr_id":"12500926","plr_name":"Wittenau Mitte","bzr_name":"Nord 2 - Waidmannslust/Wittenau/Lübars","pgr_name":"Wittenau/Borsigwalde","bez_id":"12","bez_name":"Reinickendorf","ew":5181,"mss_status_index":2,"mss_status_class":"mittel","mss_valid":true,"pet14h":36.36,"t2m04h":17.8,"canopy_pct":25.6,"veg_pct":51.6}},{"type":"Feature","geometry":{"type":"Polygon","coordinates":[[[13.3327063,52.59564731],[13.3371034,52.59591762],[13.33292724,52.59827222],[13.33252762,52.59822253],[13.32799991,52.60087109],[13.32263273,52.60547825],[13.32233662,52.60509583],[13.31838583,52.60404058],[13.31751001,52.60321469],[13.31603373,52.6030578],[13.31550135,52.60253668],[13.31267849,52.60155288],[13.31253241,52.60113589],[13.31398843,52.60040735],[13.31446541,52.5999153],[13.31497088,52.5987944],[13.31419553,52.59811807],[13.31039678,52.59798724],[13.30935438,52.59823482],[13.30650119,52.59635771],[13.30334351,52.59496327],[13.30099499,52.59431322],[13.30368024,52.59344118],[13.30641285,52.59196189],[13.3056824,52.59188495],[13.30581971,52.59138075],[13.30439744,52.59020828],[13.30292091,52.59005391],[13.30318212,52.58912595],[13.30680135,52.58605721],[13.31372113,52.58905419],[13.3193299,52.58779117],[13.32397039,52.58779037],[13.32515256,52.58920443],[13.32527462,52.59048899],[13.32645757,52.59202304],[13.32633689,52.59225617],[13.32747751,52.59340532],[13.32779692,52.59337814],[13.3327063,52.59564731]]]},"properties":{"plr_id":"12500927","plr_name":"Wittenau Nord","bzr_name":"Nord 2 - Waidmannslust/Wittenau/Lübars","pgr_name":"Wittenau/Borsigwalde","bez_id":"12","bez_name":"Reinickendorf","ew":6874,"mss_status_index":2,"mss_status_class":"mittel","mss_valid":true,"pet14h":34.85,"t2m04h":17.16,"canopy_pct":29.8,"veg_pct":61.9}},{"type":"Feature","geometry":{"type":"Polygon","coordinates":[[[13.31428883,52.60009262],[13.31253241,52.60113589],[13.31267849,52.60155288],[13.31550135,52.60253668],[13.31603373,52.6030578],[13.31751001,52.60321469],[13.31838583,52.60404058],[13.32233662,52.60509583],[13.32270346,52.60550298],[13.32071665,52.60714847],[13.32034596,52.60721616],[13.33644092,52.6112818],[13.33102079,52.61488979],[13.33025455,52.61426838],[13.3291672,52.61385813],[13.32876353,52.61408239],[13.32635934,52.61309255],[13.32346504,52.61284848],[13.32113807,52.61308876],[13.31917218,52.61237375],[13.31758185,52.6126542],[13.31642256,52.61256257],[13.31537192,52.61130729],[13.31308515,52.61056982],[13.31145936,52.60961095],[13.31064977,52.60878784],[13.310696,52.60846471],[13.31040644,52.60809002],[13.30970793,52.60786346],[13.30904387,52.60796189],[13.30880834,52.60774585],[13.30842046,52.60789994],[13.3081323,52.60765603],[13.30770863,52.60792962],[13.30742542,52.60760252],[13.30691726,52.60760956],[13.30682849,52.60707273],[13.3058465,52.60673159],[13.30597538,52.60632781],[13.3049149,52.60649648],[13.30543847,52.60589251],[13.30386424,52.60488254],[13.30351865,52.60509313],[13.30324028,52.60468666],[13.3029594,52.60513386],[13.30220695,52.60536767],[13.30230273,52.60567151],[13.30195284,52.60611248],[13.30087793,52.60635922],[13.30513107,52.59875239],[13.30562552,52.59893448],[13.30755122,52.59705969],[13.30935438,52.59823482],[13.31039678,52.59798724],[13.31419553,52.59811807],[13.31497088,52.5987944],[13.31428883,52.60009262]]]},"properties":{"plr_id":"12500928","plr_name":"Waidmannslust","bzr_name":"Nord 2 - Waidmannslust/Wittenau/Lübars","pgr_name":"Wittenau/Borsigwalde","bez_id":"12","bez_name":"Reinickendorf","ew":5158,"mss_status_index":2,"mss_status_class":"mittel","mss_valid":true,"pet14h":32.18,"t2m04h":17.46,"canopy_pct":46.2,"veg_pct":71.0}},{"type":"Feature","geometry":{"type":"Polygon","coordinates":[[[13.34034537,52.60824626],[13.34417261,52.60572479],[13.35226464,52.60730206],[13.3725968,52.606446],[13.37544314,52.60652738],[13.37621177,52.60773849],[13.37628425,52.61112867],[13.37522781,52.61422602],[13.37155426,52.61969527],[13.36790766,52.62407218],[13.36711051,52.62540042],[13.36590813,52.62547622],[13.36583247,52.62528383],[13.36526853,52.62545522],[13.36459855,52.6252059],[13.36480935,52.62484618],[13.36421874,52.62485854],[13.36407079,52.62465728],[13.36368589,52.62508714],[13.36252175,52.62477587],[13.36189716,52.6242769],[13.36097845,52.62425948],[13.36086162,52.62402081],[13.3604712,52.62404203],[13.3605444,52.6238294],[13.35968141,52.62405086],[13.35917515,52.62328506],[13.35848761,52.62338173],[13.35837562,52.62312536],[13.3580357,52.62331763],[13.35763907,52.62297838],[13.35711957,52.62319719],[13.35587575,52.62320073],[13.35469239,52.62362335],[13.35434695,52.62337022],[13.35305437,52.62340058],[13.35246319,52.62305854],[13.35258851,52.62285303],[13.35208169,52.62305221],[13.3514843,52.62272907],[13.3510717,52.62386183],[13.34669199,52.6236083],[13.34397618,52.62373958],[13.34357079,52.62341568],[13.34285851,52.62347355],[13.34220166,52.62320454],[13.33928429,52.62316964],[13.33872747,52.62334505],[13.33839057,52.62292905],[13.33705946,52.62280333],[13.33663635,52.62245417],[13.33446554,52.62196735],[13.33366253,52.6208204],[13.3318558,52.61991512],[13.33003195,52.61934937],[13.32987529,52.61847685],[13.33019526,52.61799526],[13.33144706,52.61751766],[13.33116254,52.61727003],[13.33111748,52.61622089],[13.33138297,52.61605237],[13.33108302,52.61575409],[13.33102079,52.61488979],[13.33654486,52.61109389],[13.33704005,52.61122891],[13.33999863,52.60853937],[13.33937433,52.6082724],[13.34034537,52.60824626]]]},"properties":{"plr_id":"12500929","plr_name":"Lübars","bzr_name":"Nord 2 - Waidmannslust/Wittenau/Lübars","pgr_name":"Wittenau/Borsigwalde","bez_id":"12","bez_name":"Reinickendorf","ew":5104,"mss_status_index":1,"mss_status_class":"hoch","mss_valid":true,"pet14h":36.27,"t2m04h":15.84,"canopy_pct":19.0,"veg_pct":81.8}},{"type":"Feature","geometry":{"type":"Polygon","coordinates":[[[13.31492108,52.57765009],[13.32479086,52.57869179],[13.3268981,52.57811797],[13.33652455,52.57846124],[13.33972893,52.57913512],[13.34563264,52.58088627],[13.33995359,52.58829105],[13.33781141,52.58780831],[13.33312436,52.58757167],[13.32392156,52.587746],[13.31564119,52.5781592],[13.31492108,52.57765009]]]},"properties":{"plr_id":"12500930","plr_name":"Wittenau Süd","bzr_name":"Nord 2 - Waidmannslust/Wittenau/Lübars","pgr_name":"Wittenau/Borsigwalde","bez_id":"12","bez_name":"Reinickendorf","ew":9873,"mss_status_index":2,"mss_status_class":"mittel","mss_valid":true,"pet14h":34.67,"t2m04h":17.65,"canopy_pct":32.9,"veg_pct":56.8}},{"type":"Feature","geometry":{"type":"Polygon","coordinates":[[[13.33631931,52.59635885],[13.33661042,52.5965457],[13.33627353,52.59697672],[13.33825242,52.59860681],[13.33905524,52.59902413],[13.33914909,52.59889228],[13.34249354,52.60080449],[13.34753394,52.60254456],[13.3485501,52.60315937],[13.3491764,52.60393555],[13.34935052,52.60470738],[13.34849596,52.60662423],[13.34417261,52.60572479],[13.34034537,52.60824626],[13.33937433,52.6082724],[13.33756656,52.60722764],[13.33672216,52.6060293],[13.33444596,52.6052954],[13.3328327,52.60523086],[13.32978908,52.60590492],[13.32861554,52.60538398],[13.32914858,52.60498067],[13.32857785,52.60465291],[13.32566303,52.60596112],[13.32406501,52.60597148],[13.32263273,52.60547825],[13.32799991,52.60087109],[13.33252762,52.59822253],[13.33292724,52.59827222],[13.33631931,52.59635885]]]},"properties":{"plr_id":"12601031","plr_name":"Lübarser Straße","bzr_name":"Rollbergesiedlung","pgr_name":"Märkisches Viertel","bez_id":"12","bez_name":"Reinickendorf","ew":3333,"mss_status_index":2,"mss_status_class":"mittel","mss_valid":true,"pet14h":37.53,"t2m04h":17.47,"canopy_pct":17.5,"veg_pct":47.6}},{"type":"Feature","geometry":{"type":"Polygon","coordinates":[[[13.32048487,52.6072456],[13.32270346,52.60550298],[13.32406501,52.60597148],[13.32566303,52.60596112],[13.32857785,52.60465291],[13.32914858,52.60498067],[13.32861554,52.60538398],[13.32978908,52.60590492],[13.33289261,52.60522866],[13.33444596,52.6052954],[13.33658213,52.60595339],[13.33705231,52.60630555],[13.33756656,52.60722764],[13.33882892,52.60808694],[13.33999863,52.60853937],[13.33704005,52.61122891],[13.33654486,52.61109389],[13.33644092,52.6112818],[13.32048487,52.6072456]]]},"properties":{"plr_id":"12601032","plr_name":"Rollbergesiedlung","bzr_name":"Rollbergesiedlung","pgr_name":"Märkisches Viertel","bez_id":"12","bez_name":"Reinickendorf","ew":6250,"mss_status_index":4,"mss_status_class":"sehr niedrig","mss_valid":true,"pet14h":35.85,"t2m04h":17.66,"canopy_pct":23.4,"veg_pct":42.5}},{"type":"Feature","geometry":{"type":"Polygon","coordinates":[[[13.36222027,52.60323808],[13.35597871,52.60045804],[13.35559271,52.6000284],[13.35599836,52.5968945],[13.36702885,52.59737787],[13.36750162,52.59758694],[13.36816988,52.59743797],[13.37085634,52.59983204],[13.37544314,52.60652738],[13.3725968,52.606446],[13.36364221,52.60688296],[13.36472012,52.60578802],[13.3623876,52.60534828],[13.36186575,52.60445848],[13.36242768,52.60383893],[13.36222027,52.60323808]]]},"properties":{"plr_id":"12601133","plr_name":"Treuenbrietzener Straße","bzr_name":"MV Nord","pgr_name":"Märkisches Viertel","bez_id":"12","bez_name":"Reinickendorf","ew":11448,"mss_status_index":4,"mss_status_class":"sehr niedrig","mss_valid":true,"pet14h":34.13,"t2m04h":17.28,"canopy_pct":26.2,"veg_pct":49.6}},{"type":"Feature","geometry":{"type":"Polygon","coordinates":[[[13.3371034,52.59591762],[13.33945725,52.59600846],[13.33924089,52.59791086],[13.34466344,52.59823494],[13.3477939,52.59640304],[13.35599836,52.5968945],[13.3555702,52.59985139],[13.35575297,52.60028624],[13.36204736,52.60311064],[13.36244234,52.60377332],[13.36186575,52.60445848],[13.3623876,52.60534828],[13.36472012,52.60578802],[13.36364221,52.60688296],[13.35226464,52.60730206],[13.34849596,52.60662423],[13.34934886,52.60476623],[13.3491764,52.60393555],[13.34863308,52.60323026],[13.34753394,52.60254456],[13.34249354,52.60080449],[13.33914909,52.59889228],[13.33905524,52.59902413],[13.33825242,52.59860681],[13.33627353,52.59697672],[13.33661042,52.5965457],[13.33631931,52.59635885],[13.3371034,52.59591762]]]},"properties":{"plr_id":"12601134","plr_name":"Märkisches Zentrum","bzr_name":"MV Nord","pgr_name":"Märkisches Viertel","bez_id":"12","bez_name":"Reinickendorf","ew":16006,"mss_status_index":4,"mss_status_class":"sehr niedrig","mss_valid":true,"pet14h":33.33,"t2m04h":17.54,"canopy_pct":30.0,"veg_pct":47.2}},{"type":"Feature","geometry":{"type":"Polygon","coordinates":[[[13.36816988,52.59743797],[13.36750162,52.59758694],[13.36702885,52.59737787],[13.34770729,52.59644616],[13.34770772,52.59486922],[13.34917757,52.5947244],[13.35792417,52.59518192],[13.35808954,52.59401786],[13.36068517,52.59415753],[13.3607739,52.59378459],[13.36029189,52.59313704],[13.3593246,52.59274961],[13.34854789,52.59211317],[13.3487174,52.59191582],[13.34781241,52.59151085],[13.34627404,52.59134525],[13.34604466,52.59094541],[13.34755712,52.59008323],[13.35175633,52.59079391],[13.3606494,52.59126993],[13.36816988,52.59743797]]]},"properties":{"plr_id":"12601235","plr_name":"Dannenwalder Weg","bzr_name":"MV Süd","pgr_name":"Märkisches Viertel","bez_id":"12","bez_name":"Reinickendorf","ew":10610,"mss_status_index":4,"mss_status_class":"sehr niedrig","mss_valid":true,"pet14h":33.72,"t2m04h":17.65,"canopy_pct":37.1,"veg_pct":54.2}},{"type":"Feature","geometry":{"type":"Polygon","coordinates":[[[13.3371034,52.59591762],[13.34604466,52.59094541],[13.34627404,52.59134525],[13.34781241,52.59151085],[13.3487174,52.59191582],[13.34854789,52.59211317],[13.3593246,52.59274961],[13.3603461,52.59317724],[13.36078471,52.59385494],[13.36068517,52.59415753],[13.35808954,52.59401786],[13.35792417,52.59518192],[13.34917757,52.5947244],[13.34770772,52.59486922],[13.34764807,52.59654729],[13.34466344,52.59823494],[13.33924089,52.59791086],[13.33945725,52.59600846],[13.3371034,52.59591762]]]},"properties":{"plr_id":"12601236","plr_name":"Schorfheidestraße","bzr_name":"MV Süd","pgr_name":"Märkisches Viertel","bez_id":"12","bez_name":"Reinickendorf","ew":3190,"mss_status_index":2,"mss_status_class":"mittel","mss_valid":true,"pet14h":39.34,"t2m04h":17.7,"canopy_pct":15.8,"veg_pct":46.1}}]}